# N phi dphidN H a aH eps_H eta_H
0.0000000000000000e+00 6.2000000000000002e+00 -9.9776126970706532e-03 3.8425901807311798e-06 1.0000000000000000e+00 3.8425901807311798e-06 4.9776377566372758e-05 4.9776377566372758e-05
4.0020010005002500e-02 6.1996006943408242e+00 -9.9777239810951261e-03 3.8425825260452186e-06 1.0408316010295584e+00 3.9994813226718498e-06 4.9777487921460384e-05 -4.9671065899425015e-04
8.0040020010005000e-02 6.1992013800305878e+00 -9.9780409355217335e-03 3.8425748710428237e-06 1.0833304217017536e+00 4.1627782554673841e-06 4.9780650455473718e-05 -9.8155336543021996e-04
1.2006003001500751e-01 6.1988020493114204e+00 -9.9785403806090106e-03 3.8425672154265341e-06 1.1275645372638630e+00 4.3327425241677105e-06 4.9785634063722308e-05 -1.4117113666706944e-03
1.6008004002001000e-01 6.1984026952998583e+00 -9.9792017640820511e-03 3.8425595589323896e-06 1.1736048025844994e+00 4.5096463525800283e-06 4.9792233924129159e-05 -1.7933617978172231e-03
2.0010005002501249e-01 6.1980033118868318e+00 -9.9800068606076126e-03 3.8425519013260816e-06 1.2215249656500033e+00 4.6937730792756967e-06 4.9800268468887506e-05 -2.1319873338286419e-03
2.4012006003001501e-01 6.1976038936500464e+00 -9.9809395085388442e-03 3.8425442423995863e-06 1.2714017856950692e+00 4.8854176113991409e-06 4.9809576736555815e-05 -2.4324536101918322e-03
2.8014007003501751e-01 6.1972044357779881e+00 -9.9819853815614531e-03 3.8425365819682549e-06 1.3233151561568384e+00 5.0848868970056849e-06 4.9820016078853276e-05 -2.6990765926709673e-03
3.2016008004002000e-01 6.1968049339999869e+00 -9.9831317785617820e-03 3.8425289198681321e-06 1.3773482326494020e+00 5.2925004166845877e-06 4.9831460054065066e-05 -2.9356848250080315e-03
3.6018009004502249e-01 6.1964053845212810e+00 -9.9843674285108198e-03 3.8425212559534658e-06 1.4335875661637096e+00 5.5085906952546502e-06 4.9843796473753877e-05 -3.1456774276126505e-03
4.0020010005002499e-01 6.1960057839743765e+00 -9.9856823443096304e-03 3.8425135900948470e-06 1.4921232417062418e+00 5.7335038343526117e-06 4.9856925940728536e-05 -3.3320675554588401e-03
4.4022011005502748e-01 6.1956061293679854e+00 -9.9870676693611937e-03 3.8425059221772511e-06 1.5530490225985223e+00 5.9676000667664135e-06 4.9870760316199812e-05 -3.4975282102554352e-03
4.8024012006003003e-01 6.1952064180443402e+00 -9.9885155493270924e-03 3.8424982520984143e-06 1.6164625006686109e+00 6.2112543334017693e-06 4.9885221439574550e-05 -3.6444305834710832e-03
5.2026013006503247e-01 6.1948066476419745e+00 -9.9900190202705259e-03 3.8424905797673965e-06 1.6824652525751536e+00 6.4648568838060011e-06 4.9900240012683441e-05 -3.7748775554011368e-03
5.6028014007003502e-01 6.1944068160627346e+00 -9.9915719095551997e-03 3.8424829051033306e-06 1.7511630025143974e+00 6.7288139012109927e-06 4.9915754611906272e-05 -3.8907334180846888e-03
6.0030015007503745e-01 6.1940069214406375e+00 -9.9931687422610601e-03 3.8424752280342265e-06 1.8226657915707887e+00 7.0035481530961497e-06 4.9931710755651749e-05 -3.9936519852573765e-03
6.4032016008004000e-01 6.1936069621156769e+00 -9.9948046624786166e-03 3.8424675484959696e-06 1.8970881539824314e+00 7.2894996683136177e-06 4.9948060120552149e-05 -4.0851002554886358e-03
6.8034017008504255e-01 6.1932069366116949e+00 -9.9964753668238572e-03 3.8424598664314785e-06 1.9745493006037433e+00 7.5871264418602291e-06 4.9964759879758086e-05 -4.1663784218635910e-03
7.2036018009004499e-01 6.1928068436145640e+00 -9.9981770388832738e-03 3.8424521817898660e-06 2.0551733098591889e+00 7.8969051684247403e-06 4.9981772050426351e-05 -4.2386396173942674e-03
7.6038019009504754e-01 6.1924066819537762e+00 -9.9999062938765319e-03 3.8424444945257378e-06 2.1390893264939561e+00 8.2193320058854698e-06 4.9999062943155740e-05 -4.3029065955096169e-03
8.0040020010004997e-01 6.1920064505866037e+00 -1.0001660131091755e-02 3.8424368045985880e-06 2.2264317684399439e+00 8.5549233699811619e-06 5.0016602688935166e-05 -4.3600860761947901e-03
8.4042021010505252e-01 6.1916061485839968e+00 -1.0003435891484842e-02 3.8424291119722601e-06 2.3173405421284179e+00 8.9042167614278121e-06 5.0034364817523571e-05 -4.4109815439636489e-03
8.8044022011005496e-01 6.1912057751169334e+00 -1.0005231216683621e-02 3.8424214166144229e-06 2.4119612665942256e+00 9.2677716268061024e-06 5.0052325849650201e-05 -4.4563056209274178e-03
9.2046023011505751e-01 6.1908053294445162e+00 -1.0007044013210635e-02 3.8424137184961155e-06 2.5104455067305493e+00 9.6461702545983957e-06 5.0070464941167408e-05 -4.4966908715728905e-03
9.6048024012006006e-01 6.1904048109056342e+00 -1.0008872427430251e-02 3.8424060175914331e-06 2.6129510160678189e+00 1.0040018707810637e-05 5.0088763634286764e-05 -4.5326973765290463e-03
1.0005002501250626e+00 6.1900042189089186e+00 -1.0010714815379122e-02 3.8423983138771365e-06 2.7196419894656789e+00 1.0449947794672386e-05 5.0107205557425526e-05 -4.5648218471458493e-03
1.0405202601300649e+00 6.1896035529248072e+00 -1.0012569718903904e-02 3.8423906073323539e-06 2.8306893261227755e+00 1.0876614078970103e-05 5.0125776187955704e-05 -4.5935048359909787e-03
1.0805402701350675e+00 6.1892028124786211e+00 -1.0014435844875488e-02 3.8423828979383134e-06 2.9462709033256500e+00 1.1320700931631743e-05 5.0144462645563508e-05 -4.6191370216946510e-03
1.1205602801400700e+00 6.1888019971446635e+00 -1.0016312047445939e-02 3.8423751856781167e-06 3.0665718613752397e+00 1.1782919625246974e-05 5.0163253515905331e-05 -4.6420645745727943e-03
1.1605802901450726e+00 6.1884011065407645e+00 -1.0018197311661084e-02 3.8423674705365333e-06 3.1917849001473835e+00 1.2264010473276004e-05 5.0182138687686682e-05 -4.6625941119266129e-03
1.2006003001500749e+00 6.1880001403227176e+00 -1.0020090736743816e-02 3.8423597524997854e-06 3.3221105877623698e+00 1.2764744015771535e-05 5.0201109186289610e-05 -4.6809977497661156e-03
1.2406203101550775e+00 6.1875990981797715e+00 -1.0021991522553945e-02 3.8423520315553783e-06 3.4577576818579545e+00 1.3285922253513127e-05 5.0220157039071576e-05 -4.6975171951108095e-03
1.2806403201600800e+00 6.1871979798319927e+00 -1.0023898961649191e-02 3.8423443076919932e-06 3.5989434639804694e+00 1.3828379932530661e-05 5.0239275196675863e-05 -4.7123661538740497e-03
1.3206603301650826e+00 6.1867967850260053e+00 -1.0025812426496679e-02 3.8423365808993319e-06 3.7458940876296567e+00 1.4392985881073958e-05 5.0258457405647611e-05 -4.7257341934539392e-03
1.3606803401700851e+00 6.1863955135319975e+00 -1.0027731360473914e-02 3.8423288511679973e-06 3.8988449405147323e+00 1.4980644401170131e-05 5.0277698118916008e-05 -4.7377894631629022e-03
1.4007003501750874e+00 6.1859941651410315e+00 -1.0029655269788123e-02 3.8423211184893896e-06 4.0580410216019409e+00 1.5592296716997393e-05 5.0296992415394330e-05 -4.7486811370223902e-03
1.4407203601800900e+00 6.1855927396628410e+00 -1.0031583716852911e-02 3.8423133828556279e-06 4.2237373335575734e+00 1.6228922482395211e-05 5.0316335934114230e-05 -4.7585414186911562e-03
1.4807403701850925e+00 6.1851912369238677e+00 -1.0033516314394243e-02 3.8423056442594667e-06 4.3961992912150469e+00 1.6891541349925043e-05 5.0335724815607712e-05 -4.7674873225916200e-03
1.5207603801900951e+00 6.1847896567653011e+00 -1.0035452719557728e-02 3.8422979026942314e-06 4.5757031467203673e+00 1.7581214603995063e-05 5.0355155643239299e-05 -4.7756224554205539e-03
1.5607803901950974e+00 6.1843879990408812e+00 -1.0037392627308486e-02 3.8422901581537218e-06 4.7625364320369465e+00 1.8299046860664101e-05 5.0374625377373370e-05 -4.7830390073312174e-03
1.6008004002000999e+00 6.1839862636156546e+00 -1.0039335766689878e-02 3.8422824106321745e-06 4.9569984195186159e+00 1.9046187836847866e-05 5.0394131318169323e-05 -4.7898188836166264e-03
1.6408204102051025e+00 6.1835844503653163e+00 -1.0041281898850968e-02 3.8422746601242314e-06 5.1594006012885520e+00 1.9823834191760725e-05 5.0413671086096056e-05 -4.7960343051616670e-03
1.6808404202101050e+00 6.1831825591744884e+00 -1.0043230811868012e-02 3.8422669066248787e-06 5.3700671881920297e+00 2.0633231443542351e-05 5.0433242570227505e-05 -4.8017493690384102e-03
1.7208604302151076e+00 6.1827805899357333e+00 -1.0045182317783083e-02 3.8422591501294036e-06 5.5893356291222087e+00 2.1475675964139094e-05 5.0452843898750953e-05 -4.8070209445065550e-03
1.7608804402201099e+00 6.1823785425485989e+00 -1.0047136249741167e-02 3.8422513906333626e-06 5.8175571515508215e+00 2.2352517055635207e-05 5.0472473410431503e-05 -4.8118995358034369e-03
1.8009004502251125e+00 6.1819764169189018e+00 -1.0049092459824724e-02 3.8422436281325519e-06 6.0550973241295987e+00 2.3265159111359415e-05 5.0492129633053062e-05 -4.8164299365712777e-03
1.8409204602301150e+00 6.1815742129581279e+00 -1.0051050817261788e-02 3.8422358626229835e-06 6.3023366422636045e+00 2.4215063865228137e-05 5.0511811265589434e-05 -4.8206517735526790e-03
1.8809404702351176e+00 6.1811719305828543e+00 -1.0053011206683615e-02 3.8422280941008654e-06 6.5596711375944787e+00 2.5203752732928088e-05 5.0531517160853178e-05 -4.8246000315632035e-03
1.9209604802401201e+00 6.1807695697140765e+00 -1.0054973526107940e-02 3.8422203225625731e-06 6.8275130123698462e+00 2.6232809248687835e-05 5.0551246305365769e-05 -4.8283056618254223e-03
1.9609804902451224e+00 6.1803671302763403e+00 -1.0056937684323863e-02 3.8422125480046176e-06 7.1062912997150480e+00 2.7303881601541199e-05 5.0570997793186716e-05 -4.8317963685737039e-03
2.0010005002501252e+00 6.1799646121973790e+00 -1.0058903599804433e-02 3.8422047704236329e-06 7.3964525508648364e+00 2.8418685275144923e-05 5.0590770815079288e-05 -4.8350969379434864e-03
2.0410205102551275e+00 6.1795620154084565e+00 -1.0060871201751538e-02 3.8421969898163858e-06 7.6984615504558072e+00 2.9579005795378489e-05 5.0610564669116720e-05 -4.8382289263919197e-03
2.0810405202601299e+00 6.1791593398434168e+00 -1.0062840427210566e-02 3.8421892061797440e-06 8.0128020610254129e+00 3.0786701590126645e-05 5.0630378731751657e-05 -4.8412115300291315e-03
2.1210605302651326e+00 6.1787565854385020e+00 -1.0064811220554576e-02 3.8421814195106625e-06 8.3399775979100266e+00 3.2043706965825072e-05 5.0650212452700646e-05 -4.8440617373277459e-03
2.1610805402701350e+00 6.1783537521319589e+00 -1.0066783532282225e-02 3.8421736298061782e-06 8.6805122357833433e+00 3.3352035205536628e-05 5.0670065342914288e-05 -4.8467946933567919e-03
2.2011005502751373e+00 6.1779508398638026e+00 -1.0068757318312438e-02 3.8421658370633876e-06 9.0349514481270461e+00 3.4713781793520117e-05 5.0689936967535143e-05 -4.8494239120765023e-03
2.2411205602801401e+00 6.1775478485756858e+00 -1.0070732539596004e-02 3.8421580412794565e-06 9.4038629809784027e+00 3.6131127771456369e-05 5.0709826942038891e-05 -4.8519613917795143e-03
2.2811405702851424e+00 6.1771447782108142e+00 -1.0072709161860125e-02 3.8421502424516049e-06 9.7878377623543429e+00 3.7606343231706714e-05 5.0729734929710454e-05 -4.8544176961635025e-03
2.3211605802901452e+00 6.1767416287138461e+00 -1.0074687155301963e-02 3.8421424405771079e-06 1.0187490848808844e+01 3.9141790953199363e-05 5.0749660638603181e-05 -4.8568020449467984e-03
2.3611805902951475e+00 6.1763384000307111e+00 -1.0076666494047211e-02 3.8421346356532924e-06 1.0603462410639681e+01 4.0739930185766470e-05 5.0769603816126854e-05 -4.8591224773140542e-03
2.4012006003001498e+00 6.1759350921082881e+00 -1.0078647155189741e-02 3.8421268276775180e-06 1.1036418757322839e+01 4.2403320588993449e-05 5.0789564239407128e-05 -4.8613861403677275e-03
2.4412206103051526e+00 6.1755317048938920e+00 -1.0080629117228349e-02 3.8421190166471564e-06 1.1487053404816981e+01 4.4134626331888793e-05 5.0809541699556001e-05 -4.8635997564355242e-03
2.4812406203101549e+00 6.1751282383353674e+00 -1.0082612360377356e-02 3.8421112025596065e-06 1.1956088186447696e+01 4.5936620359941262e-05 5.0829536004817121e-05 -4.8657695313179357e-03
2.5212606303151577e+00 6.1747246923820063e+00 -1.0084596869300062e-02 3.8421033854123161e-06 1.2444274409150948e+01 4.7812188836398709e-05 5.0849547008148305e-05 -4.8679003373232983e-03
2.5612806403201600e+00 6.1743210669834525e+00 -1.0086582629832381e-02 3.8420955652027491e-06 1.2952394056927739e+01 4.9764335764880512e-05 5.0869574574218157e-05 -4.8699966942319407e-03
2.6013006503251623e+00 6.1739173620900143e+00 -1.0088569629908320e-02 3.8420877419283908e-06 1.3481261043437833e+01 5.1796187800729242e-05 5.0889618588754249e-05 -4.8720624922386803e-03
2.6413206603301651e+00 6.1735135776523791e+00 -1.0090557858719059e-02 3.8420799155867424e-06 1.4031722515738817e+01 5.3910999258806387e-05 5.0909678950078488e-05 -4.8741012441193624e-03
2.6813406703351674e+00 6.1731097136214954e+00 -1.0092547306344658e-02 3.8420720861753127e-06 1.4604660211258933e+01 5.6112157325753195e-05 5.0929755565402412e-05 -4.8761161947388229e-03
2.7213606803401702e+00 6.1727057699485668e+00 -1.0094537963743081e-02 3.8420642536916226e-06 1.5200991870177328e+01 5.8403187485065277e-05 5.0949848350725155e-05 -4.8781103252696564e-03
2.7613806903451725e+00 6.1723017465851173e+00 -1.0096529822945208e-02 3.8420564181331986e-06 1.5821672705473965e+01 6.0787759163669095e-05 5.0969957232811001e-05 -4.8800862951529755e-03
2.8014007003501749e+00 6.1718976434830743e+00 -1.0098522877304610e-02 3.8420485794975844e-06 1.6467696933004127e+01 6.3269691609045241e-05 5.0990082151722285e-05 -4.8820463669490425e-03
2.8414207103551776e+00 6.1714934605948226e+00 -1.0100517121650766e-02 3.8420407377823447e-06 1.7140099364048240e+01 6.5852960006310590e-05 5.1010223062380132e-05 -4.8839923629507218e-03
2.8814407203601800e+00 6.1710891978731652e+00 -1.0102512552194510e-02 3.8420328929850537e-06 1.7839957062888040e+01 6.8541701845056878e-05 5.1030379933623812e-05 -4.8859256920279568e-03
2.9214607303651827e+00 6.1706848552711682e+00 -1.0104509166034375e-02 3.8420250451032956e-06 1.8568391072064340e+01 7.1340223546143624e-05 5.1050552743236348e-05 -4.8878474983056822e-03
2.9614807403701850e+00 6.1702804327418050e+00 -1.0106506960112617e-02 3.8420171941346513e-06 1.9326568208079681e+01 7.4253007359058250e-05 5.1070741467402387e-05 -4.8897589715845204e-03
3.0015007503751874e+00 6.1698759302373825e+00 -1.0108505929469599e-02 3.8420093400766753e-06 2.0115702930422533e+01 7.7284718540891121e-05 5.1090946063061022e-05 -4.8916618674490365e-03
3.0415207603801901e+00 6.1694713477100791e+00 -1.0110506068876113e-02 3.8420014829269148e-06 2.0937059286906671e+01 8.0440212828424164e-05 5.1111166484390360e-05 -4.8935580205022164e-03
3.0815407703851925e+00 6.1690666851137346e+00 -1.0112507378203748e-02 3.8419936226829802e-06 2.1791952938441849e+01 8.3724544215301214e-05 5.1131402737112616e-05 -4.8954477461445661e-03
3.1215607803901948e+00 6.1686619424015987e+00 -1.0114509855659185e-02 3.8419857593424600e-06 2.2681753266479213e+01 8.7142973046732463e-05 5.1151654810113391e-05 -4.8973318556710171e-03
3.1615807903951976e+00 6.1682571195269791e+00 -1.0116513499741400e-02 3.8419778929029419e-06 2.3607885566506980e+01 9.0700974444702265e-05 5.1171922695224996e-05 -4.8992110718072543e-03
3.2016008004001999e+00 6.1678522164431993e+00 -1.0118518309099035e-02 3.8419700233620109e-06 2.4571833331110057e+01 9.4404247077172347e-05 5.1192206385786195e-05 -4.9010860737495714e-03
3.2416208104052027e+00 6.1674472331035952e+00 -1.0120524282539326e-02 3.8419621507172590e-06 2.5575140626250754e+01 9.8258722285326689e-05 5.1212505876734068e-05 -4.9029574929845979e-03
3.2816408204102050e+00 6.1670421694615589e+00 -1.0122531419136457e-02 3.8419542749662712e-06 2.6619414564576669e+01 1.0227057358347475e-04 5.1232821165702365e-05 -4.9048258808472118e-03
3.3216608304152073e+00 6.1666370254705649e+00 -1.0124539718338203e-02 3.8419463961066395e-06 2.7706327879717872e+01 1.0644622654683099e-04 5.1253152254103915e-05 -4.9066916779662781e-03
3.3616808404202101e+00 6.1662318010841810e+00 -1.0126549179969691e-02 3.8419385141359566e-06 2.8837621605696647e+01 1.1079236910300514e-04 5.1273499147172408e-05 -4.9085552129138213e-03
3.4017008504252124e+00 6.1658264962559919e+00 -1.0128559804033117e-02 3.8419306290518160e-06 3.0015107865741822e+01 1.1531596224368759e-04 5.1293861851937682e-05 -4.9104167614829443e-03
3.4417208604302152e+00 6.1654211109394383e+00 -1.0130571590202279e-02 3.8419227408518029e-06 3.1240672774974957e+01 1.2002425117368609e-04 5.1314240372106765e-05 -4.9122766966822736e-03
3.4817408704352175e+00 6.1650156450878333e+00 -1.0132584537877033e-02 3.8419148495334973e-06 3.2516279461617714e+01 1.2492477691517016e-04 5.1334634708612362e-05 -4.9141354736921949e-03
3.5217608804402198e+00 6.1646100986547827e+00 -1.0134598647452706e-02 3.8419069550944903e-06 3.3843971211560103e+01 1.3002538838571045e-04 5.1355044872475106e-05 -4.9159932510488722e-03
3.5617808904452226e+00 6.1642044715938002e+00 -1.0136613919162193e-02 3.8418990575323652e-06 3.5225874741326393e+01 1.3533425496945503e-04 5.1375470873076359e-05 -4.9178502368012493e-03
3.6018009004502249e+00 6.1637987638583907e+00 -1.0138630353318381e-02 3.8418911568447105e-06 3.6664203604681425e+01 1.4085987960157952e-04 5.1395912720614398e-05 -4.9197066142683717e-03
3.6418209104552277e+00 6.1633929754020089e+00 -1.0140647950197713e-02 3.8418832530291055e-06 3.8161261738334282e+01 1.4661111238696684e-04 5.1416370424924543e-05 -4.9215625786541983e-03
3.6818409204602300e+00 6.1629871061780719e+00 -1.0142666710082439e-02 3.8418753460831284e-06 3.9719447152418489e+01 1.5259716477492832e-04 5.1436843995907261e-05 -4.9234183233027896e-03
3.7218609304652324e+00 6.1625811561400035e+00 -1.0144686633376601e-02 3.8418674360043585e-06 4.1341255771660663e+01 1.5882762431267033e-04 5.1457333444704938e-05 -4.9252740050738731e-03
3.7618809404702351e+00 6.1621751252412587e+00 -1.0146707720700213e-02 3.8418595227903715e-06 4.3029285433390044e+01 1.6531247000113456e-04 5.1477838784658655e-05 -4.9271297173678948e-03
3.8019009504752375e+00 6.1617690134353209e+00 -1.0148729972866075e-02 3.8418516064387483e-06 4.4786240048793204e+01 1.7206208827780757e-04 5.1498360031075117e-05 -4.9289854965153144e-03
3.8419209604802402e+00 6.1613628206756212e+00 -1.0150753390643674e-02 3.8418436869470647e-06 4.6614933934079573e+01 1.7908728965209810e-04 5.1518897198832024e-05 -4.9308413920899456e-03
3.8819409704852426e+00 6.1609565469153802e+00 -1.0152777974284502e-02 3.8418357643128829e-06 4.8518296318495118e+01 1.8639932601992461e-04 5.1539450297558256e-05 -4.9326976076583331e-03
3.9219609804902449e+00 6.1605501921078965e+00 -1.0154803724388834e-02 3.8418278385337745e-06 5.0499376036405792e+01 1.9400990868524915e-04 5.1560019340430666e-05 -4.9345542428953513e-03
3.9619809904952477e+00 6.1601437562065131e+00 -1.0156830641803116e-02 3.8418199096073069e-06 5.2561346410965967e+01 2.0193122711741562e-04 5.1580604343135354e-05 -4.9364113253577918e-03
4.0020010005002504e+00 6.1597372391645200e+00 -1.0158858727322993e-02 3.8418119775310455e-06 5.4707510337194954e+01 2.1017596847433905e-04 5.1601205320853272e-05 -4.9382688977052400e-03
4.0420210105052528e+00 6.1593306409351518e+00 -1.0160887981700166e-02 3.8418040423025528e-06 5.6941305572603724e+01 2.1875733792281387e-04 5.1621822288329434e-05 -4.9401270159224126e-03
4.0820410205102551e+00 6.1589239614715883e+00 -1.0162918405627471e-02 3.8417961039193850e-06 5.9266310243846434e+01 2.2768907978848677e-04 5.1642455259720809e-05 -4.9419857539714932e-03
4.1220610305152574e+00 6.1585172007269797e+00 -1.0164949999826884e-02 3.8417881623791017e-06 6.1686248578217189e+01 2.3698549956936948e-04 5.1663104249490283e-05 -4.9438451762893352e-03
4.1620810405202597e+00 6.1581103586544828e+00 -1.0166982765150108e-02 3.8417802176792594e-06 6.4204996869173101e+01 2.4666148684814802e-04 5.1683769273429665e-05 -4.9457053104828633e-03
4.2021010505252629e+00 6.1577034352072646e+00 -1.0169016702601393e-02 3.8417722698174117e-06 6.6826589685439274e+01 2.5673253913998685e-04 5.1704450348893057e-05 -4.9475661390728344e-03
4.2421210605302653e+00 6.1572964303384596e+00 -1.0171051813192254e-02 3.8417643187911124e-06 6.9555226333641116e+01 2.6721478671402243e-04 5.1725147493320715e-05 -4.9494276418571284e-03
4.2821410705352676e+00 6.1568893440010362e+00 -1.0173088097555997e-02 3.8417563645979061e-06 7.2395277584816967e+01 2.7812501842830272e-04 5.1745860720317739e-05 -4.9512899116774733e-03
4.3221610805402699e+00 6.1564821761479509e+00 -1.0175125556405047e-02 3.8417484072353379e-06 7.5351292675584318e+01 2.8948070861954981e-04 5.1766590044303563e-05 -4.9531530178626134e-03
4.3621810905452723e+00 6.1560749267322192e+00 -1.0177164190738488e-02 3.8417404467009498e-06 7.8428006595175248e+01 3.0130004509081358e-04 5.1787335482624893e-05 -4.9550169454885152e-03
4.4022011005502746e+00 6.1556675957067961e+00 -1.0179204001494335e-02 3.8417324829922888e-06 8.1630347670012995e+01 3.1360195824184280e-04 5.1808097052019141e-05 -4.9568816977602877e-03
4.4422211105552778e+00 6.1552601830245859e+00 -1.0181244989564920e-02 3.8417245161068892e-06 8.4963445457979176e+01 3.2640615138882910e-04 5.1828874768770400e-05 -4.9587472917369734e-03
4.4822411205602801e+00 6.1548526886384289e+00 -1.0183287155773732e-02 3.8417165460422869e-06 8.8432638965015997e+01 3.3973313232208579e-04 5.1849668648473129e-05 -4.9606137652152263e-03
4.5222611305652824e+00 6.1544451125011319e+00 -1.0185330500956144e-02 3.8417085727960155e-06 9.2043485197226488e+01 3.5360424615220814e-04 5.1870478706853769e-05 -4.9624811522978231e-03
4.5622811405702848e+00 6.1540374545655006e+00 -1.0187375026055615e-02 3.8417005963656040e-06 9.5801768062169685e+01 3.6804170949731658e-04 5.1891304960750813e-05 -4.9643494563119854e-03
4.6023011505752871e+00 6.1536297147843442e+00 -1.0189420732146973e-02 3.8416926167485860e-06 9.9713507633610462e+01 3.8306864606614511e-04 5.1912147428353271e-05 -4.9662186412421606e-03
4.6423211605802903e+00 6.1532218931104321e+00 -1.0191467620298350e-02 3.8416846339424873e-06 1.0378496979456393e+02 3.9870912369396145e-04 5.1933006127794858e-05 -4.9680886736990356e-03
4.6823411705852926e+00 6.1528139894963747e+00 -1.0193515691215547e-02 3.8416766479448310e-06 1.0802267627408033e+02 4.1498819289063855e-04 5.1953881073528781e-05 -4.9699596274904541e-03
4.7223611805902950e+00 6.1524060038947850e+00 -1.0195564945727825e-02 3.8416686587531339e-06 1.1243341509384868e+02 4.3193192696262003e-04 5.1974772281277015e-05 -4.9718315407692951e-03
4.7623811905952973e+00 6.1519979362583053e+00 -1.0197615384865773e-02 3.8416606663649147e-06 1.1702425144135142e+02 4.4956746377303744e-04 5.1995679768825552e-05 -4.9737043918249013e-03
4.8024012006002996e+00 6.1515897865395219e+00 -1.0199667009617294e-02 3.8416526707776961e-06 1.2180253898698737e+02 4.6792304920686452e-04 5.2016603553537692e-05 -4.9755781721432411e-03
4.8424212106053028e+00 6.1511815546909681e+00 -1.0201719820914522e-02 3.8416446719889835e-06 1.2677593166329136e+02 4.8702808241072275e-04 5.2037543652220115e-05 -4.9774528901969902e-03
4.8824412206103052e+00 6.1507732406651137e+00 -1.0203773819624283e-02 3.8416366699962909e-06 1.3195239592511740e+02 5.0691316287980015e-04 5.2058500081024959e-05 -4.9793285734234041e-03
4.9224612306153075e+00 6.1503648444143977e+00 -1.0205829006631500e-02 3.8416286647971245e-06 1.3734022351042609e+02 5.2761013946729684e-04 5.2079472856300462e-05 -4.9812052448765486e-03
4.9624812406203098e+00 6.1499563658912546e+00 -1.0207885382928845e-02 3.8416206563889899e-06 1.4294804472211416e+02 5.4915216139489085e-04 5.2100461995506182e-05 -4.9830828957966823e-03
5.0025012506253121e+00 6.1495478050481216e+00 -1.0209942949625841e-02 3.8416126447693942e-06 1.4878484225216295e+02 5.7157373134592883e-04 5.2121467517307207e-05 -4.9849614833900975e-03
5.0425212606303154e+00 6.1491391618373807e+00 -1.0212001707790781e-02 3.8416046299358363e-06 1.5485996557024916e+02 5.9491076072637331e-04 5.2142489439960914e-05 -4.9868409773129807e-03
5.0825412706353177e+00 6.1487304362112507e+00 -1.0214061658119916e-02 3.8415966118858130e-06 1.6118314589986468e+02 6.1920062718201681e-04 5.2163527777937688e-05 -4.9887214569667975e-03
5.1225612806403200e+00 6.1483216281219937e+00 -1.0216122801548573e-02 3.8415885906168163e-06 1.6776451180593702e+02 6.4448223446408783e-04 5.2184582548160339e-05 -4.9906029319876592e-03
5.1625812906453223e+00 6.1479127375218630e+00 -1.0218185139108726e-02 3.8415805661263432e-06 1.7461460541891563e+02 6.7079607473912600e-04 5.2205653768551203e-05 -4.9924853835837928e-03
5.2026013006503247e+00 6.1475037643630657e+00 -1.0220248671807781e-02 3.8415725384118824e-06 1.8174439932131452e+02 6.9818429344292504e-04 5.2226741456794356e-05 -4.9943688003107880e-03
5.2426213106553279e+00 6.1470947085977468e+00 -1.0222313400586660e-02 3.8415645074709197e-06 1.8916531412375932e+02 7.2669075678242123e-04 5.2247845629906800e-05 -4.9962531915751160e-03
5.2826413206603302e+00 6.1466855701779934e+00 -1.0224379326330288e-02 3.8415564733009404e-06 1.9688923675869168e+02 7.5636112199363350e-04 5.2268966304345095e-05 -4.9981385821324074e-03
5.3226613306653325e+00 6.1462763490558672e+00 -1.0226446449956260e-02 3.8415484358994228e-06 2.0492853952103681e+02 7.8724291046819200e-04 5.2290103496911497e-05 -5.0000249885096158e-03
5.3626813406703349e+00 6.1458670451834259e+00 -1.0228514772495775e-02 3.8415403952638538e-06 2.1329609988632981e+02 8.1938558386556988e-04 5.2311257225582151e-05 -5.0019123936699689e-03
5.4027013506753372e+00 6.1454576585127230e+00 -1.0230584295080924e-02 3.8415323513917059e-06 2.2200532113804923e+02 8.5284062333292098e-04 5.2332427509378226e-05 -5.0038007509890809e-03
5.4427213606803404e+00 6.1450481889957400e+00 -1.0232655018752437e-02 3.8415243042804556e-06 2.3107015383719718e+02 8.8766161195941672e-04 5.2353614366399719e-05 -5.0056900419112047e-03
5.4827413706853427e+00 6.1446386365842995e+00 -1.0234726944188309e-02 3.8415162539275730e-06 2.4050511816851625e+02 9.2390432059712678e-04 5.2374817811047076e-05 -5.0075803540755937e-03
5.5227613806903451e+00 6.1442290012303014e+00 -1.0236800072418454e-02 3.8415082003305255e-06 2.5032532719913985e+02 9.6162679718591769e-04 5.2396037861333234e-05 -5.0094716721019346e-03
5.5627813906953474e+00 6.1438192828856080e+00 -1.0238874404471066e-02 3.8415001434867786e-06 2.6054651108692872e+02 1.0008894597254162e-03 5.2417274535266363e-05 -5.0113639813973475e-03
5.6028014007003497e+00 6.1434094815020366e+00 -1.0240949941361760e-02 3.8414920833938006e-06 2.7118504227727357e+02 1.0417551930429596e-03 5.2438527850738720e-05 -5.0132572715905722e-03
5.6428214107053529e+00 6.1429995970313369e+00 -1.0243026684028572e-02 3.8414840200490471e-06 2.8225796172872327e+02 1.0842894495125060e-03 5.2459797824860681e-05 -5.0151515553628493e-03
5.6828414207103553e+00 6.1425896294252080e+00 -1.0245104633365172e-02 3.8414759534499785e-06 2.9378300620944680e+02 1.1285603538858356e-03 5.2481084474300264e-05 -5.0170468586606450e-03
5.7228614307153576e+00 6.1421795786353250e+00 -1.0247183790318458e-02 3.8414678835940488e-06 3.0577863670825514e+02 1.1746388124039345e-03 5.2502387816282682e-05 -5.0189431921607427e-03
5.7628814407203599e+00 6.1417694446133648e+00 -1.0249264155960806e-02 3.8414598104787109e-06 3.1826406800568884e+02 1.2225986263633170e-03 5.2523707869331488e-05 -5.0208405298372344e-03
5.8029014507253622e+00 6.1413592273109945e+00 -1.0251345731447365e-02 3.8414517341014195e-06 3.3125929945254126e+02 1.2725166103191860e-03 5.2545044652832050e-05 -5.0227388217739350e-03
5.8429214607303654e+00 6.1409489266797834e+00 -1.0253428517768689e-02 3.8414436544596208e-06 3.4478514700511869e+02 1.3244727151147408e-03 5.2566398184496109e-05 -5.0246380668688313e-03
5.8829414707353678e+00 6.1405385426711598e+00 -1.0255512515600475e-02 3.8414355715507550e-06 3.5886327656854922e+02 1.3785501559336816e-03 5.2587768478818995e-05 -5.0265383565545607e-03
5.9229614807403701e+00 6.1401280752366532e+00 -1.0257597726047405e-02 3.8414274853722674e-06 3.7351623870155623e+02 1.4348355455810267e-03 5.2609155554706442e-05 -5.0284396565166891e-03
5.9629814907453724e+00 6.1397175243277271e+00 -1.0259684150138544e-02 3.8414193959215968e-06 3.8876750473827940e+02 1.4934190332056678e-03 5.2630559430302026e-05 -5.0303419556640859e-03
6.0030015007503748e+00 6.1393068898958019e+00 -1.0261771788888586e-02 3.8414113031961815e-06 4.0464150438500968e+02 1.5543944486868834e-03 5.2651980123614825e-05 -5.0322452465349551e-03
6.0430215107553771e+00 6.1388961718922319e+00 -1.0263860643231921e-02 3.8414032071934535e-06 4.2116366485205862e+02 1.6178594529160468e-03 5.2673417651842590e-05 -5.0341495458024153e-03
6.0830415207603803e+00 6.1384853702683202e+00 -1.0265950714076332e-02 3.8413951079108428e-06 4.3836045158344479e+02 1.6839156942142326e-03 5.2694872031922177e-05 -5.0360548789515963e-03
6.1230615307653826e+00 6.1380744849753563e+00 -1.0268042002402559e-02 3.8413870053457787e-06 4.5625941064963695e+02 1.7526689711362387e-03 5.2716343281551576e-05 -5.0379612490839259e-03
6.1630815407703849e+00 6.1376635159646309e+00 -1.0270134509319991e-02 3.8413788994956887e-06 4.7488921287126425e+02 1.8242294019217909e-03 5.2737831419762688e-05 -5.0398686232880647e-03
6.2031015507753873e+00 6.1372524631874139e+00 -1.0272228235988744e-02 3.8413707903579988e-06 4.9427969974446466e+02 1.8987116008653087e-03 5.2759336466122211e-05 -5.0417769530870021e-03
6.2431215607803896e+00 6.1368413265948485e+00 -1.0274323183318352e-02 3.8413626779301271e-06 5.1446193124144042e+02 1.9762348618867246e-03 5.2780858437636479e-05 -5.0436862642909081e-03
6.2831415707853928e+00 6.1364301061379898e+00 -1.0276419352065608e-02 3.8413545622094885e-06 5.3546823556278741e+02 2.0569233495973784e-03 5.2802397349754262e-05 -5.0455966276277920e-03
6.3231615807903951e+00 6.1360188017679720e+00 -1.0278516743352012e-02 3.8413464431934996e-06 5.5733226092128859e+02 2.1409062981669834e-03 5.2823953221683822e-05 -5.0475080071493662e-03
6.3631815907953975e+00 6.1356074134358636e+00 -1.0280615358217823e-02 3.8413383208795760e-06 5.8008902944012823e+02 2.2283182183102049e-03 5.2845526071812089e-05 -5.0494203912882256e-03
6.4032016008003998e+00 6.1351959410926806e+00 -1.0282715197672206e-02 3.8413301952651233e-06 6.0377499325185113e+02 2.3192991127243320e-03 5.2867115918219482e-05 -5.0513337777738808e-03
6.4432216108054021e+00 6.1347843846893744e+00 -1.0284816262648509e-02 3.8413220663475497e-06 6.2842809288793489e+02 2.4139947003231320e-03 5.2888722778219626e-05 -5.0532481867504864e-03
6.4832416208104053e+00 6.1343727441768543e+00 -1.0286918554074174e-02 3.8413139341242579e-06 6.5408781805250180e+02 2.5125566496260075e-03 5.2910346669077755e-05 -5.0551636404309085e-03
6.5232616308154077e+00 6.1339610195060192e+00 -1.0289022072966810e-02 3.8413057985926504e-06 6.8079527087751569e+02 2.6151428216762552e-03 5.2931987608999117e-05 -5.0570801353669132e-03
6.5632816408204100e+00 6.1335492106277689e+00 -1.0291126820467907e-02 3.8412976597501248e-06 7.0859323176079647e+02 2.7219175228775255e-03 5.2953645617476939e-05 -5.0589976315311442e-03
6.6033016508254123e+00 6.1331373174929649e+00 -1.0293232797725781e-02 3.8412895175940834e-06 7.3752622789229849e+02 2.8330517681533912e-03 5.2975320714088852e-05 -5.0609160878769821e-03
6.6433216608304146e+00 6.1327253400523176e+00 -1.0295340005561242e-02 3.8412813721219123e-06 7.6764060457843186e+02 2.9487235548515331e-03 5.2997012915054884e-05 -5.0628355588498179e-03
6.6833416708354179e+00 6.1323132782565217e+00 -1.0297448444864778e-02 3.8412732233310043e-06 7.9898459947866786e+02 3.0691181478312538e-03 5.3018722237324017e-05 -5.0647560792836822e-03
6.7233616808404202e+00 6.1319011320562993e+00 -1.0299558116734733e-02 3.8412650712187446e-06 8.3160841987334220e+02 3.1944283761908814e-03 5.3040448699998164e-05 -5.0666776232737645e-03
6.7633816908454225e+00 6.1314889014023191e+00 -1.0301669022229102e-02 3.8412569157825226e-06 8.6556432308643173e+02 3.3248549421103736e-03 5.3062192321777347e-05 -5.0686001772244213e-03
6.8034017008504248e+00 6.1310765862451904e+00 -1.0303781162348778e-02 3.8412487570197167e-06 9.0090670019211655e+02 3.4606067423037022e-03 5.3083953120786770e-05 -5.0705237447386114e-03
6.8434217108554272e+00 6.1306641865354585e+00 -1.0305894538026182e-02 3.8412405949277063e-06 9.3769216313921675e+02 3.6019012025959329e-03 5.3105731114458946e-05 -5.0724483492238801e-03
6.8834417208604304e+00 6.1302517022236325e+00 -1.0308009150211177e-02 3.8412324295038689e-06 9.7597963543306150e+02 3.7489646261608389e-03 5.3127526320418673e-05 -5.0743740094205290e-03
6.9234617308654327e+00 6.1298391332602193e+00 -1.0310124999963109e-02 3.8412242607455771e-06 1.0158304465200379e+03 3.9020325559767821e-03 5.3149338757432149e-05 -5.0763007130116616e-03
6.9634817408704350e+00 6.1294264795957210e+00 -1.0312242088457772e-02 3.8412160886502033e-06 1.0573084300260221e+03 4.0613501520814438e-03 5.3171168445479952e-05 -5.0782284136819808e-03
7.0035017508754374e+00 6.1290137411805832e+00 -1.0314360416818108e-02 3.8412079132151201e-06 1.1004800260060331e+03 4.2271725842295558e-03 5.3193015404012102e-05 -5.0801570799675969e-03
7.0435217608804397e+00 6.1286009179650831e+00 -1.0316479985785894e-02 3.8411997344376872e-06 1.1454143873689090e+03 4.3997654405825599e-03 5.3214879648560456e-05 -5.0820867934449369e-03
7.0835417708854429e+00 6.1281880098995494e+00 -1.0318600796378983e-02 3.8411915523152670e-06 1.1921834906474733e+03 4.5794051530848017e-03 5.3236761197516487e-05 -5.0840175548885688e-03
7.1235617808904452e+00 6.1277750169342911e+00 -1.0320722849683229e-02 3.8411833668452192e-06 1.2408622512916170e+03 4.7663794402074714e-03 5.3258660069986757e-05 -5.0859493451166074e-03
7.1635817908954476e+00 6.1273619390195684e+00 -1.0322846146763300e-02 3.8411751780249046e-06 1.2915286436689955e+03 4.9609877677695173e-03 5.3280576284872949e-05 -5.0878821519037051e-03
7.2036018009004499e+00 6.1269487761055785e+00 -1.0324970688610923e-02 3.8411669858516753e-06 1.3442638259655344e+03 5.1635418285734726e-03 5.3302509860337359e-05 -5.0898159842893672e-03
7.2436218109054522e+00 6.1265355281424574e+00 -1.0327096476164616e-02 3.8411587903228809e-06 1.3991522701858264e+03 5.3743660416245018e-03 5.3324460814005809e-05 -5.0917508679905596e-03
7.2836418209104554e+00 6.1261221950803151e+00 -1.0329223510404693e-02 3.8411505914358694e-06 1.4562818974616559e+03 5.5937980717321902e-03 5.3346429163948520e-05 -5.0936868155377485e-03
7.3236618309154577e+00 6.1257087768692591e+00 -1.0331351792432863e-02 3.8411423891879895e-06 1.5157442188853781e+03 5.8221893703272647e-03 5.3368414929502867e-05 -5.0956238057623844e-03
7.3636818409204601e+00 6.1252952734593888e+00 -1.0333481323445616e-02 3.8411341835765867e-06 1.5776344820937652e+03 6.0599057383595063e-03 5.3390418130999682e-05 -5.0975617892035745e-03
7.4037018509254624e+00 6.1248816848007195e+00 -1.0335612104510694e-02 3.8411259745989962e-06 1.6420518238370914e+03 6.3073279121783074e-03 5.3412438787453992e-05 -5.0995007545783953e-03
7.4437218609304647e+00 6.1244680108431062e+00 -1.0337744136345098e-02 3.8411177622525600e-06 1.7090994287778658e+03 6.5648521733343646e-03 5.3434476914268728e-05 -5.1014407929954129e-03
7.4837418709354679e+00 6.1240542515364993e+00 -1.0339877420073381e-02 3.8411095465346058e-06 1.7788846947735710e+03 6.8328909832790618e-03 5.3456532531071680e-05 -5.1033818780903953e-03
7.5237618809404703e+00 6.1236404068307912e+00 -1.0342011956772356e-02 3.8411013274424703e-06 1.8515194049081529e+03 7.1118736439781984e-03 5.3478605657011182e-05 -5.1053239960327660e-03
7.5637818909454726e+00 6.1232264766758302e+00 -1.0344147747504888e-02 3.8410931049734822e-06 1.9271199065478474e+03 7.4022469854980785e-03 5.3500696311105217e-05 -5.1072671388592674e-03
7.6038019009504749e+00 6.1228124610213932e+00 -1.0346284793254959e-02 3.8410848791249647e-06 2.0058072977081285e+03 7.7044760816651989e-03 5.3522804511569404e-05 -5.1092113213746090e-03
7.6438219109554773e+00 6.1223983598172067e+00 -1.0348423094973816e-02 3.8410766498942430e-06 2.0877076210303230e+03 8.0190449949458335e-03 5.3544930276293723e-05 -5.1111565677147766e-03
7.6838419209604805e+00 6.1219841730129785e+00 -1.0350562653678440e-02 3.8410684172786337e-06 2.1729520656786030e+03 8.3464575517384499e-03 5.3567073623861440e-05 -5.1131028844589596e-03
7.7238619309654828e+00 6.1215699005584137e+00 -1.0352703470512412e-02 3.8410601812754583e-06 2.2616771774807462e+03 8.6872381493207623e-03 5.3589234574179869e-05 -5.1150502405067693e-03
7.7638819409704851e+00 6.1211555424031978e+00 -1.0354845546679207e-02 3.8410519418820336e-06 2.3540250776492971e+03 9.0419325957438370e-03 5.3611413147791103e-05 -5.1169985879241783e-03
7.8039019509754874e+00 6.1207410984968993e+00 -1.0356988883158010e-02 3.8410436990956685e-06 2.4501436904334478e+03 9.4111089840184028e-03 5.3633609362929297e-05 -5.1189479448517008e-03
7.8439219609804898e+00 6.1203265687889772e+00 -1.0359133480730819e-02 3.8410354529136695e-06 2.5501869800663158e+03 9.7953586019935649e-03 5.3655823235799111e-05 -5.1208983867146174e-03
7.8839419709854921e+00 6.1199119532289794e+00 -1.0361279340564493e-02 3.8410272033333446e-06 2.6543151973871572e+03 1.0195296879385187e-02 5.3678054786604280e-05 -5.1228498775171463e-03
7.9239619809904953e+00 6.1194972517663828e+00 -1.0363426463742173e-02 3.8410189503519969e-06 2.7626951365335649e+03 1.0611564373470720e-02 5.3700304034695807e-05 -5.1248024055876307e-03
7.9639819909954976e+00 6.1190824643506136e+00 -1.0365574851319826e-02 3.8410106939669286e-06 2.8755004021148043e+03 1.1044827795029166e-02 5.3722570999157020e-05 -5.1267559680845121e-03
8.0040020010005009e+00 6.1186675909310280e+00 -1.0367724504274476e-02 3.8410024341754327e-06 2.9929116872942927e+03 1.1495781076169481e-02 5.3744855698266719e-05 -5.1287105849055006e-03
8.0440220110055023e+00 6.1182526314569392e+00 -1.0369875423574199e-02 3.8409941709748053e-06 3.1151170632265921e+03 1.1965146481757494e-02 5.3767158150224086e-05 -5.1306662792075866e-03
8.0840420210105055e+00 6.1178375858776466e+00 -1.0372027610278084e-02 3.8409859043623377e-06 3.2423122803126321e+03 1.2453675766221729e-02 5.3789478374185448e-05 -5.1326230476101773e-03
8.1240620310155069e+00 6.1174224541424511e+00 -1.0374181065573584e-02 3.8409776343353193e-06 3.3747010817555915e+03 1.2962151377590434e-02 5.3811816390652736e-05 -5.1345808506628168e-03
8.1640820410205102e+00 6.1170072362006156e+00 -1.0376335790658669e-02 3.8409693608910380e-06 3.5124955299198573e+03 1.3491387710688902e-02 5.3834172220252036e-05 -5.1365396452366548e-03
8.2041020510255134e+00 6.1165919320012474e+00 -1.0378491786397728e-02 3.8409610840267764e-06 3.6559163460156542e+03 1.4042232411503498e-02 5.3856545880162552e-05 -5.1384994856963143e-03
8.2441220610305148e+00 6.1161765414934353e+00 -1.0380649053718417e-02 3.8409528037398106e-06 3.8051932636536021e+03 1.4615567734802144e-02 5.3878937388232535e-05 -5.1404604088249204e-03
8.2841420710355180e+00 6.1157610646262954e+00 -1.0382807593766063e-02 3.8409445200274190e-06 3.9605653968354718e+03 1.5212311957185426e-02 5.3901346764583117e-05 -5.1424223880445407e-03
8.3241620810405195e+00 6.1153455013488891e+00 -1.0384967407642783e-02 3.8409362328868775e-06 4.1222816229705277e+03 1.5833420847831223e-02 5.3923774028901431e-05 -5.1443854097373955e-03
8.3641820910455227e+00 6.1149298516102144e+00 -1.0387128496393141e-02 3.8409279423154561e-06 4.2906009815311436e+03 1.6479889199289093e-02 5.3946219200291214e-05 -5.1463494776460804e-03
8.4042021010505259e+00 6.1145141153592055e+00 -1.0389290860993300e-02 3.8409196483104241e-06 4.4657930889860581e+03 1.7152752420775453e-02 5.3968682297159454e-05 -5.1483146150538102e-03
8.4442221110555273e+00 6.1140982925447585e+00 -1.0391454502438245e-02 3.8409113508690421e-06 4.6481385706760911e+03 1.7853088196522003e-02 5.3991163338122038e-05 -5.1502808408992228e-03
8.4842421210605306e+00 6.1136823831157647e+00 -1.0393619421834133e-02 3.8409030499885784e-06 4.8379295103240420e+03 1.8582018211833362e-02 5.4013662342963854e-05 -5.1522481415447741e-03
8.5242621310655320e+00 6.1132663870211124e+00 -1.0395785620402791e-02 3.8408947456662895e-06 5.0354699178987148e+03 1.9340709949617837e-02 5.4036179332686724e-05 -5.1542164702892829e-03
8.5642821410705352e+00 6.1128503042096236e+00 -1.0397953099305385e-02 3.8408864378994369e-06 5.2410762165827009e+03 2.0130378560269786e-02 5.4058714327677226e-05 -5.1561857991864104e-03
8.6043021510755366e+00 6.1124341346299547e+00 -1.0400121859320380e-02 3.8408781266852687e-06 5.4550777496237079e+03 2.0952288807897200e-02 5.4081267344356803e-05 -5.1581562105928068e-03
8.6443221610805399e+00 6.1120178782308159e+00 -1.0402291901525376e-02 3.8408698120210370e-06 5.6778173078815680e+03 2.1807757096012868e-02 5.4103838402270217e-05 -5.1601277007167047e-03
8.6843421710855431e+00 6.1116015349608901e+00 -1.0404463227047628e-02 3.8408614939039907e-06 5.9096516789157131e+03 2.2698153575932432e-02 5.4126427521493172e-05 -5.1621002515334575e-03
8.7243621810905445e+00 6.1111851047688130e+00 -1.0406635836994508e-02 3.8408531723313736e-06 6.1509522184928528e+03 2.3624904341256973e-02 5.4149034721909185e-05 -5.1640738519670741e-03
8.7643821910955477e+00 6.1107685876031521e+00 -1.0408809732398753e-02 3.8408448473004276e-06 6.4021054454302339e+03 2.4589493711954721e-02 5.4171660022639496e-05 -5.1660485120130677e-03
8.8044022011005492e+00 6.1103519834124125e+00 -1.0410984914243708e-02 3.8408365188083924e-06 6.6635136607271970e+03 2.5593466611699613e-02 5.4194303442305039e-05 -5.1680242565994815e-03
8.8444222111055524e+00 6.1099352921450771e+00 -1.0413161383560018e-02 3.8408281868525007e-06 6.9355955919770267e+03 2.6638431042275319e-02 5.4216965000032794e-05 -5.1700010973465228e-03
8.8844422211105556e+00 6.1095185137496220e+00 -1.0415339141501783e-02 3.8408198514299851e-06 7.2187870640910014e+03 2.7726060659006697e-02 5.4239644716249551e-05 -5.1719790106717614e-03
8.9244622311155570e+00 6.1091016481745131e+00 -1.0417518189310254e-02 3.8408115125380836e-06 7.5135416974092941e+03 2.8858097451344551e-02 5.4262342612304992e-05 -5.1739579477923011e-03
8.9644822411205602e+00 6.1086846953681180e+00 -1.0419698528073092e-02 3.8408031701740178e-06 7.8203316343168663e+03 3.0036354532896378e-02 5.4285058707964278e-05 -5.1759379047215557e-03
9.0045022511255617e+00 6.1082676552786568e+00 -1.0421880158558770e-02 3.8407948243350121e-06 8.1396482955281181e+03 3.1262719045371701e-02 5.4307793019680488e-05 -5.1779189703619272e-03
9.0445222611305649e+00 6.1078505278544455e+00 -1.0424063081954817e-02 3.8407864750182865e-06 8.4720031672520527e+03 3.2539155181093772e-02 5.4330545568286677e-05 -5.1799011125805575e-03
9.0845422711355681e+00 6.1074333130437335e+00 -1.0426247299379698e-02 3.8407781222210610e-06 8.8179286204984492e+03 3.3867707328917383e-02 5.4353316373911220e-05 -5.1818843196947293e-03
9.1245622811405696e+00 6.1070160107947222e+00 -1.0428432811935950e-02 3.8407697659405488e-06 9.1779787638377566e+03 3.5250503348592470e-02 5.4376105456531178e-05 -5.1838685851454489e-03
9.1645822911455728e+00 6.1065986210555421e+00 -1.0430619620645756e-02 3.8407614061739633e-06 9.5527303309805447e+03 3.6689757978817510e-02 5.4398912835300102e-05 -5.1858539253756084e-03
9.2046023011505742e+00 6.1061811437742728e+00 -1.0432807726506661e-02 3.8407530429185109e-06 9.9427836045980930e+03 3.8187776384440410e-02 5.4421738529128545e-05 -5.1878403646050302e-03
9.2446223111555774e+00 6.1057635788989746e+00 -1.0434997130592366e-02 3.8407446761713999e-06 1.0348763377864283e+04 3.9746957848489799e-02 5.4444582557735459e-05 -5.1898279056977366e-03
9.2846423211605806e+00 6.1053459263777068e+00 -1.0437187834105816e-02 3.8407363059298323e-06 1.0771319955258550e+04 4.1369799614948008e-02 5.4467444942203231e-05 -5.1918165140702639e-03
9.3246623311655821e+00 6.1049281861585012e+00 -1.0439379838291876e-02 3.8407279321910132e-06 1.1211130194233376e+04 4.3058900888422187e-02 5.4490325704067451e-05 -5.1938061436950312e-03
9.3646823411705853e+00 6.1045103581892519e+00 -1.0441573144119089e-02 3.8407195549521327e-06 1.1668898589414755e+04 4.4816966997118610e-02 5.4513224861994501e-05 -5.1957968283974296e-03
9.4047023511755867e+00 6.1040924424177820e+00 -1.0443767752473970e-02 3.8407111742103899e-06 1.2145358401072102e+04 4.6646813725787654e-02 5.4536142433807601e-05 -5.1977886263342016e-03
9.4447223611805899e+00 6.1036744387919750e+00 -1.0445963664553890e-02 3.8407027899629708e-06 1.2641272829665682e+04 4.8551371825580086e-02 5.4559078440590067e-05 -5.1997815058745242e-03
9.4847423711855932e+00 6.1032563472596486e+00 -1.0448160881492169e-02 3.8406944022070692e-06 1.3157436238352397e+04 5.0533691708036489e-02 5.4582032902771606e-05 -5.2017754548463789e-03
9.5247623811905946e+00 6.1028381677685646e+00 -1.0450359404379562e-02 3.8406860109398646e-06 1.3694675425408639e+04 5.2596948330728900e-02 5.4605005840352178e-05 -5.2037704733633155e-03
9.5647823911955978e+00 6.1024199002664119e+00 -1.0452559234233060e-02 3.8406776161585422e-06 1.4253850948608231e+04 5.4744446282379837e-02 5.4627997272575410e-05 -5.2057665828280355e-03
9.6048024012005992e+00 6.1020015447008404e+00 -1.0454760372074816e-02 3.8406692178602763e-06 1.4835858503676580e+04 5.6979625075601260e-02 5.4651007218752969e-05 -5.2077638038463825e-03
9.6448224112056025e+00 6.1015831010194903e+00 -1.0456962819028257e-02 3.8406608160422471e-06 1.5441630359029692e+04 5.9306064655733716e-02 5.4674035699269697e-05 -5.2097621284861303e-03
9.6848424212106057e+00 6.1011645691699954e+00 -1.0459166576338405e-02 3.8406524107016265e-06 1.6072136849095521e+04 6.1727491134605156e-02 5.4697082735797212e-05 -5.2117615131593176e-03
9.7248624312156071e+00 6.1007459490999381e+00 -1.0461371645223488e-02 3.8406440018355861e-06 1.6728387928610235e+04 6.4247782758395725e-02 5.4720148349742997e-05 -5.2137619236100408e-03
9.7648824412206103e+00 6.1003272407567346e+00 -1.0463578026535896e-02 3.8406355894412901e-06 1.7411434790378938e+04 6.6870976119165607e-02 5.4743232558702419e-05 -5.2157634306266029e-03
9.8049024512256118e+00 6.0999084440878253e+00 -1.0465785721334353e-02 3.8406271735159018e-06 1.8122371549091844e+04 6.9601272619993604e-02 5.4766335382443013e-05 -5.2177660456996806e-03
9.8449224612306150e+00 6.0994895590406442e+00 -1.0467994730790822e-02 3.8406187540565837e-06 1.8862336993893794e+04 7.2443045204083789e-02 5.4789456841932204e-05 -5.2197697485712119e-03
9.8849424712356182e+00 6.0990705855625711e+00 -1.0470205056051674e-02 3.8406103310604913e-06 1.9632516412513560e+04 7.5400845358614230e-02 5.4812596957885016e-05 -5.2217745264460979e-03
9.9249624812406196e+00 6.0986515236009211e+00 -1.0472416698192382e-02 3.8406019045247778e-06 2.0434143489875547e+04 7.8479410404548616e-02 5.4835755750289321e-05 -5.2237803872408782e-03
9.9649824912456229e+00 6.0982323731029409e+00 -1.0474629658230769e-02 3.8405934744465955e-06 2.1268502284234906e+04 8.1683671084085085e-02 5.4858933238543825e-05 -5.2257873562515014e-03
1.0005002501250624e+01 6.0978131340158503e+00 -1.0476843937223179e-02 3.8405850408230950e-06 2.2136929284001013e+04 8.5018759457893001e-02 5.4882129442465041e-05 -5.2277954471353656e-03
1.0045022511255628e+01 6.0973938062868624e+00 -1.0479059536348452e-02 3.8405766036514167e-06 2.3040815548544906e+04 8.8490017124789350e-02 5.4905344383167718e-05 -5.2298046395195912e-03
1.0085042521260631e+01 6.0969743898631794e+00 -1.0481276456884689e-02 3.8405681629287069e-06 2.3981608936418754e+04 9.2103003777016426e-02 5.4928578082822632e-05 -5.2318148846780491e-03
1.0125062531265632e+01 6.0965548846919164e+00 -1.0483494699983701e-02 3.8405597186521069e-06 2.4960816424557466e+04 9.5863506104825316e-02 5.4951830562293173e-05 -5.2338261701452811e-03
1.0165082541270635e+01 6.0961352907200261e+00 -1.0485714266441631e-02 3.8405512708187469e-06 2.5980006522177064e+04 9.9777547064626451e-02 5.4975101838728776e-05 -5.2358385864324205e-03
1.0205102551275637e+01 6.0957156078945527e+00 -1.0487935157462222e-02 3.8405428194257597e-06 2.7040811783235891e+04 1.0385139552555007e-01 5.4998391933566064e-05 -5.2378521076107470e-03
1.0245122561280640e+01 6.0952958361624781e+00 -1.0490157374203795e-02 3.8405343644702782e-06 2.8144931421484380e+04 1.0809157630987008e-01 5.5021700867781123e-05 -5.2398667201248210e-03
1.0285142571285643e+01 6.0948759754707371e+00 -1.0492380917809255e-02 3.8405259059494275e-06 2.9294134032290731e+04 1.1250488064336732e-01 5.5045028662203889e-05 -5.2418824158736218e-03
1.0325162581290645e+01 6.0944560257661902e+00 -1.0494605789340304e-02 3.8405174438603303e-06 3.0490260425603603e+04 1.1709837703237494e-01 5.5068375336827511e-05 -5.2438992109502874e-03
1.0365182591295648e+01 6.0940359869956433e+00 -1.0496831989827681e-02 3.8405089782001057e-06 3.1735226574589200e+04 1.2187942258492440e-01 5.5091740911334880e-05 -5.2459171295662251e-03
1.0405202601300649e+01 6.0936158591058831e+00 -1.0499059520373570e-02 3.8405005089658721e-06 3.3031026684665427e+04 1.2685567479412288e-01 5.5115125406173452e-05 -5.2479361760578210e-03
1.0445222611305653e+01 6.0931956420436926e+00 -1.0501288382211022e-02 3.8404920361547438e-06 3.4379736387850411e+04 1.3203510380263897e-01 5.5138528843180097e-05 -5.2499563183279110e-03
1.0485242621310656e+01 6.0927753357558263e+00 -1.0503518576625338e-02 3.8404835597638341e-06 3.5783516067540528e+04 1.3742600516793441e-01 5.5161951244756781e-05 -5.2519775087854379e-03
1.0525262631315657e+01 6.0923549401889101e+00 -1.0505750104642690e-02 3.8404750797902485e-06 3.7244614319045097e+04 1.4303701314869174e-01 5.5185392630599942e-05 -5.2539997754469277e-03
1.0565282641320660e+01 6.0919344552894783e+00 -1.0507982967159964e-02 3.8404665962310912e-06 3.8765371551420147e+04 1.4887711453371610e-01 5.5208853019061959e-05 -5.2560231828786448e-03
1.0605302651325662e+01 6.0915138810041372e+00 -1.0510217165417354e-02 3.8404581090834627e-06 4.0348223736370288e+04 1.5495566303545713e-01 5.5232332432116796e-05 -5.2580476978633791e-03
1.0645322661330665e+01 6.0910932172794228e+00 -1.0512452700582486e-02 3.8404496183444628e-06 4.1995706310225141e+04 1.6128239427121030e-01 5.5255830890992008e-05 -5.2600733081354777e-03
1.0685342671335668e+01 6.0906724640618108e+00 -1.0514689573784921e-02 3.8404411240111878e-06 4.3710458235238788e+04 1.6786744135598453e-01 5.5279348416530663e-05 -5.2621000135038166e-03
1.0725362681340670e+01 6.0902516212977096e+00 -1.0516927786078897e-02 3.8404326260807266e-06 4.5495226226719184e+04 1.7472135113201590e-01 5.5302885028799182e-05 -5.2641278348273474e-03
1.0765382691345673e+01 6.0898306889334819e+00 -1.0519167338520735e-02 3.8404241245501678e-06 4.7352869152758118e+04 1.8185510106091973e-01 5.5326440747900706e-05 -5.2661567932795698e-03
1.0805402701350674e+01 6.0894096669154774e+00 -1.0521408232266513e-02 3.8404156194165985e-06 4.9286362613608362e+04 1.8928011680553183e-01 5.5350015595002771e-05 -5.2681868811193626e-03
1.0845422711355678e+01 6.0889885551900411e+00 -1.0523650468595507e-02 3.8404071106770998e-06 5.1298803708045394e+04 1.9700829052960631e-01 5.5373609592585218e-05 -5.2702180566186179e-03
1.0885442721360681e+01 6.0885673537034668e+00 -1.0525894048765019e-02 3.8403985983287588e-06 5.3393415994345974e+04 2.0505199994467060e-01 5.5397222762913420e-05 -5.2722502843601396e-03
1.0925462731365682e+01 6.0881460624018793e+00 -1.0528138973668692e-02 3.8403900823686414e-06 5.5573554653832289e+04 2.1342412813454917e-01 5.5420855124440829e-05 -5.2742836333107184e-03
1.0965482741370685e+01 6.0877246812314230e+00 -1.0530385244395504e-02 3.8403815627938252e-06 5.7842711865251964e+04 2.2213808418930928e-01 5.5444506697691278e-05 -5.2763181162915705e-03
1.1005502751375687e+01 6.0873032101382378e+00 -1.0532632862155012e-02 3.8403730396013788e-06 6.0204522398601570e+04 2.3120782468166681e-01 5.5468177504473845e-05 -5.2783537133144504e-03
1.1045522761380690e+01 6.0868816490684079e+00 -1.0534881828128688e-02 3.8403645127883697e-06 6.2662769437356423e+04 2.4064787602026325e-01 5.5491867566318029e-05 -5.2803904118518255e-03
1.1085542771385693e+01 6.0864599979679488e+00 -1.0537132143429034e-02 3.8403559823518612e-06 6.5221390638429802e+04 2.5047335771560159e-01 5.5515576904042671e-05 -5.2824282191617595e-03
1.1125562781390695e+01 6.0860382567828104e+00 -1.0539383809112332e-02 3.8403474482889099e-06 6.7884484439571068e+04 2.6070000659591497e-01 5.5539305537889583e-05 -5.2844671603759948e-03
1.1165582791395698e+01 6.0856164254589116e+00 -1.0541636826272965e-02 3.8403389105965774e-06 7.0656316624304949e+04 2.7134420201175014e-01 5.5563053488517174e-05 -5.2865072485027325e-03
1.1205602801400699e+01 6.0851945039421640e+00 -1.0543891196125348e-02 3.8403303692719135e-06 7.3541327154926636e+04 2.8242299206962601e-01 5.5586820777864815e-05 -5.2885484631880093e-03
1.1245622811405703e+01 6.0847724921784634e+00 -1.0546146919979626e-02 3.8403218243119714e-06 7.6544137284500888e+04 2.9395412093680046e-01 5.5610607428897882e-05 -5.2905907579019690e-03
1.1285642821410706e+01 6.0843503901136202e+00 -1.0548403999017212e-02 3.8403132757138009e-06 7.9669556959253416e+04 3.0595605726085773e-01 5.5634413463241159e-05 -5.2926341219359666e-03
1.1325662831415707e+01 6.0839281976932806e+00 -1.0550662434080194e-02 3.8403047234744416e-06 8.2922592523215237e+04 3.1844802374964987e-01 5.5658238898955504e-05 -5.2946786426841001e-03
1.1365682841420711e+01 6.0835059148631814e+00 -1.0552922226411139e-02 3.8402961675909356e-06 8.6308454737459862e+04 3.3145002795896283e-01 5.5682083758341117e-05 -5.2967242932595963e-03
1.1405702851425712e+01 6.0830835415689970e+00 -1.0555183377203936e-02 3.8402876080603192e-06 8.9832567126777431e+04 3.4498289433721013e-01 5.5705948063201142e-05 -5.2987710615916362e-03
1.1445722861430715e+01 6.0826610777563488e+00 -1.0557445887636839e-02 3.8402790448796277e-06 9.3500574667159090e+04 3.5906829757849401e-01 5.5729831835190005e-05 -5.3008189391738287e-03
1.1485742871435718e+01 6.0822385233707843e+00 -1.0559709758804773e-02 3.8402704780458924e-06 9.7318352828003030e+04 3.7372879733743403e-01 5.5753735095098378e-05 -5.3028679429825186e-03
1.1525762881440720e+01 6.0818158783577969e+00 -1.0561974991774213e-02 3.8402619075561418e-06 1.0129201698352973e+05 3.8898787436137899e-01 5.5777657863431948e-05 -5.3049180980094561e-03
1.1565782891445723e+01 6.0813931426628569e+00 -1.0564241587688674e-02 3.8402533334073969e-06 1.0542793220848053e+05 4.0486996809786641e-01 5.5801600161525461e-05 -5.3069694074954505e-03
1.1605802901450724e+01 6.0809703162314328e+00 -1.0566509547826137e-02 3.8402447555966821e-06 1.0973272347378841e+05 4.2140051583755689e-01 5.5825562012150456e-05 -5.3090218365289777e-03
1.1645822911455728e+01 6.0805473990089629e+00 -1.0568778873509752e-02 3.8402361741210192e-06 1.1421328625855708e+05 4.3860599345535001e-01 5.5849543438573025e-05 -5.3110753383925190e-03
1.1685842921460731e+01 6.0801243909407434e+00 -1.0571049565776161e-02 3.8402275889774191e-06 1.1887679759534130e+05 4.5651395781491416e-01 5.5873544461048185e-05 -5.3131299474789067e-03
1.1725862931465732e+01 6.0797012919719959e+00 -1.0573321625582905e-02 3.8402190001628908e-06 1.2373072756642570e+05 4.7515309090456637e-01 5.5897565099009562e-05 -5.3151857220577583e-03
1.1765882941470736e+01 6.0792781020480025e+00 -1.0575595054201553e-02 3.8402104076744443e-06 1.2878285126951507e+05 4.9455324577518178e-01 5.5921605375226174e-05 -5.3172426306238854e-03
1.1805902951475737e+01 6.0788548211139739e+00 -1.0577869852839773e-02 3.8402018115090871e-06 1.3404126127200070e+05 5.1474549435369998e-01 5.5945665311808257e-05 -5.3193006606180896e-03
1.1845922961480740e+01 6.0784314491150608e+00 -1.0580146022659036e-02 3.8401932116638190e-06 1.3951438057375792e+05 5.3576217720882779e-01 5.5969744930393912e-05 -5.3213598127194242e-03
1.1885942971485743e+01 6.0780079859963410e+00 -1.0582423564746177e-02 3.8401846081356381e-06 1.4521097609923169e+05 5.5763695534862157e-01 5.5993844251847594e-05 -5.3234201091521731e-03
1.1925962981490745e+01 6.0775844317028493e+00 -1.0584702480197277e-02 3.8401760009215382e-06 1.5114017274042810e+05 5.8040486413292769e-01 5.6017963297147198e-05 -5.3254815705048551e-03
1.1965982991495748e+01 6.0771607861796086e+00 -1.0586982770216054e-02 3.8401673900185125e-06 1.5731146797330389e+05 6.0410236938702322e-01 5.6042102088425797e-05 -5.3275441865619768e-03
1.2006003001500750e+01 6.0767370493716362e+00 -1.0589264436128900e-02 3.8401587754235497e-06 1.6373474707096381e+05 6.2876742580631706e-01 5.6066260649132149e-05 -5.3296079126518674e-03
1.2046023011505753e+01 6.0763132212238880e+00 -1.0591547479218784e-02 3.8401501571336385e-06 1.7042029893804117e+05 6.5443953774568042e-01 5.6090439002272888e-05 -5.3316727168027543e-03
1.2086043021510754e+01 6.0758893016811433e+00 -1.0593831900386128e-02 3.8401415351457552e-06 1.7737883259161713e+05 6.8115982249073448e-01 5.6114637166819386e-05 -5.3337386765391487e-03
1.2126063031515757e+01 6.0754652906882241e+00 -1.0596117700795367e-02 3.8401329094568800e-06 1.8462149431508701e+05 7.0897107611247190e-01 5.6138855164554442e-05 -5.3358057943617239e-03
1.2166083041520761e+01 6.0750411881899300e+00 -1.0598404881687055e-02 3.8401242800639890e-06 1.9215988551244163e+05 7.3791784201064348e-01 5.6163093018084003e-05 -5.3378740514501135e-03
1.2206103051525762e+01 6.0746169941310058e+00 -1.0600693444278584e-02 3.8401156469640540e-06 2.0000608129157106e+05 7.6804648225572658e-01 5.6187350749785474e-05 -5.3399434364128379e-03
1.2246123061530765e+01 6.0741927084561231e+00 -1.0602983389711773e-02 3.8401070101540428e-06 2.0817264980635405e+05 7.9940525184372280e-01 5.6211628381251880e-05 -5.3420139595573932e-03
1.2286143071535767e+01 6.0737683311098882e+00 -1.0605274719077507e-02 3.8400983696309212e-06 2.1667267238851282e+05 8.3204437598270276e-01 5.6235925933552250e-05 -5.3440856454665432e-03
1.2326163081540770e+01 6.0733438620368787e+00 -1.0607567433516027e-02 3.8400897253916475e-06 2.2551976450148894e+05 8.6601613053491167e-01 5.6260243428294896e-05 -5.3461585053192979e-03
1.2366183091545773e+01 6.0729193011816660e+00 -1.0609861534295204e-02 3.8400810774331851e-06 2.3472809754989386e+05 9.0137492574323819e-01 5.6284580888458488e-05 -5.3482325152138105e-03
1.2406203101550775e+01 6.0724946484888012e+00 -1.0612157022769087e-02 3.8400724257524881e-06 2.4431242157947810e+05 9.3817739337617101e-01 5.6308938337953633e-05 -5.3503076263929882e-03
1.2446223111555778e+01 6.0720699039027322e+00 -1.0614453900119027e-02 3.8400637703465131e-06 2.5428808890397681e+05 9.7648247743081451e-01 5.6333315798876013e-05 -5.3523838393804346e-03
1.2486243121560779e+01 6.0716450673677596e+00 -1.0616752167228035e-02 3.8400551112121989e-06 2.6467107869667257e+05 1.0163515285392037e+00 5.6357713290170590e-05 -5.3544612405134369e-03
1.2526263131565782e+01 6.0712201388282754e+00 -1.0619051825402279e-02 3.8400464483464962e-06 2.7547802258607815e+05 1.0578484022291852e+00 5.6382130835289736e-05 -5.3565397955432151e-03
1.2566283141570786e+01 6.0707951182285989e+00 -1.0621352875870073e-02 3.8400377817463464e-06 2.8672623129672476e+05 1.1010395611971648e+00 5.6406568456876740e-05 -5.3586194933851602e-03
1.2606303151575787e+01 6.0703700055129959e+00 -1.0623655319838932e-02 3.8400291114086874e-06 2.9843372237774113e+05 1.1459941817565842e+00 5.6431026177371023e-05 -5.3607003286980735e-03
1.2646323161580790e+01 6.0699448006256560e+00 -1.0625959158433760e-02 3.8400204373304538e-06 3.1061924906363530e+05 1.1927842646325979e+00 5.6455504018351151e-05 -5.3627823207665669e-03
1.2686343171585792e+01 6.0695195035107128e+00 -1.0628264392763310e-02 3.8400117595085752e-06 3.2330233031350229e+05 1.2414847502803745e+00 5.6480002001240226e-05 -5.3648654926210619e-03
1.2726363181590795e+01 6.0690941141122856e+00 -1.0630571024025443e-02 3.8400030779399827e-06 3.3650328207678994e+05 1.2921736389117795e+00 5.6504520148424678e-05 -5.3669498433292547e-03
1.2766383191595798e+01 6.0686686323744858e+00 -1.0632879053551472e-02 3.8399943926216007e-06 3.5024324983568664e+05 1.3449321154226030e+00 5.6529058483726820e-05 -5.3690353346730431e-03
1.2806403201600800e+01 6.0682430582413858e+00 -1.0635188482689783e-02 3.8399857035503529e-06 3.6454424247627292e+05 1.3998446794204813e+00 5.6553617031168698e-05 -5.3711219230021274e-03
1.2846423211605803e+01 6.0678173916568969e+00 -1.0637499312451922e-02 3.8399770107231560e-06 3.7942916754268692e+05 1.4569992805617424e+00 5.6578195811207553e-05 -5.3732096615348827e-03
1.2886443221610804e+01 6.0673916325649015e+00 -1.0639811543909481e-02 3.8399683141369234e-06 3.9492186793076695e+05 1.5164874594139119e+00 5.6602794844954725e-05 -5.3752985861789532e-03
1.2926463231615807e+01 6.0669657809093067e+00 -1.0642125178354009e-02 3.8399596137885627e-06 4.1104716007996426e+05 1.5784044940695450e+00 5.6627414155878177e-05 -5.3773886713697188e-03
1.2966483241620811e+01 6.0665398366339565e+00 -1.0644440217033646e-02 3.8399509096749889e-06 4.2783087372468266e+05 1.6428495527461404e+00 5.6652053767001646e-05 -5.3794799036595269e-03
1.3006503251625812e+01 6.0661137996826282e+00 -1.0646756661135539e-02 3.8399422017931036e-06 4.4529989326873579e+05 1.7099258526165833e+00 5.6676713700716985e-05 -5.3815722880193213e-03
1.3046523261630815e+01 6.0656876699990248e+00 -1.0649074511779976e-02 3.8399334901398066e-06 4.6348220084919001e+05 1.7797408251245090e+00 5.6701393978720963e-05 -5.3836658477187781e-03
1.3086543271635817e+01 6.0652614475268134e+00 -1.0651393770112969e-02 3.8399247747119936e-06 4.8240692115856527e+05 1.8524062880493102e+00 5.6726094623000677e-05 -5.3857606003361123e-03
1.3126563281640820e+01 6.0648351322096481e+00 -1.0653714437398439e-02 3.8399160555065602e-06 5.0210436809720978e+05 1.9280386245964518e+00 5.6750815656815964e-05 -5.3878565296914573e-03
1.3166583291645823e+01 6.0644087239911748e+00 -1.0656036515011142e-02 3.8399073325204003e-06 5.2260609333055391e+05 2.0067589697998347e+00 5.6775557104625403e-05 -5.3899535887035098e-03
1.3206603301650825e+01 6.0639822228149569e+00 -1.0658360004231454e-02 3.8398986057504036e-06 5.4394493682904262e+05 2.0886934045348320e+00 5.6800318989900363e-05 -5.3920517576234259e-03
1.3246623311655828e+01 6.0635556286243828e+00 -1.0660684905964607e-02 3.8398898751934455e-06 5.6615507947169477e+05 2.1739731574527013e+00 5.6825101332130802e-05 -5.3941511231699697e-03
1.3286643321660829e+01 6.0631289413629181e+00 -1.0663011221486149e-02 3.8398811408464113e-06 5.8927209779754037e+05 2.2627348151597775e+00 5.6849904154769769e-05 -5.3962516671177277e-03
1.3326663331665833e+01 6.0627021609739753e+00 -1.0665338952061279e-02 3.8398724027061764e-06 6.1333302099266078e+05 2.3551205409781262e+00 5.6874727481177787e-05 -5.3983533755994403e-03
1.3366683341670836e+01 6.0622752874009107e+00 -1.0667668098938057e-02 3.8398636607696143e-06 6.3837639020408737e+05 2.4512783026379585e+00 5.6899571334550354e-05 -5.4004562393559098e-03
1.3406703351675837e+01 6.0618483205870080e+00 -1.0669998663282101e-02 3.8398549150335962e-06 6.6444232027558959e+05 2.5513621092665497e+00 5.6924435737220915e-05 -5.4025602728714544e-03
1.3446723361680840e+01 6.0614212604754849e+00 -1.0672330646223128e-02 3.8398461654949854e-06 6.9157256400423695e+05 2.6555322580532046e+00 5.6949320711156681e-05 -5.4046655010777144e-03
1.3486743371685842e+01 6.0609941070095363e+00 -1.0674664048960792e-02 3.8398374121506463e-06 7.1981057902064594e+05 2.7639555909852955e+00 5.6974226279088010e-05 -5.4067719297825525e-03
1.3526763381690845e+01 6.0605668601323526e+00 -1.0676998872829141e-02 3.8398286549974381e-06 7.4920159740007285e+05 2.8768057620666538e+00 5.6999152465197369e-05 -5.4088795269799381e-03
1.3566783391695848e+01 6.0601395197870938e+00 -1.0679335119219032e-02 3.8398198940322216e-06 7.7979269811582088e+05 2.9942635154461916e+00 5.7024099294292489e-05 -5.4109882457015349e-03
1.3606803401700850e+01 6.0597120859167806e+00 -1.0681672789258469e-02 3.8398111292518450e-06 8.1163288245104812e+05 3.1165169749022890e+00 5.7049066788392398e-05 -5.4130981124337558e-03
1.3646823411705853e+01 6.0592845584643458e+00 -1.0684011883945728e-02 3.8398023606531574e-06 8.4477315248976031e+05 3.2437619451465913e+00 5.7074054968146770e-05 -5.4152091915397440e-03
1.3686843421710854e+01 6.0588569373727825e+00 -1.0686352404622380e-02 3.8397935882330045e-06 8.7926659281270357e+05 3.3762022254296991e+00 5.7099063857889262e-05 -5.4173214507971168e-03
1.3726863431715858e+01 6.0584292225850147e+00 -1.0688694352560079e-02 3.8397848119882301e-06 9.1516845552905160e+05 3.5140499359511783e+00 5.7124093481224860e-05 -5.4194348776047223e-03
1.3766883441720861e+01 6.0580014140439005e+00 -1.0691037728988195e-02 3.8397760319156698e-06 9.5253624878005160e+05 3.6575258575965037e+00 5.7149143861324530e-05 -5.4215494722720742e-03
1.3806903451725862e+01 6.0575735116922234e+00 -1.0693382535059061e-02 3.8397672480121598e-06 9.9142982885642978e+05 3.8068597855452202e+00 5.7174215020553071e-05 -5.4236652570969586e-03
1.3846923461730865e+01 6.0571455154727198e+00 -1.0695728771931954e-02 3.8397584602745316e-06 1.0319114960770996e+06 3.9622908973165920e+00 5.7199306981366514e-05 -5.4257822524297911e-03
1.3886943471735867e+01 6.0567174253281131e+00 -1.0698076440874442e-02 3.8397496686996103e-06 1.0740460945827332e+06 4.1240681358421600e+00 5.7224419767396386e-05 -5.4279004486941168e-03
1.3926963481740870e+01 6.0562892412011164e+00 -1.0700425543279659e-02 3.8397408732842255e-06 1.1179011162040913e+06 4.2924506081789078e+00 5.7249553403635892e-05 -5.4300198016355933e-03
1.3966983491745873e+01 6.0558609630343820e+00 -1.0702776080498072e-02 3.8397320740251992e-06 1.1635468085714357e+06 4.4677080005014007e+00 5.7274707914640842e-05 -5.4321402792085983e-03
1.4007003501750875e+01 6.0554325907703808e+00 -1.0705128053493227e-02 3.8397232709193439e-06 1.2110562876382391e+06 4.6501210100377373e+00 5.7299883320843839e-05 -5.4342619589526639e-03
1.4047023511755878e+01 6.0550041243516253e+00 -1.0707481463497023e-02 3.8397144639634740e-06 1.2605056547994227e+06 4.8399817946410932e+00 5.7325079645566181e-05 -5.4363848425328220e-03
1.4087043521760879e+01 6.0545755637206016e+00 -1.0709836311816079e-02 3.8397056531544013e-06 1.3119741187916934e+06 5.0375944407167292e+00 5.7350296912947114e-05 -5.4385089117295728e-03
1.4127063531765883e+01 6.0541469088197379e+00 -1.0712192599733144e-02 3.8396968384889316e-06 1.3655441225713033e+06 5.2432754502541750e+00 5.7375535146888770e-05 -5.4406341552232238e-03
1.4167083541770886e+01 6.0537181595913871e+00 -1.0714550328453686e-02 3.8396880199638690e-06 1.4213014753723941e+06 5.4573542477443535e+00 5.7400794370483495e-05 -5.4427605837218829e-03
1.4207103551775887e+01 6.0532893159778354e+00 -1.0716909499133877e-02 3.8396791975760117e-06 1.4793354901575206e+06 5.6801737077937444e+00 5.7426074606312958e-05 -5.4448882221846979e-03
1.4247123561780890e+01 6.0528603779213359e+00 -1.0719270112983566e-02 3.8396703713221555e-06 1.5397391266804996e+06 5.9120907042805655e+00 5.7451375877551363e-05 -5.4470170811668217e-03
1.4287143571785892e+01 6.0524313453641367e+00 -1.0721632171343346e-02 3.8396615411990900e-06 1.6026091403907167e+06 6.1534766819323679e+00 5.7476698208792313e-05 -5.4491471344273769e-03
1.4327163581790895e+01 6.0520022182484601e+00 -1.0723995675634781e-02 3.8396527072036118e-06 1.6680462374174751e+06 6.4047182512408067e+00 5.7502041625516740e-05 -5.4512783337938393e-03
1.4367183591795898e+01 6.0515729965164153e+00 -1.0726360627082897e-02 3.8396438693325030e-06 1.7361552358825626e+06 6.6662178076660075e+00 5.7527406151117099e-05 -5.4534106867301984e-03
1.4407203601800900e+01 6.0511436801099716e+00 -1.0728727026650609e-02 3.8396350275825424e-06 1.8070452337994964e+06 6.9383941761226309e+00 5.7552791806191611e-05 -5.4555442742196510e-03
1.4447223611805903e+01 6.0507142689711877e+00 -1.0731094875716253e-02 3.8396261819505095e-06 1.8808297838283638e+06 7.2216832817797023e+00 5.7578198615811809e-05 -5.4576790615798541e-03
1.4487243621810904e+01 6.0502847630420433e+00 -1.0733464175574732e-02 3.8396173324331805e-06 1.9576270751661519e+06 7.5165388482484294e+00 5.7603626604173080e-05 -5.4598150372073837e-03
1.4527263631815908e+01 6.0498551622644587e+00 -1.0735834927494551e-02 3.8396084790273240e-06 2.0375601228639989e+06 7.8234331242765665e+00 5.7629075795205968e-05 -5.4619521984802730e-03
1.4567283641820911e+01 6.0494254665802751e+00 -1.0738207132662193e-02 3.8395996217297069e-06 2.1207569648745209e+06 8.1428576401128510e+00 5.7654546211978602e-05 -5.4640905649337166e-03
1.4607303651825912e+01 6.0489956759312831e+00 -1.0740580792256453e-02 3.8395907605370926e-06 2.2073508671449320e+06 8.4753239947532197e+00 5.7680037877494127e-05 -5.4662301597262226e-03
1.4647323661830915e+01 6.0485657902592527e+00 -1.0742955907554219e-02 3.8395818954462421e-06 2.2974805370844454e+06 8.8213646753295443e+00 5.7705550815827049e-05 -5.4683709778359088e-03
1.4687343671835917e+01 6.0481358095059479e+00 -1.0745332479964911e-02 3.8395730264539112e-06 2.3912903457478504e+06 9.1815339099530942e+00 5.7731085052494439e-05 -5.4705129786678831e-03
1.4727363681840920e+01 6.0477057336130793e+00 -1.0747710510890742e-02 3.8395641535568584e-06 2.4889305590912630e+06 9.5564085553790434e+00 5.7756640612955661e-05 -5.4726561231154746e-03
1.4767383691845923e+01 6.0472755625221861e+00 -1.0750090001365375e-02 3.8395552767518260e-06 2.5905575786703546e+06 9.9465890209131942e+00 5.7782217518727907e-05 -5.4748004763270830e-03
1.4807403701850925e+01 6.0468452961748067e+00 -1.0752470952585615e-02 3.8395463960355597e-06 2.6963341921667182e+06 1.0352700230041176e+01 5.7807815793098700e-05 -5.4769460578830012e-03
1.4847423711855928e+01 6.0464149345124820e+00 -1.0754853365898242e-02 3.8395375114048035e-06 2.8064298341436284e+06 1.0775392621320021e+01 5.7833435460986375e-05 -5.4790928457778675e-03
1.4887443721860929e+01 6.0459844774766900e+00 -1.0757237242618137e-02 3.8395286228562945e-06 2.9210208574488275e+06 1.1215343190135009e+01 5.7859076546985326e-05 -5.4812408274509967e-03
1.4927463731865933e+01 6.0455539250088313e+00 -1.0759622583987976e-02 3.8395197303867684e-06 3.0402908156991983e+06 1.1673256572990754e+01 5.7884739074932043e-05 -5.4833900110268299e-03
1.4967483741870936e+01 6.0451232770502399e+00 -1.0762009391190928e-02 3.8395108339929548e-06 3.1644307572996607e+06 1.2149866176072578e+01 5.7910423068040866e-05 -5.4855404213485148e-03
1.5007503751875937e+01 6.0446925335422073e+00 -1.0764397665452320e-02 3.8395019336715755e-06 3.2936395314673805e+06 1.2645935349886150e+01 5.7936128549997682e-05 -5.4876920723048095e-03
1.5047523761880941e+01 6.0442616944260203e+00 -1.0766787408126664e-02 3.8394930294193620e-06 3.4281241067514401e+06 1.3162258611856631e+01 5.7961855545897449e-05 -5.4898449416284495e-03
1.5087543771885942e+01 6.0438307596429457e+00 -1.0769178620666394e-02 3.8394841212330337e-06 3.5680999025581223e+06 1.3699662918845046e+01 5.7987604081909066e-05 -5.4919989805118571e-03
1.5127563781890945e+01 6.0433997291341468e+00 -1.0771571304368710e-02 3.8394752091093066e-06 3.7137911342129842e+06 1.4259008991620687e+01 5.8013374182549713e-05 -5.4941541835209088e-03
1.5167583791895948e+01 6.0429686028406264e+00 -1.0773965460197113e-02 3.8394662930448884e-06 3.8654311721122824e+06 1.4841192693410102e+01 5.8039165868760192e-05 -5.4963106395621393e-03
1.5207603801900950e+01 6.0425373807034761e+00 -1.0776361089546433e-02 3.8394573730364899e-06 4.0232629155391851e+06 1.5447146464731208e+01 5.8064979166145191e-05 -5.4984683166910435e-03
1.5247623811905953e+01 6.0421060626637146e+00 -1.0778758193741170e-02 3.8394484490808179e-06 4.1875391817435017e+06 1.6077840816810244e+01 5.8090814099571204e-05 -5.5006272035950021e-03
1.5287643821910955e+01 6.0416746486623012e+00 -1.0781156774085461e-02 3.8394395211745732e-06 4.3585231109080911e+06 1.6734285885973271e+01 5.8116670693704409e-05 -5.5027872944314543e-03
1.5327663831915958e+01 6.0412431386401151e+00 -1.0783556831801728e-02 3.8394305893144516e-06 4.5364885876508029e+06 1.7417533051502406e+01 5.8142548972348862e-05 -5.5049486076203134e-03
1.5367683841920961e+01 6.0408115325379814e+00 -1.0785958368094598e-02 3.8394216534971479e-06 4.7217206797369085e+06 1.8128676619547157e+01 5.8168448959134947e-05 -5.5071111655661956e-03
1.5407703851925962e+01 6.0403798302966987e+00 -1.0788361384255695e-02 3.8394127137193494e-06 4.9145160947049353e+06 1.8868855575788494e+01 5.8194370678649727e-05 -5.5092749681484908e-03
1.5447723861930966e+01 6.0399480318570600e+00 -1.0790765881708367e-02 3.8394037699777467e-06 5.1151836551372744e+06 1.9639255409662603e+01 5.8220314156920674e-05 -5.5114399778370404e-03
1.5487743871935967e+01 6.0395161371598096e+00 -1.0793171861891496e-02 3.8393948222690245e-06 5.3240447933367519e+06 2.0441110013065483e+01 5.8246279420163173e-05 -5.5136061539706686e-03
1.5527763881940970e+01 6.0390841461455285e+00 -1.0795579325909483e-02 3.8393858705898583e-06 5.5414340662017791e+06 2.1275703656580415e+01 5.8272266491002124e-05 -5.5157735490708919e-03
1.5567783891945972e+01 6.0386520587547716e+00 -1.0797988274944608e-02 3.8393769149369226e-06 5.7676996911245268e+06 2.2144373046392328e+01 5.8298275392920623e-05 -5.5179421948497133e-03
1.5607803901950975e+01 6.0382198749281084e+00 -1.0800398710378627e-02 3.8393679553068901e-06 6.0032041037708353e+06 2.3048509465184566e+01 5.8324306151574150e-05 -5.5201120674111381e-03
1.5647823911955978e+01 6.0377875946060433e+00 -1.0802810633555504e-02 3.8393589916964280e-06 6.2483245386350174e+06 2.3989561000445789e+01 5.8350358792229937e-05 -5.5222831542339418e-03
1.5687843921960980e+01 6.0373552177290080e+00 -1.0805224045753820e-02 3.8393500241022013e-06 6.5034536332997549e+06 2.4969034863756963e+01 5.8376433339468270e-05 -5.5244554606050256e-03
1.5727863931965983e+01 6.0369227442373576e+00 -1.0807638948187454e-02 3.8393410525208694e-06 6.7690000573688867e+06 2.5988499804772488e+01 5.8402529817189206e-05 -5.5266290114444469e-03
1.5767883941970984e+01 6.0364901740714076e+00 -1.0810055342103440e-02 3.8393320769490849e-06 7.0453891670804229e+06 2.7049588623761462e+01 5.8428648249669564e-05 -5.5288038216483662e-03
1.5807903951975987e+01 6.0360575071714626e+00 -1.0812473228873243e-02 3.8393230973835044e-06 7.3330636866486287e+06 2.8154000786734311e+01 5.8454788662550285e-05 -5.5309798728977013e-03
1.5847923961980991e+01 6.0356247434778094e+00 -1.0814892609973771e-02 3.8393141138207797e-06 7.6324844174262127e+06 2.9303505147341628e+01 5.8480951082632642e-05 -5.5331571172019065e-03
1.5887943971985992e+01 6.0351918829306381e+00 -1.0817313486754455e-02 3.8393051262575539e-06 7.9441309760228731e+06 3.0499942779906043e+01 5.8507135535359907e-05 -5.5353355427907747e-03
1.5927963981990995e+01 6.0347589254699701e+00 -1.0819735860209106e-02 3.8392961346904669e-06 8.2685025625624005e+06 3.1745229928124044e+01 5.8533342042347438e-05 -5.5375152374381609e-03
1.5967983991995997e+01 6.0343258710359091e+00 -1.0822159731742536e-02 3.8392871391161543e-06 8.6061187603088208e+06 3.3041361074159916e+01 5.8559570629674839e-05 -5.5396961752030060e-03
1.6008004002001002e+01 6.0338927195684917e+00 -1.0824585102711498e-02 3.8392781395312534e-06 8.9575203679427691e+06 3.4390412133048621e+01 5.8585821322921853e-05 -5.5418783427170120e-03
1.6048024012006003e+01 6.0334594710076939e+00 -1.0827011974453484e-02 3.8392691359323929e-06 9.3232702658207417e+06 3.5794543777521767e+01 5.8612094147479567e-05 -5.5440617337745293e-03
1.6088044022011005e+01 6.0330261252934116e+00 -1.0829440348221291e-02 3.8392601283161983e-06 9.7039543176054675e+06 3.7256004898584493e+01 5.8638389127841640e-05 -5.5462463654623022e-03
1.6128064032016006e+01 6.0325926823654772e+00 -1.0831870225244069e-02 3.8392511166792916e-06 1.0100182308710983e+07 3.8777136207383066e+01 5.8664706288264493e-05 -5.5484322619984280e-03
1.6168084042021011e+01 6.0321591421637022e+00 -1.0834301606836381e-02 3.8392421010182889e-06 1.0512588923066100e+07 4.0360373984133886e+01 5.8691045653948691e-05 -5.5506194239894916e-03
1.6208104052026012e+01 6.0317255046278886e+00 -1.0836734494449907e-02 3.8392330813298114e-06 1.0941834759760477e+07 4.2008253980116848e+01 5.8717407251600241e-05 -5.5528078153947863e-03
1.6248124062031014e+01 6.0312917696977930e+00 -1.0839168889562417e-02 3.8392240576104659e-06 1.1388607391202359e+07 4.3723415478984464e+01 5.8743791108228876e-05 -5.5549973919585974e-03
1.6288144072036019e+01 6.0308579373130096e+00 -1.0841604793319077e-02 3.8392150298568609e-06 1.1853622464482242e+07 4.5508605523889152e+01 5.8770197247259590e-05 -5.5571882032172185e-03
1.6328164082041020e+01 6.0304240074130941e+00 -1.0844042206906612e-02 3.8392059980655963e-06 1.2337624847706977e+07 4.7366683317199765e+01 5.8796625692586010e-05 -5.5593802870937126e-03
1.6368184092046022e+01 6.0299899799376222e+00 -1.0846481131743088e-02 3.8391969622332739e-06 1.2841389823140901e+07 4.9300624799855825e+01 5.8823076470629412e-05 -5.5615736181088412e-03
1.6408204102051027e+01 6.0295558548261052e+00 -1.0848921569201531e-02 3.8391879223564870e-06 1.3365724329064453e+07 5.1313527417690509e+01 5.8849549607343101e-05 -5.5637681837201140e-03
1.6448224112056028e+01 6.0291216320179775e+00 -1.0851363520592506e-02 3.8391788784318312e-06 1.3911468252339860e+07 5.3408615082358175e+01 5.8876045128022891e-05 -5.5659639881391514e-03
1.6488244122061030e+01 6.0286873114525976e+00 -1.0853806987159813e-02 3.8391698304558889e-06 1.4479495773754753e+07 5.5589243334812792e+01 5.8902563057259589e-05 -5.5681610562788864e-03
1.6528264132066031e+01 6.0282528930692827e+00 -1.0856251970177070e-02 3.8391607784252455e-06 1.5070716768297868e+07 5.7858904719604844e+01 5.8929103419986751e-05 -5.5703594036565036e-03
1.6568284142071036e+01 6.0278183768073355e+00 -1.0858698471040835e-02 3.8391517223364817e-06 1.5686078262610519e+07 6.0221234378606020e+01 5.8955666242492281e-05 -5.5725590124931198e-03
1.6608304152076037e+01 6.0273837626060409e+00 -1.0861146491255849e-02 3.8391426621861738e-06 1.6326565951947842e+07 6.2680015873119181e+01 5.8982251552259619e-05 -5.5747598364840664e-03
1.6648324162081039e+01 6.0269490504045908e+00 -1.0863596032208076e-02 3.8391335979708963e-06 1.6993205779080529e+07 6.5239187243701252e+01 5.9008859375503527e-05 -5.5769618610370568e-03
1.6688344172086044e+01 6.0265142401420029e+00 -1.0866047094922063e-02 3.8391245296872145e-06 1.7687065577665176e+07 6.7902847317400742e+01 5.9035489734532109e-05 -5.5791651737448576e-03
1.6728364182091045e+01 6.0260793317573755e+00 -1.0868499680825903e-02 3.8391154573316920e-06 1.8409256782716013e+07 7.0675262272513336e+01 5.9062142656056379e-05 -5.5813697495788158e-03
1.6768384192096047e+01 6.0256443251897380e+00 -1.0870953791306242e-02 3.8391063809008899e-06 1.9160936210918546e+07 7.3560872471372306e+01 5.9088818166357777e-05 -5.5835755760567513e-03
1.6808404202101052e+01 6.0252092203780601e+00 -1.0873409427730343e-02 3.8390973003913650e-06 1.9943307913635638e+07 7.6564299572112319e+01 5.9115516291527555e-05 -5.5857826463315136e-03
1.6848424212106053e+01 6.0247740172612305e+00 -1.0875866591382717e-02 3.8390882157996715e-06 2.0757625105574820e+07 7.9690353930799702e+01 5.9142237056777356e-05 -5.5879909771737136e-03
1.6888444222111055e+01 6.0243387157780743e+00 -1.0878325283523664e-02 3.8390791271223543e-06 2.1605192172206771e+07 8.2944042305786297e+01 5.9168980487075103e-05 -5.5902005918174119e-03
1.6928464232116056e+01 6.0239033158673916e+00 -1.0880785505496154e-02 3.8390700343559577e-06 2.2487366759149231e+07 8.6330575876622063e+01 5.9195746608307599e-05 -5.5924114919455124e-03
1.6968484242121061e+01 6.0234678174679717e+00 -1.0883247258777276e-02 3.8390609374970257e-06 2.3405561946864225e+07 8.9855378590373277e+01 5.9222535447841545e-05 -5.5946236415681727e-03
1.7008504252126063e+01 6.0230322205185578e+00 -1.0885710544870477e-02 3.8390518365420990e-06 2.4361248514151171e+07 9.3524095848710530e+01 5.9249347033352143e-05 -5.5968369988448601e-03
1.7048524262131064e+01 6.0225965249577325e+00 -1.0888175364955123e-02 3.8390427314877056e-06 2.5355957294062886e+07 9.7342603549684796e+01 5.9276181389007817e-05 -5.5990516113837438e-03
1.7088544272136069e+01 6.0221607307240337e+00 -1.0890641720251872e-02 3.8390336223303736e-06 2.6391281626016647e+07 1.0131701749866772e+02 5.9303038539445321e-05 -5.6012675158543350e-03
1.7128564282141070e+01 6.0217248377560253e+00 -1.0893109612205387e-02 3.8390245090666266e-06 2.7468879908028841e+07 1.0545370320353055e+02 5.9329918511760697e-05 -5.6034846878308918e-03
1.7168584292146072e+01 6.0212888459921974e+00 -1.0895579042218859e-02 3.8390153916929928e-06 2.8590478253162298e+07 1.0975928606975386e+02 5.9356821332619421e-05 -5.6057031143610181e-03
1.7208604302151073e+01 6.0208527553709672e+00 -1.0898050011631381e-02 3.8390062702059833e-06 2.9757873254439652e+07 1.1424066201178876e+02 5.9383747028009374e-05 -5.6079228006240822e-03
1.7248624312156078e+01 6.0204165658306730e+00 -1.0900522521715009e-02 3.8389971446021106e-06 3.0972934862653174e+07 1.1890500849767270e+02 5.9410695623208072e-05 -5.6101437710969551e-03
1.7288644322161080e+01 6.0199802773096112e+00 -1.0902996573773794e-02 3.8389880148778844e-06 3.2237609381679494e+07 1.2375979604458242e+02 5.9437667143861544e-05 -5.6123660419174623e-03
1.7328664332166081e+01 6.0195438897460614e+00 -1.0905472169237854e-02 3.8389788810298113e-06 3.3553922586098939e+07 1.2881280018374301e+02 5.9464661617010695e-05 -5.6145895940807574e-03
1.7368684342171086e+01 6.0191074030782881e+00 -1.0907949309645478e-02 3.8389697430543948e-06 3.4923982966111302e+07 1.3407211391384837e+02 5.9491679070897628e-05 -5.6168143801813165e-03
1.7408704352176088e+01 6.0186708172444563e+00 -1.0910427996406317e-02 3.8389606009481308e-06 3.6349985104946613e+07 1.3954616066294145e+02 5.9518719532383384e-05 -5.6190403879979598e-03
1.7448724362181089e+01 6.0182341321825561e+00 -1.0912908230570095e-02 3.8389514547075100e-06 3.7834213194182143e+07 1.4524370777951961e+02 5.9545783024422259e-05 -5.6212677056828465e-03
1.7488744372186094e+01 6.0177973478306619e+00 -1.0915390013602500e-02 3.8389423043290223e-06 3.9379044692594342e+07 1.5117388057446368e+02 5.9572869574526594e-05 -5.6234963064646900e-03
1.7528764382191095e+01 6.0173604641267744e+00 -1.0917873346920180e-02 3.8389331498091533e-06 4.0986954134407453e+07 1.5734617693628411e+02 5.9599979209695028e-05 -5.6257261779182905e-03
1.7568784392196097e+01 6.0169234810088348e+00 -1.0920358231919187e-02 3.8389239911443853e-06 4.2660517093040340e+07 1.6377048254309770e+02 5.9627111956722576e-05 -5.6279573138081958e-03
1.7608804402201098e+01 6.0164863984146981e+00 -1.0922844669910245e-02 3.8389148283311922e-06 4.4402414306697972e+07 1.7045708669568791e+02 5.9654267841493323e-05 -5.6301897314067614e-03
1.7648824412206103e+01 6.0160492162821591e+00 -1.0925332662182381e-02 3.8389056613660486e-06 4.6215435972418331e+07 1.7741669879701686e+02 5.9681446889674578e-05 -5.6324234549192326e-03
1.7688844422211105e+01 6.0156119345489838e+00 -1.0927822210113340e-02 3.8388964902454223e-06 4.8102486215451166e+07 1.8466046550457429e+02 5.9708649127923205e-05 -5.6346584846354332e-03
1.7728864432216106e+01 6.0151745531529306e+00 -1.0930313315218935e-02 3.8388873149657812e-06 5.0066587741130240e+07 1.9219998858304615e+02 5.9735874584426171e-05 -5.6368947823327012e-03
1.7768884442221111e+01 6.0147370720317079e+00 -1.0932805979033474e-02 3.8388781355235856e-06 5.2110886676687576e+07 2.0004734348588326e+02 5.9763123287595041e-05 -5.6391323061291375e-03
1.7808904452226113e+01 6.0142994911228538e+00 -1.0935300202743995e-02 3.8388689519152923e-06 5.4238657610766552e+07 2.0821509869553577e+02 5.9790395262066433e-05 -5.6413711100528662e-03
1.7848924462231114e+01 6.0138618103638759e+00 -1.0937795987619131e-02 3.8388597641373514e-06 5.6453308838708133e+07 2.1671633585333615e+02 5.9817690533388581e-05 -5.6436112255262554e-03
1.7888944472236119e+01 6.0134240296922963e+00 -1.0940293335132519e-02 3.8388505721862147e-06 5.8758387822008848e+07 2.2556467071125817e+02 5.9845009129372511e-05 -5.6458526287583143e-03
1.7928964482241120e+01 6.0129861490455658e+00 -1.0942792246717478e-02 3.8388413760583256e-06 6.1157586870697103e+07 2.3477427493911347e+02 5.9872351077410076e-05 -5.6480953070817564e-03
1.7968984492246122e+01 6.0125481683610582e+00 -1.0945292723739468e-02 3.8388321757501230e-06 6.3654749057731897e+07 2.4435989882212104e+02 5.9899716404172073e-05 -5.6503392669790820e-03
1.8009004502251123e+01 6.0121100875760689e+00 -1.0947794767500241e-02 3.8388229712580460e-06 6.6253874374893792e+07 2.5433689488518709e+02 5.9927105135652826e-05 -5.6525845326724205e-03
1.8049024512256128e+01 6.0116719066278517e+00 -1.0950298379339161e-02 3.8388137625785228e-06 6.8959126140032098e+07 2.6472124248174356e+02 5.9954517298278935e-05 -5.6548311191151066e-03
1.8089044522261130e+01 6.0112336254536434e+00 -1.0952803560724190e-02 3.8388045497079856e-06 7.1774837665928811e+07 2.7552957338651959e+02 5.9981952919906246e-05 -5.6570790059626425e-03
1.8129064532266131e+01 6.0107952439906631e+00 -1.0955310313224935e-02 3.8387953326428599e-06 7.4705519201465249e+07 2.8677919843324634e+02 6.0009412029526309e-05 -5.6593281454311896e-03
1.8169084542271136e+01 6.0103567621760208e+00 -1.0957818638260265e-02 3.8387861113795636e-06 7.7755865156205684e+07 2.9848813523994454e+02 6.0036894654502024e-05 -5.6615785312329548e-03
1.8209104552276138e+01 6.0099181799466583e+00 -1.0960328536916697e-02 3.8387768859145138e-06 8.0930761619971916e+07 3.1067513706620565e+02 6.0064400818575250e-05 -5.6638302497675260e-03
1.8249124562281139e+01 6.0094794972396040e+00 -1.0962840010704642e-02 3.8387676562441183e-06 8.4235294189456820e+07 3.2335972284869496e+02 6.0091930550153275e-05 -5.6660832705245079e-03
1.8289144572286144e+01 6.0090407139918085e+00 -1.0965353061069050e-02 3.8387584223647897e-06 8.7674756114408404e+07 3.3656220846296412e+02 6.0119483876948192e-05 -5.6683375820139213e-03
1.8329164582291146e+01 6.0086018301401571e+00 -1.0967867689431685e-02 3.8387491842729300e-06 9.1254656776435673e+07 3.5030373926164862e+02 6.0147060826439756e-05 -5.6705931791447440e-03
1.8369184592296147e+01 6.0081628456214506e+00 -1.0970383897128733e-02 3.8387399419649367e-06 9.4980730514020264e+07 3.6460632394117744e+02 6.0174661425190697e-05 -5.6728500811762768e-03
1.8409204602301148e+01 6.0077237603724276e+00 -1.0972901685482338e-02 3.8387306954372065e-06 9.8858945807864636e+07 3.7949286979121331e+02 6.0202285699630563e-05 -5.6751083114549815e-03
1.8449224612306153e+01 6.0072845743298018e+00 -1.0975421055911840e-02 3.8387214446861277e-06 1.0289551484129435e+08 3.9498721938329635e+02 6.0229933677276487e-05 -5.6773678670372918e-03
1.8489244622311155e+01 6.0068452874302780e+00 -1.0977942009974546e-02 3.8387121897080910e-06 1.0709690345102496e+08 4.1111418875744005e+02 6.0257605387181990e-05 -5.6796287078615827e-03
1.8529264632316156e+01 6.0064058996105008e+00 -1.0980464549225927e-02 3.8387029304994822e-06 1.1146984148423824e+08 4.2789960716785805e+02 6.0285300858403677e-05 -5.6818907945839934e-03
1.8569284642321161e+01 6.0059664108069368e+00 -1.0982988674847195e-02 3.8386936670566743e-06 1.1602133357855104e+08 4.4537035845145374e+02 6.0313020115910866e-05 -5.6841541911586578e-03
1.8609304652326163e+01 6.0055268209560486e+00 -1.0985514388182210e-02 3.8386843993760445e-06 1.2075867038214761e+08 4.6355442408534407e+02 6.0340763186479184e-05 -5.6864189171454884e-03
1.8649324662331164e+01 6.0050871299942896e+00 -1.0988041690727214e-02 3.8386751274539591e-06 1.2568944023205127e+08 4.8248092800238618e+02 6.0368530098579685e-05 -5.6886849506782742e-03
1.8689344672336169e+01 6.0046473378580485e+00 -1.0990570583945321e-02 3.8386658512867919e-06 1.3082154130923523e+08 5.0218018323646567e+02 6.0396320880342096e-05 -5.6909522799324192e-03
1.8729364682341171e+01 6.0042074444836304e+00 -1.0993101069224465e-02 3.8386565708708964e-06 1.3616319429004568e+08 5.2268374047225439e+02 6.0424135559092031e-05 -5.6932209141763194e-03
1.8769384692346172e+01 6.0037674498072642e+00 -1.0995633147895400e-02 3.8386472862026363e-06 1.4172295551420689e+08 5.4402443857722722e+02 6.0451974161548054e-05 -5.6954908782195701e-03
1.8809404702351173e+01 6.0033273537651368e+00 -1.0998166821338426e-02 3.8386379972783584e-06 1.4750973069049269e+08 5.6623645719682281e+02 6.0479836714994688e-05 -5.6977621838314877e-03
1.8849424712356178e+01 6.0028871562934238e+00 -1.1000702091068848e-02 3.8386287040944170e-06 1.5353278916202486e+08 5.8935537149702486e+02 6.0507723248223262e-05 -5.7000348069213263e-03
1.8889444722361180e+01 6.0024468573282723e+00 -1.1003238958691148e-02 3.8386194066471597e-06 1.5980177875404379e+08 6.1341820914200821e+02 6.0535633791029325e-05 -5.7023086989312060e-03
1.8929464732366181e+01 6.0020064568057077e+00 -1.1005777425611851e-02 3.8386101049329248e-06 1.6632674122794247e+08 6.3846350959814367e+02 6.0563568371053709e-05 -5.7045838658394948e-03
1.8969484742371186e+01 6.0015659546616069e+00 -1.1008317492966666e-02 3.8386007989480489e-06 1.7311812836630884e+08 6.6453138585930401e+02 6.0591527012977952e-05 -5.7068603886935220e-03
1.9009504752376188e+01 6.0011253508319280e+00 -1.1010859162313683e-02 3.8385914886888618e-06 1.8018681871474564e+08 6.9166358869234557e+02 6.0619509746153589e-05 -5.7091382329576765e-03
1.9049524762381189e+01 6.0006846452525444e+00 -1.1013402435127096e-02 3.8385821741516942e-06 1.8754413500729129e+08 7.1990357350568706e+02 6.0647516599031725e-05 -5.7114173876755200e-03
1.9089544772386194e+01 6.0002438378592631e+00 -1.1015947312850898e-02 3.8385728553328690e-06 1.9520186230334312e+08 7.4929656994803736e+02 6.0675547599753456e-05 -5.7136978511222484e-03
1.9129564782391196e+01 5.9998029285878038e+00 -1.1018493796847061e-02 3.8385635322287068e-06 2.0317226686513981e+08 7.7988965434876457e+02 6.0703602775578588e-05 -5.7159796434961630e-03
1.9169584792396197e+01 5.9993619173738288e+00 -1.1021041888476291e-02 3.8385542048355204e-06 2.1146811580604792e+08 8.1173182511594996e+02 6.0731682153774526e-05 -5.7182627863030426e-03
1.9209604802401198e+01 5.9989208041529780e+00 -1.1023591589205720e-02 3.8385448731496227e-06 2.2010269754111266e+08 8.4487408121284011e+02 6.0759785762803543e-05 -5.7205472728225426e-03
1.9249624812406203e+01 5.9984795888608753e+00 -1.1026142900634018e-02 3.8385355371673206e-06 2.2908984307264149e+08 8.7936950383841906e+02 6.0787913632600976e-05 -5.7228330601110638e-03
1.9289644822411205e+01 5.9980382714330771e+00 -1.1028695824324379e-02 3.8385261968849211e-06 2.3844394814490747e+08 9.1527334144289705e+02 6.0816065792735004e-05 -5.7251201159852026e-03
1.9329664832416206e+01 5.9975968518049507e+00 -1.1031250361450641e-02 3.8385168522987158e-06 2.4817999630347279e+08 9.5264309821431334e+02 6.0844242268502455e-05 -5.7274085147385441e-03
1.9369684842421211e+01 5.9971553299118936e+00 -1.1033806513450836e-02 3.8385075034050024e-06 2.5831358289605409e+08 9.9153862617793368e+02 6.0872443088135046e-05 -5.7296982590294187e-03
1.9409704852426213e+01 5.9967137056892685e+00 -1.1036364281840494e-02 3.8384981502000667e-06 2.6886094005338120e+08 1.0320222210559548e+03 6.0900668280742318e-05 -5.7319893313201586e-03
1.9449724862431214e+01 5.9962719790723744e+00 -1.1038923668110498e-02 3.8384887926801986e-06 2.7983896269007260e+08 1.0741587220410959e+03 6.0928917875185068e-05 -5.7342817201715439e-03
1.9489744872436219e+01 5.9958301499964231e+00 -1.1041484673669100e-02 3.8384794308416770e-06 2.9126523556715983e+08 1.1180156156437986e+03 6.0957191899434819e-05 -5.7365754385908701e-03
1.9529764882441221e+01 5.9953882183965517e+00 -1.1044047299878092e-02 3.8384700646807761e-06 3.0315806145961809e+08 1.1636631437793990e+03 6.0985490380972292e-05 -5.7388705112896435e-03
1.9569784892446222e+01 5.9949461842078611e+00 -1.1046611548164560e-02 3.8384606941937712e-06 3.1553649047403121e+08 1.2111744162684161e+03 6.1013813348021312e-05 -5.7411669467907264e-03
1.9609804902451224e+01 5.9945040473654405e+00 -1.1049177420096166e-02 3.8384513193769304e-06 3.2842035056333351e+08 1.2606255279300615e+03 6.1042160830381486e-05 -5.7434647149229535e-03
1.9649824912456229e+01 5.9940618078043402e+00 -1.1051744917307874e-02 3.8384419402265183e-06 3.4183027928752410e+08 1.3120956804565767e+03 6.1070532858620221e-05 -5.7457637684475617e-03
1.9689844922461230e+01 5.9936194654594672e+00 -1.1054314041168866e-02 3.8384325567387960e-06 3.5578775687121439e+08 1.3656673092635365e+03 6.1098929460391577e-05 -5.7480641322256920e-03
1.9729864932466231e+01 5.9931770202656214e+00 -1.1056884792910648e-02 3.8384231689100113e-06 3.7031514061098093e+08 1.4214262155193578e+03 6.1127350661849370e-05 -5.7503658700638833e-03
1.9769884942471236e+01 5.9927344721576601e+00 -1.1059457174113031e-02 3.8384137767364201e-06 3.8543570068761426e+08 1.4794617035653939e+03 6.1155796493020091e-05 -5.7526689504180809e-03
1.9809904952476238e+01 5.9922918210703582e+00 -1.1062031186287381e-02 3.8384043802142703e-06 4.0117365744063878e+08 1.5398667239467270e+03 6.1184266983197298e-05 -5.7549733611941553e-03
1.9849924962481239e+01 5.9918490669384168e+00 -1.1064606830896785e-02 3.8383949793398009e-06 4.1755422016482317e+08 1.6027380222828031e+03 6.1212762161163902e-05 -5.7572791039287039e-03
1.9889944972486244e+01 5.9914062096964491e+00 -1.1067184109327135e-02 3.8383855741092485e-06 4.3460362749080271e+08 1.6681762942162468e+03 6.1241282054871530e-05 -5.7595862017771112e-03
1.9929964982491246e+01 5.9909632492790186e+00 -1.1069763022981039e-02 3.8383761645188465e-06 4.5234918941450548e+08 1.7362863466880588e+03 6.1269826692479147e-05 -5.7618946739929752e-03
1.9969984992496247e+01 5.9905201856206656e+00 -1.1072343573382009e-02 3.8383667505648255e-06 4.7081933104272217e+08 1.8071772657975584e+03 6.1298396103506936e-05 -5.7642045069305810e-03
2.0010005002501249e+01 5.9900770186559145e+00 -1.1074925762176448e-02 3.8383573322434104e-06 4.9004363812486166e+08 1.8809625915157992e+03 6.1326990318859783e-05 -5.7665156540262618e-03
2.0050025012506254e+01 5.9896337483191999e+00 -1.1077509590920903e-02 3.8383479095508223e-06 5.1005290444385052e+08 1.9577604995323791e+03 6.1355609368472306e-05 -5.7688280942733644e-03
2.0090045022511255e+01 5.9891903745447657e+00 -1.1080095060780497e-02 3.8383384824832753e-06 5.3087918114206868e+08 2.0376939905268118e+03 6.1384253277966180e-05 -5.7711419128176119e-03
2.0130065032516256e+01 5.9887468972669238e+00 -1.1082682173298898e-02 3.8383290510369778e-06 5.5255582806135964e+08 2.1208910871677099e+03 6.1412922077178596e-05 -5.7734570927165272e-03
2.0170085042521261e+01 5.9883033164199206e+00 -1.1085270930011609e-02 3.8383196152081396e-06 5.7511756717931974e+08 2.2074850391551677e+03 6.1441615795880227e-05 -5.7757736199077420e-03
2.0210105052526263e+01 5.9878596319379396e+00 -1.1087861332432274e-02 3.8383101749929632e-06 5.9860053822747540e+08 2.2976145366347832e+03 6.1470334463623402e-05 -5.7780914862150404e-03
2.0250125062531264e+01 5.9874158437550724e+00 -1.1090453381988056e-02 3.8383007303876447e-06 6.2304235658045781e+08 2.3914239323252104e+03 6.1499078109025150e-05 -5.7804107082018745e-03
2.0290145072536269e+01 5.9869719518053408e+00 -1.1093047080077044e-02 3.8382912813883775e-06 6.4848217350886858e+08 2.4890634727148754e+03 6.1527846760402920e-05 -5.7827313102370784e-03
2.0330165082541271e+01 5.9865279560227380e+00 -1.1095642428181838e-02 3.8382818279913508e-06 6.7496073889236271e+08 2.5906895386981710e+03 6.1556640447034481e-05 -5.7850532943480365e-03
2.0370185092546272e+01 5.9860838563412404e+00 -1.1098239427926508e-02 3.8382723701927505e-06 7.0252046649343085e+08 2.6964648960366576e+03 6.1585459199791243e-05 -5.7873766245873084e-03
2.0410205102551274e+01 5.9856396526947755e+00 -1.1100838080964076e-02 3.8382629079887589e-06 7.3120550189638913e+08 2.8065589560462145e+03 6.1614303049891086e-05 -5.7897012573781288e-03
2.0450225112556279e+01 5.9851953450170976e+00 -1.1103438388606973e-02 3.8382534413755500e-06 7.6106179322044230e+08 2.9211480469278099e+03 6.1643172024795510e-05 -5.7920272432356295e-03
2.0490245122561280e+01 5.9847509332419193e+00 -1.1106040352221938e-02 3.8382439703492910e-06 7.9213716472005880e+08 3.0404156961763488e+03 6.1672066152591002e-05 -5.7943546170882085e-03
2.0530265132566281e+01 5.9843064173029648e+00 -1.1108643973398353e-02 3.8382344949061532e-06 8.2448139339059281e+08 3.1645529245200632e+03 6.1700985463859775e-05 -5.7966833543097564e-03
2.0570285142571286e+01 5.9838617971338861e+00 -1.1111249253682814e-02 3.8382250150422980e-06 8.5814628870181406e+08 3.2937585518610126e+03 6.1729929988733447e-05 -5.7990134430872600e-03
2.0610305152576288e+01 5.9834170726682494e+00 -1.1113856194553799e-02 3.8382155307538807e-06 8.9318577558708179e+08 3.4282395157067876e+03 6.1758899756610920e-05 -5.8013448892825434e-03
2.0650325162581289e+01 5.9829722438395407e+00 -1.1116464797425419e-02 3.8382060420370582e-06 9.2965598082112908e+08 3.5682112026035452e+03 6.1787894796199277e-05 -5.8036777179825668e-03
2.0690345172586291e+01 5.9825273105811982e+00 -1.1119075063751704e-02 3.8381965488879723e-06 9.6761532292475915e+08 3.7138977931009313e+03 6.1816915136672488e-05 -5.8060119430287304e-03
2.0730365182591296e+01 5.9820822728266441e+00 -1.1121686995118868e-02 3.8381870513027741e-06 1.0071246057405127e+09 3.8655326208016477e+03 6.1845960808698080e-05 -5.8083475433179767e-03
2.0770385192596297e+01 5.9816371305092702e+00 -1.1124300593212988e-02 3.8381775492776012e-06 1.0482471158291594e+09 4.0233585460704767e+03 6.1875031844079416e-05 -5.8106844714509009e-03
2.0810405202601299e+01 5.9811918835623548e+00 -1.1126915859550567e-02 3.8381680428085927e-06 1.0910487238430798e+09 4.1876283450016062e+03 6.1904128272758974e-05 -5.8130227258179424e-03
2.0850425212606304e+01 5.9807465319190083e+00 -1.1129532795337372e-02 3.8381585318918727e-06 1.1355979900388520e+09 4.3586051142668812e+03 6.1933250121245050e-05 -5.8153623898785064e-03
2.0890445222611305e+01 5.9803010755124264e+00 -1.1132151402207724e-02 3.8381490165235694e-06 1.1819662740980854e+09 4.5365626924935941e+03 6.1962397420837695e-05 -5.8177034315456217e-03
2.0930465232616307e+01 5.9798555142757150e+00 -1.1134771681719098e-02 3.8381394966998075e-06 1.2302278494324508e+09 4.7217860988467528e+03 6.1991570202006769e-05 -5.8200458400022208e-03
2.0970485242621312e+01 5.9794098481419100e+00 -1.1137393635401737e-02 3.8381299724167000e-06 1.2804600221559312e+09 4.9145719895180318e+03 6.2020768494943564e-05 -5.8223896119871041e-03
2.1010505252626313e+01 5.9789640770439609e+00 -1.1140017264704016e-02 3.8381204436703600e-06 1.3327432549149003e+09 5.1152291328526571e+03 6.2049992328951773e-05 -5.8247347671334391e-03
2.1050525262631314e+01 5.9785182009147517e+00 -1.1142642571069469e-02 3.8381109104568944e-06 1.3871612957744191e+09 5.3240789038753210e+03 6.2079241733304814e-05 -5.8270813272560786e-03
2.1090545272636316e+01 5.9780722196871423e+00 -1.1145269556044439e-02 3.8381013727724068e-06 1.4438013123671238e+09 5.5414557990068606e+03 6.2108516738445499e-05 -5.8294292858974382e-03
2.1130565282641321e+01 5.9776261332939722e+00 -1.1147898221306100e-02 3.8380918306130002e-06 1.5027540315196545e+09 5.7677079717963370e+03 6.2137817376299855e-05 -5.8317786026813459e-03
2.1170585292646322e+01 5.9771799416680098e+00 -1.1150528568500582e-02 3.8380822839747671e-06 1.5641138845802238e+09 6.0031977905263111e+03 6.2167143678473812e-05 -5.8341292458333992e-03
2.1210605302651324e+01 5.9767336447418344e+00 -1.1153160598893526e-02 3.8380727328537951e-06 1.6279791586801944e+09 6.2483024185847162e+03 6.2196495672355495e-05 -5.8364812865693127e-03
2.1250625312656329e+01 5.9762872424480484e+00 -1.1155794314005780e-02 3.8380631772461701e-06 1.6944521541718645e+09 6.5034144185324840e+03 6.2225873388201843e-05 -5.8388347282375382e-03
2.1290645322661330e+01 5.9758407347192213e+00 -1.1158429715435564e-02 3.8380536171479694e-06 1.7636393484946837e+09 6.7689423808345091e+03 6.2255276857157703e-05 -5.8411895530624883e-03
2.1330665332666332e+01 5.9753941214878479e+00 -1.1161066804756087e-02 3.8380440525552738e-06 1.8356515667324469e+09 7.0453115782612385e+03 6.2284706110114120e-05 -5.8435457511290412e-03
2.1370685342671337e+01 5.9749474026863378e+00 -1.1163705583458791e-02 3.8380344834641522e-06 1.9106041591345546e+09 7.3329646470084508e+03 6.2314161177074495e-05 -5.8459033350578308e-03
2.1410705352676338e+01 5.9745005782470217e+00 -1.1166346052991532e-02 3.8380249098706685e-06 1.9886171858857496e+09 7.6323622956264162e+03 6.2343642087579783e-05 -5.8482623294512448e-03
2.1450725362681339e+01 5.9740536481021911e+00 -1.1168988214869946e-02 3.8380153317708865e-06 2.0698156094203572e+09 7.9439840428940324e+03 6.2373148871951869e-05 -5.8506227408225732e-03
2.1490745372686341e+01 5.9736066121841223e+00 -1.1171632070749107e-02 3.8380057491608625e-06 2.1543294945889592e+09 8.2683289858192402e+03 6.2402681562094987e-05 -5.8529845393698824e-03
2.1530765382691346e+01 5.9731594704250481e+00 -1.1174277622342637e-02 3.8379961620366534e-06 2.2422942169982309e+09 8.6059165989961930e+03 6.2432240190593707e-05 -5.8553476795055372e-03
2.1570785392696347e+01 5.9727122227570462e+00 -1.1176924871080718e-02 3.8379865703943046e-06 2.3338506798575864e+09 8.9572875665990341e+03 6.2461824786891356e-05 -5.8577121928151746e-03
2.1610805402701349e+01 5.9722648691121041e+00 -1.1179573818314041e-02 3.8379769742298577e-06 2.4291455396800923e+09 9.3230046483453552e+03 6.2491435379566392e-05 -5.8600781327198025e-03
2.1650825412706354e+01 5.9718174094222478e+00 -1.1182224465696970e-02 3.8379673735393504e-06 2.5283314411990471e+09 9.7036535808156677e+03 6.2521072000615939e-05 -5.8624454710635892e-03
2.1690845422711355e+01 5.9713698436194225e+00 -1.1184876814826831e-02 3.8379577683188211e-06 2.6315672618765721e+09 1.0099844015572680e+04 6.2550734681425399e-05 -5.8648141959268905e-03
2.1730865432716357e+01 5.9709221716354923e+00 -1.1187530867245426e-02 3.8379481585642956e-06 2.7390183663959608e+09 1.0512210495583164e+04 6.2580423452784597e-05 -5.8671843107472562e-03
2.1770885442721362e+01 5.9704743934022337e+00 -1.1190186624422281e-02 3.8379385442717970e-06 2.8508568715452805e+09 1.0941413471505743e+04 6.2610138344699654e-05 -5.8695558387898581e-03
2.1810905452726363e+01 5.9700265088513707e+00 -1.1192844087852831e-02 3.8379289254373467e-06 2.9672619219165888e+09 1.1388140359472491e+04 6.2639879387491043e-05 -5.8719287969087744e-03
2.1850925462731364e+01 5.9695785179146048e+00 -1.1195503259157986e-02 3.8379193020569588e-06 3.0884199768624845e+09 1.1853106642058836e+04 6.2669646612908541e-05 -5.8743031688315546e-03
2.1890945472736366e+01 5.9691304205236122e+00 -1.1198164140071501e-02 3.8379096741266470e-06 3.2145251091694474e+09 1.2337057014204438e+04 6.2699440053991650e-05 -5.8766789083412665e-03
2.1930965482741371e+01 5.9686822166099649e+00 -1.1200826732201611e-02 3.8379000416424183e-06 3.3457793159265604e+09 1.2840766575920888e+04 6.2729259742401106e-05 -5.8790560032178562e-03
2.1970985492746372e+01 5.9682339061050529e+00 -1.1203491036799696e-02 3.8378904046002665e-06 3.4823928420874186e+09 1.3365042073695955e+04 6.2759105705825562e-05 -5.8814345385181134e-03
2.2011005502751374e+01 5.9677854889403399e+00 -1.1206157055529171e-02 3.8378807629961942e-06 3.6245845172437177e+09 1.3910723192583511e+04 6.2788977976593110e-05 -5.8838144882340272e-03
2.2051025512756379e+01 5.9673369650472106e+00 -1.1208824790004207e-02 3.8378711168261866e-06 3.7725821061497369e+09 1.4478683901047378e+04 6.2818876586506433e-05 -5.8861958403374440e-03
2.2091045522761380e+01 5.9668883343569776e+00 -1.1211494241814899e-02 3.8378614660862380e-06 3.9266226735592899e+09 1.5069833850713720e+04 6.2848801567124313e-05 -5.8885785899746787e-03
2.2131065532766382e+01 5.9664395968008614e+00 -1.1214165412466292e-02 3.8378518107723242e-06 4.0869529639596763e+09 1.5685119833273960e+04 6.2878752949077643e-05 -5.8909627552181315e-03
2.2171085542771387e+01 5.9659907523100166e+00 -1.1216838303449139e-02 3.8378421508804252e-06 4.2538297968106589e+09 1.6325527296871061e+04 6.2908730762861872e-05 -5.8933483591419355e-03
2.2211105552776388e+01 5.9655418008155650e+00 -1.1219512916351884e-02 3.8378324864065100e-06 4.4275204779216747e+09 1.6992081924397880e+04 6.2938735040093380e-05 -5.8957353984237281e-03
2.2251125562781390e+01 5.9650927422486104e+00 -1.1222189252899931e-02 3.8378228173465508e-06 4.6083032276263666e+09 1.7685851276236226e+04 6.2968765813951354e-05 -5.8981238338529805e-03
2.2291145572786391e+01 5.9646435765401886e+00 -1.1224867314808235e-02 3.8378131436965116e-06 4.7964676264400272e+09 1.8407946500066348e+04 6.2998823117525117e-05 -5.9005136298700975e-03
2.2331165582791396e+01 5.9641943036211487e+00 -1.1227547103414146e-02 3.8378034654523470e-06 4.9923150789140320e+09 1.9159524110486280e+04 6.3028906979691689e-05 -5.9029048519202883e-03
2.2371185592796397e+01 5.9637449234223414e+00 -1.1230228620257918e-02 3.8377937826100099e-06 5.1961592964300919e+09 1.9941787841290610e+04 6.3059017431630026e-05 -5.9052975124260680e-03
2.2411205602801399e+01 5.9632954358745929e+00 -1.1232911866997855e-02 3.8377840951654488e-06 5.4083267997079506e+09 2.0755990573376224e+04 6.3089154505870627e-05 -5.9076915916853635e-03
2.2451225612806404e+01 5.9628458409086562e+00 -1.1235596845263715e-02 3.8377744031146107e-06 5.6291574418311071e+09 2.1603436341361547e+04 6.3119318234649980e-05 -5.9100870792375753e-03
2.2491245622811405e+01 5.9623961384551931e+00 -1.1238283556604455e-02 3.8377647064534333e-06 5.8590049526285181e+09 2.2485482422133595e+04 6.3149508649323048e-05 -5.9124839858073156e-03
2.2531265632816407e+01 5.9619463284447853e+00 -1.1240972002519252e-02 3.8377550051778473e-06 6.0982375052844458e+09 2.3403541508668652e+04 6.3179725780710839e-05 -5.9148823367746548e-03
2.2571285642821412e+01 5.9614964108079720e+00 -1.1243662184570383e-02 3.8377452992837821e-06 6.3472383060837250e+09 2.4359083972606772e+04 6.3209969660369018e-05 -5.9172821408092569e-03
2.2611305652826413e+01 5.9610463854752718e+00 -1.1246354104461505e-02 3.8377355887671633e-06 6.6064062082372589e+09 2.5353640219204459e+04 6.3240240321469076e-05 -5.9196833692704920e-03
2.2651325662831415e+01 5.9605962523771652e+00 -1.1249047763964916e-02 3.8377258736239158e-06 6.8761563507711926e+09 2.6388803138438012e+04 6.3270537797982033e-05 -5.9220859751483437e-03
2.2691345672836416e+01 5.9601460114439764e+00 -1.1251743164583031e-02 3.8377161538499494e-06 7.1569208235027380e+09 2.7466230656181542e+04 6.3300862120870482e-05 -5.9244899852574093e-03
2.2731365682841421e+01 5.9596956626059274e+00 -1.1254440307697388e-02 3.8377064294411729e-06 7.4491493591681585e+09 2.8587648389547234e+04 6.3331213319761832e-05 -5.9268954587690303e-03
2.2771385692846422e+01 5.9592452057932821e+00 -1.1257139195021644e-02 3.8376967003934934e-06 7.7533100538112946e+09 2.9754852410639305e+04 6.3361591428046272e-05 -5.9293023659024802e-03
2.2811405702851424e+01 5.9587946409362234e+00 -1.1259839828207416e-02 3.8376869667028096e-06 8.0698901165869722e+09 3.0969712123149639e+04 6.3391996478443018e-05 -5.9317106949802528e-03
2.2851425712856429e+01 5.9583439679648471e+00 -1.1262542208852474e-02 3.8376772283650175e-06 8.3993966501798477e+09 3.2234173256400609e+04 6.3422428503091778e-05 -5.9341204485747652e-03
2.2891445722861430e+01 5.9578931868091631e+00 -1.1265246338478222e-02 3.8376674853760066e-06 8.7423574630889912e+09 3.3550260981630890e+04 6.3452887533298498e-05 -5.9365316505180822e-03
2.2931465732866432e+01 5.9574422973991217e+00 -1.1267952218630415e-02 3.8376577377316603e-06 9.0993219150796127e+09 3.4920083155516542e+04 6.3483373600669053e-05 -5.9389443188548373e-03
2.2971485742871437e+01 5.9569912996646508e+00 -1.1270659850983928e-02 3.8376479854278628e-06 9.4708617971556835e+09 3.6345833696120215e+04 6.3513886738290529e-05 -5.9413584368025367e-03
2.3011505752876438e+01 5.9565401935356546e+00 -1.1273369237332362e-02 3.8376382284604891e-06 9.8575722474632206e+09 3.7829796096676037e+04 6.3544426980615822e-05 -5.9437739576041976e-03
2.3051525762881440e+01 5.9560889789419278e+00 -1.1276080379343290e-02 3.8376284668254108e-06 1.0260072704591675e+10 3.9374347082839391e+04 6.3574994360705359e-05 -5.9461908676252161e-03
2.3091545772886441e+01 5.9556376558130797e+00 -1.1278793278312301e-02 3.8376187005184917e-06 1.0679007899799812e+10 4.0981960419256466e+04 6.3605588907451367e-05 -5.9486092537374882e-03
2.3131565782891446e+01 5.9551862240787914e+00 -1.1281507935958139e-02 3.8376089295355908e-06 1.1115048889755966e+10 4.2655210871552154e+04 6.3636210654543232e-05 -5.9510290900047936e-03
2.3171585792896447e+01 5.9547346836686650e+00 -1.1284224353951112e-02 3.8375991538725677e-06 1.1568894131446507e+10 4.4396778330080429e+04 6.3666859635151701e-05 -5.9534503642919906e-03
2.3211605802901449e+01 5.9542830345122262e+00 -1.1286942533936174e-02 3.8375893735252695e-06 1.2041270600974915e+10 4.6209452102043564e+04 6.3697535882188772e-05 -5.9558730717365433e-03
2.3251625812906454e+01 5.9538312765389092e+00 -1.1289662477471056e-02 3.8375795884895465e-06 1.2532934958042904e+10 4.8096135378852538e+04 6.3728239427608962e-05 -5.9582972307131599e-03
2.3291645822911455e+01 5.9533794096780754e+00 -1.1292384186099574e-02 3.8375697987612347e-06 1.3044674757979103e+10 5.0059849885883625e+04 6.3758970303235866e-05 -5.9607228642610212e-03
2.3331665832916457e+01 5.9529274338590543e+00 -1.1295107661466864e-02 3.8375600043361718e-06 1.3577309713257242e+10 5.2103740722081013e+04 6.3789728542063722e-05 -5.9631499693039020e-03
2.3371685842921462e+01 5.9524753490111566e+00 -1.1297832905358287e-02 3.8375502052101904e-06 1.4131693006523745e+10 5.4231081397152608e+04 6.3820514178698244e-05 -5.9655785051739296e-03
2.3411705852926463e+01 5.9520231550636238e+00 -1.1300559919543618e-02 3.8375404013791188e-06 1.4708712657238306e+10 5.6445279074428414e+04 6.3851327247597831e-05 -5.9680084361921400e-03
2.3451725862931465e+01 5.9515708519454993e+00 -1.1303288705402550e-02 3.8375305928387745e-06 1.5309292944117058e+10 5.8749880027780004e+04 6.3882167778840432e-05 -5.9704398318086403e-03
2.3491745872936466e+01 5.9511184395858354e+00 -1.1306019264540659e-02 3.8375207795849730e-06 1.5934395885655861e+10 6.1148575321337667e+04 6.3913035805082257e-05 -5.9728727003607925e-03
2.3531765882941471e+01 5.9506659179136570e+00 -1.1308751598670950e-02 3.8375109616135275e-06 1.6585022781106039e+10 6.3645206721104500e+04 6.3943931360221389e-05 -5.9753070238991431e-03
2.3571785892946473e+01 5.9502132868579087e+00 -1.1311485709477260e-02 3.8375011389202418e-06 1.7262215814370277e+10 6.6243772847932953e+04 6.3974854477854136e-05 -5.9777427911100328e-03
2.3611805902951474e+01 5.9497605463474441e+00 -1.1314221598560241e-02 3.8374913115009180e-06 1.7967059723388760e+10 6.8948435581722457e+04 6.4005805190663528e-05 -5.9801800145993650e-03
2.3651825912956479e+01 5.9493076963110356e+00 -1.1316959267473680e-02 3.8374814793513522e-06 1.8700683537688461e+10 7.1763526727090197e+04 6.4036783530829202e-05 -5.9826187192819590e-03
2.3691845922961480e+01 5.9488547366774078e+00 -1.1319698717840072e-02 3.8374716424673322e-06 1.9464262386879368e+10 7.4693554951193088e+04 6.4067789531335081e-05 -5.9850589128456365e-03
2.3731865932966482e+01 5.9484016673752711e+00 -1.1322439951426138e-02 3.8374618008446481e-06 2.0259019382995041e+10 7.7743213004814781e+04 6.4098823226825354e-05 -5.9875005644601329e-03
2.3771885942971487e+01 5.9479484883332869e+00 -1.1325182970058899e-02 3.8374519544790819e-06 2.1086227579691639e+10 8.0917385238278395e+04 6.4129884652656057e-05 -5.9899436282063630e-03
2.3811905952976488e+01 5.9474951994799516e+00 -1.1327927775269340e-02 3.8374421033664076e-06 2.1947212011444054e+10 8.4221155424224358e+04 6.4160973840859294e-05 -5.9923881378040854e-03
2.3851925962981490e+01 5.9470418007436745e+00 -1.1330674368521830e-02 3.8374322475023927e-06 2.2843351816006443e+10 8.7659814899785473e+04 6.4192090822738786e-05 -5.9948341445694346e-03
2.3891945972986491e+01 5.9465882920528950e+00 -1.1333422751579883e-02 3.8374223868828061e-06 2.3776082443535427e+10 9.1238871041194099e+04 6.4223235633014265e-05 -5.9972816210594809e-03
2.3931965982991496e+01 5.9461346733359690e+00 -1.1336172926151708e-02 3.8374125215034068e-06 2.4746897955915813e+10 9.4964056084398399e+04 6.4254408305807484e-05 -5.9997305555634711e-03
2.3971985992996498e+01 5.9456809445211647e+00 -1.1338924893884886e-02 3.8374026513599503e-06 2.5757353419970936e+10 9.8841336305811754e+04 6.4285608874581191e-05 -6.0021809520194270e-03
2.4012006003001499e+01 5.9452271055366577e+00 -1.1341678656355221e-02 3.8373927764481888e-06 2.6809067398392490e+10 1.0287692157790398e+05 6.4316837372011790e-05 -6.0046328351875981e-03
2.4052026013006504e+01 5.9447731563105704e+00 -1.1344434215171470e-02 3.8373828967638633e-06 2.7903724542378262e+10 1.0707727531493240e+05 6.4348093831176554e-05 -6.0070862203362840e-03
2.4092046023011505e+01 5.9443190967709985e+00 -1.1347191572075796e-02 3.8373730123027158e-06 2.9043078290131313e+10 1.1144912482474481e+05 6.4379378286693990e-05 -6.0095410886341176e-03
2.4132066033016507e+01 5.9438649268460093e+00 -1.1349950728919672e-02 3.8373631230604833e-06 3.0228953675544151e+10 1.1599947208323677e+05 6.4410690774452099e-05 -6.0119973930423797e-03
2.4172086043021508e+01 5.9434106464635494e+00 -1.1352711687395052e-02 3.8373532290328974e-06 3.1463250251564938e+10 1.2073560494871283e+05 6.4442031328558106e-05 -6.0144551287542045e-03
2.4212106053026513e+01 5.9429562555513877e+00 -1.1355474448863315e-02 3.8373433302156774e-06 3.2747945132930069e+10 1.2566510883411816e+05 6.4473399979393808e-05 -6.0169143794461012e-03
2.4252126063031515e+01 5.9425017540373695e+00 -1.1358239015118647e-02 3.8373334266045456e-06 3.4085096163135700e+10 1.3079587885583096e+05 6.4504796762281699e-05 -6.0193751147235930e-03
2.4292146073036516e+01 5.9420471418492475e+00 -1.1361005387884239e-02 3.8373235181952162e-06 3.5476845210722954e+10 1.3613613247847851e+05 6.4536221711767360e-05 -6.0218373233488038e-03
2.4332166083041521e+01 5.9415924189146976e+00 -1.1363773568853666e-02 3.8373136049833971e-06 3.6925421600154678e+10 1.4169442267602135e+05 6.4567674862088596e-05 -6.0243010026529440e-03
2.4372186093046523e+01 5.9411375851613011e+00 -1.1366543559635151e-02 3.8373036869647948e-06 3.8433145682780388e+10 1.4747965163018828e+05 6.4599156246541661e-05 -6.0267661726423295e-03
2.4412206103051524e+01 5.9406826405165676e+00 -1.1369315361834683e-02 3.8372937641351046e-06 4.0002432553610527e+10 1.5350108498820479e+05 6.4630665898425061e-05 -6.0292328557085629e-03
2.4452226113056529e+01 5.9402275849079764e+00 -1.1372088977169603e-02 3.8372838364900212e-06 4.1635795919851471e+10 1.5976836670264322e+05 6.4662203852331186e-05 -6.0317010434166093e-03
2.4492246123061530e+01 5.9397724182629856e+00 -1.1374864407492706e-02 3.8372739040252347e-06 4.3335852127398918e+10 1.6629153447716433e+05 6.4693770144422206e-05 -6.0341706938888693e-03
2.4532266133066532e+01 5.9393171405089662e+00 -1.1377641654606994e-02 3.8372639667364312e-06 4.5105324351740761e+10 1.7308103584289411e+05 6.4725364810324095e-05 -6.0366417777724078e-03
2.4572286143071533e+01 5.9388617515730902e+00 -1.1380420719915603e-02 3.8372540246192833e-06 4.6947046959979805e+10 1.8014774489117300e+05 6.4756987881142193e-05 -6.0391143726413622e-03
2.4612306153076538e+01 5.9384062513825633e+00 -1.1383201605135743e-02 3.8372440776694652e-06 4.8863970050965767e+10 1.8750297968948650e+05 6.4788639391582476e-05 -6.0415884733806494e-03
2.4652326163081540e+01 5.9379506398645399e+00 -1.1385984312027671e-02 3.8372341258826468e-06 5.0859164180807030e+10 1.9515852040846107e+05 6.4820319376870117e-05 -6.0440640638497857e-03
2.4692346173086541e+01 5.9374949169460942e+00 -1.1388768842325920e-02 3.8372241692544887e-06 5.2935825281334496e+10 2.0312662818896951e+05 6.4852027871966828e-05 -6.0465411352896440e-03
2.4732366183091546e+01 5.9370390825542039e+00 -1.1391555197677618e-02 3.8372142077806483e-06 5.5097279779392487e+10 2.1142006477955027e+05 6.4883764910867985e-05 -6.0490197035021056e-03
2.4772386193096548e+01 5.9365831366157682e+00 -1.1394343379695948e-02 3.8372042414567751e-06 5.7346989925158531e+10 2.2005211297559727e+05 6.4915530527210431e-05 -6.0514997924921519e-03
2.4812406203101549e+01 5.9361270790576421e+00 -1.1397133390078352e-02 3.8371942702785163e-06 5.9688559338028641e+10 2.2903659789306275e+05 6.4947324755619437e-05 -6.0539814054280305e-03
2.4852426213106554e+01 5.9356709098066629e+00 -1.1399925230668066e-02 3.8371842942415165e-06 6.2125738778948303e+10 2.3838790911073156e+05 6.4979147632411181e-05 -6.0564645071303326e-03
2.4892446223111556e+01 5.9352146287896081e+00 -1.1402718903337558e-02 3.8371743133414116e-06 6.4662432158436813e+10 2.4812102371653539e+05 6.5010999194265850e-05 -6.0589490551672329e-03
2.4932466233116557e+01 5.9347582359330682e+00 -1.1405514409606913e-02 3.8371643275738336e-06 6.7302702789930916e+10 2.5825153029482684e+05 6.5042879473875458e-05 -6.0614351009757074e-03
2.4972486243121558e+01 5.9343017311635933e+00 -1.1408311751076346e-02 3.8371543369344025e-06 7.0050779898460236e+10 2.6879565389301395e+05 6.5074788504873327e-05 -6.0639226757873586e-03
2.5012506253126563e+01 5.9338451144077293e+00 -1.1411110929551159e-02 3.8371443414187399e-06 7.2911065395083755e+10 2.7977028200755734e+05 6.5106726323260958e-05 -6.0664117565653042e-03
2.5052526263131565e+01 5.9333883855919423e+00 -1.1413911946797596e-02 3.8371343410224642e-06 7.5888140927935776e+10 2.9119299163093476e+05 6.5138692964624443e-05 -6.0689023314533094e-03
2.5092546273136566e+01 5.9329315446426021e+00 -1.1416714804506180e-02 3.8371243357411843e-06 7.8986775221180054e+10 3.0308207740290876e+05 6.5170688463715292e-05 -6.0713944089646633e-03
2.5132566283141571e+01 5.9324745914859900e+00 -1.1419519504306893e-02 3.8371143255704998e-06 8.2211931713622894e+10 3.1545658091116609e+05 6.5202712854622774e-05 -6.0738880144204080e-03
2.5172586293146573e+01 5.9320175260483357e+00 -1.1422326047883279e-02 3.8371043105060122e-06 8.5568776509222748e+10 3.2833632118826424e+05 6.5234766172076418e-05 -6.0763831595786865e-03
2.5212606303151574e+01 5.9315603482558439e+00 -1.1425134437062204e-02 3.8370942905433152e-06 8.9062686652234680e+10 3.4174192645373801e+05 6.5266848452472350e-05 -6.0788798182757888e-03
2.5252626313156579e+01 5.9311030580346822e+00 -1.1427944673755935e-02 3.8370842656780000e-06 9.2699258740239532e+10 3.5569486715218693e+05 6.5298959733213322e-05 -6.0813779435505630e-03
2.5292646323161581e+01 5.9306456553108653e+00 -1.1430756759633296e-02 3.8370742359056492e-06 9.6484317888856689e+10 3.7021749034026254e+05 6.5331100048951141e-05 -6.0838775523859865e-03
2.5332666333166582e+01 5.9301881400102747e+00 -1.1433570696172613e-02 3.8370642012218355e-06 1.0042392706250345e+11 3.8533305547764467e+05 6.5363269432188546e-05 -6.0863787125621438e-03
2.5372686343171583e+01 5.9297305120588479e+00 -1.1436386485231362e-02 3.8370541616221348e-06 1.0452439678614095e+11 4.0106577167930541e+05 6.5395467919791272e-05 -6.0888813929934676e-03
2.5412706353176588e+01 5.9292727713824283e+00 -1.1439204128592497e-02 3.8370441171021121e-06 1.0879229525356818e+11 4.1744083648873982e+05 6.5427695547803824e-05 -6.0913855823210615e-03
2.5452726363181590e+01 5.9288149179067711e+00 -1.1442023627991446e-02 3.8370340676573296e-06 1.1323445884845166e+11 4.3448447623425099e+05 6.5459952351757267e-05 -6.0938912825533771e-03
2.5492746373186591e+01 5.9283569515575385e+00 -1.1444844985085889e-02 3.8370240132833431e-06 1.1785800309494946e+11 4.5222398803294369e+05 6.5492238366322803e-05 -6.0963985168408759e-03
2.5532766383191596e+01 5.9278988722603261e+00 -1.1447668201554869e-02 3.8370139539757015e-06 1.2267033405546320e+11 4.7068778350967297e+05 6.5524553626445243e-05 -6.0989073025004897e-03
2.5572786393196598e+01 5.9274406799407044e+00 -1.1450493279205125e-02 3.8370038897299509e-06 1.2767916019377837e+11 4.8990543430098111e+05 6.5556898168560868e-05 -6.1014176247133466e-03
2.5612806403201599e+01 5.9269823745242123e+00 -1.1453320219962655e-02 3.8369938205416334e-06 1.3289250472259966e+11 5.0990771941691468e+05 6.5589272030502696e-05 -6.1039294380174584e-03
2.5652826413206604e+01 5.9265239559362746e+00 -1.1456149025627421e-02 3.8369837464062836e-06 1.3831871845525189e+11 5.3072667453654832e+05 6.5621675248692059e-05 -6.1064427297140142e-03
2.5692846423211606e+01 5.9260654241021253e+00 -1.1458979697636710e-02 3.8369736673194273e-06 1.4396649318213638e+11 5.5239564331617916e+05 6.5654107855425158e-05 -6.1089575835973900e-03
2.5732866433216607e+01 5.9256067789470679e+00 -1.1461812237845420e-02 3.8369635832765872e-06 1.4984487559337384e+11 5.7494933079238608e+05 6.5686569887811523e-05 -6.1114739743374797e-03
2.5772886443221608e+01 5.9251480203963167e+00 -1.1464646648059303e-02 3.8369534942732841e-06 1.5596328176992612e+11 5.9842385896544682e+05 6.5719061382428707e-05 -6.1139918898479063e-03
2.5812906453226613e+01 5.9246891483750082e+00 -1.1467482930056625e-02 3.8369434003050296e-06 1.6233151226641675e+11 6.2285682465216273e+05 6.5751582375570038e-05 -6.1165113260570328e-03
2.5852926463231615e+01 5.9242301628081764e+00 -1.1470321085527004e-02 3.8369333013673294e-06 1.6895976780980374e+11 6.4828735970072774e+05 6.5784132902542696e-05 -6.1190323027746421e-03
2.5892946473236616e+01 5.9237710636207819e+00 -1.1473161116151398e-02 3.8369231974556866e-06 1.7585866563906027e+11 6.7475619366411364e+05 6.5816712998584200e-05 -6.1215548423163872e-03
2.5932966483241621e+01 5.9233118507377487e+00 -1.1476003023720359e-02 3.8369130885655949e-06 1.8303925651202536e+11 7.0230571903230541e+05 6.5849322700219410e-05 -6.1240789389112914e-03
2.5972986493246623e+01 5.9228525240839796e+00 -1.1478846810165678e-02 3.8369029746925465e-06 1.9051304240667114e+11 7.3098005912788375e+05 6.5881962045625389e-05 -6.1266045509058564e-03
2.6013006503251624e+01 5.9223930835842911e+00 -1.1481692477380514e-02 3.8368928558320300e-06 1.9829199494514746e+11 7.6082513877371734e+05 6.5914631072568137e-05 -6.1291316466696392e-03
2.6053026513256629e+01 5.9219335291632929e+00 -1.1484540026851637e-02 3.8368827319795214e-06 2.0638857457010345e+11 7.9188875784589769e+05 6.5947329814178705e-05 -6.1316603018675593e-03
2.6093046523261631e+01 5.9214738607456239e+00 -1.1487389460362972e-02 3.8368726031304934e-06 2.1481575050400894e+11 8.2422066782974743e+05 6.5980058307029156e-05 -6.1341905151106879e-03
2.6133066533266632e+01 5.9210140782558689e+00 -1.1490240779758343e-02 3.8368624692804151e-06 2.2358702152345352e+11 8.5787265150153125e+05 6.6012816588410813e-05 -6.1367222694484955e-03
2.6173086543271634e+01 5.9205541816185328e+00 -1.1493093986853687e-02 3.8368523304247516e-06 2.3271643758168622e+11 8.9289860586343904e+05 6.6045604695326183e-05 -6.1392555564136180e-03
2.6213106553276639e+01 5.9200941707580181e+00 -1.1495949083377305e-02 3.8368421865589585e-06 2.4221862231404233e+11 9.2935462846470869e+05 6.6078422663801758e-05 -6.1417903905752781e-03
2.6253126563281640e+01 5.9196340455986460e+00 -1.1498806071022072e-02 3.8368320376784873e-06 2.5210879646229831e+11 9.6729910724711104e+05 6.6111270529487027e-05 -6.1443267966183384e-03
2.6293146573286641e+01 5.9191738060646921e+00 -1.1501664951565163e-02 3.8368218837787834e-06 2.6240280225548874e+11 1.0067928140587359e+06 6.6144148329031236e-05 -6.1468647775838828e-03
2.6333166583291646e+01 5.9187134520804072e+00 -1.1504525726930916e-02 3.8368117248552881e-06 2.7311712878622363e+11 1.0478990019857945e+06 6.6177056100807661e-05 -6.1494042987669893e-03
2.6373186593296648e+01 5.9182529835699818e+00 -1.1507388399072482e-02 3.8368015609034411e-06 2.8426893842316089e+11 1.0906835066583478e+06 6.6209993883553964e-05 -6.1519453183813445e-03
2.6413206603301649e+01 5.9177924004574152e+00 -1.1510252969586467e-02 3.8367913919186683e-06 2.9587609430195117e+11 1.1352148516922423e+06 6.6242961711937036e-05 -6.1544878886794852e-03
2.6453226613306654e+01 5.9173317026666643e+00 -1.1513119440160244e-02 3.8367812178963915e-06 3.0795718893867322e+11 1.1815643584360718e+06 6.6275959621697858e-05 -6.1570320381922183e-03
2.6493246623311656e+01 5.9168708901216789e+00 -1.1515987812679058e-02 3.8367710388320316e-06 3.2053157401160107e+11 1.2298062601989568e+06 6.6308987650886289e-05 -6.1595777451633723e-03
2.6533266633316657e+01 5.9164099627463225e+00 -1.1518858088989723e-02 3.8367608547210020e-06 3.3361939135901880e+11 1.2800178211421294e+06 6.6342045837141994e-05 -6.1621249979989653e-03
2.6573286643321659e+01 5.9159489204643618e+00 -1.1521730270861456e-02 3.8367506655587067e-06 3.4724160524271393e+11 1.3322794600246563e+06 6.6375134217242599e-05 -6.1646738060847223e-03
2.6613306653326664e+01 5.9154877631994705e+00 -1.1524604360005348e-02 3.8367404713405479e-06 3.6142003592884869e+11 1.3866748790015688e+06 6.6408252827327127e-05 -6.1672241942112033e-03
2.6653326663331665e+01 5.9150264908752685e+00 -1.1527480358190702e-02 3.8367302720619204e-06 3.7617739463998370e+11 1.4432911976806091e+06 6.6441401704236223e-05 -6.1697761731401872e-03
2.6693346673336666e+01 5.9145651034153515e+00 -1.1530358267332300e-02 3.8367200677182163e-06 3.9153731993426184e+11 1.5022190926523900e+06 6.6474580886519157e-05 -6.1723297157957827e-03
2.6733366683341671e+01 5.9141036007432675e+00 -1.1533238089422623e-02 3.8367098583048235e-06 4.0752441557000116e+11 1.5635529427173352e+06 6.6507790413654401e-05 -6.1748847756677690e-03
2.6773386693346673e+01 5.9136419827824032e+00 -1.1536119826184870e-02 3.8366996438171180e-06 4.2416428991635895e+11 1.6273909800420352e+06 6.6541030322047809e-05 -6.1774413769586410e-03
2.6813406703351674e+01 5.9131802494560270e+00 -1.1539003479210127e-02 3.8366894242504691e-06 4.4148359697320917e+11 1.6938354474871680e+06 6.6574300646611708e-05 -6.1799995794402955e-03
2.6853426713356679e+01 5.9127184006874458e+00 -1.1541889050430047e-02 3.8366791996002479e-06 4.5951007906591467e+11 1.7629927623588601e+06 6.6607601426218500e-05 -6.1825593538379865e-03
2.6893446723361681e+01 5.9122564363998746e+00 -1.1544776541711101e-02 3.8366689698618141e-06 4.7827261128339441e+11 1.8349736868457806e+06 6.6640932699021463e-05 -6.1851206890566742e-03
2.6933466733366682e+01 5.9117943565164328e+00 -1.1547665954864481e-02 3.8366587350305262e-06 4.9780124773068250e+11 1.9098935054150179e+06 6.6674294502568104e-05 -6.1876835885061182e-03
2.6973486743371684e+01 5.9113321609601455e+00 -1.1550557291628710e-02 3.8366484951017330e-06 5.1812726967003748e+11 1.9878722094507189e+06 6.6707686873598577e-05 -6.1902480758337054e-03
2.7013506753376689e+01 5.9108698496539711e+00 -1.1553450553773045e-02 3.8366382500707767e-06 5.3928323562774017e+11 2.0690346894313195e+06 6.6741109849239341e-05 -6.1928141668520439e-03
2.7053526763381690e+01 5.9104074225208407e+00 -1.1556345743198746e-02 3.8366279999329994e-06 5.6130303354682080e+11 2.1535109349530642e+06 6.6774563468173888e-05 -6.1953818434191382e-03
2.7093546773386691e+01 5.9099448794836462e+00 -1.1559242861915394e-02 3.8366177446837358e-06 5.8422193506928479e+11 2.2414362429202874e+06 6.6808047770370994e-05 -6.1979510600358254e-03
2.7133566783391696e+01 5.9094822204651525e+00 -1.1562141911769359e-02 3.8366074843183110e-06 6.0807665203475183e+11 2.3329514342357502e+06 6.6841562793946814e-05 -6.2005218142531827e-03
2.7173586793396698e+01 5.9090194453879432e+00 -1.1565042894296652e-02 3.8365972188320452e-06 6.3290539528602368e+11 2.4282030793381548e+06 6.6875108573460741e-05 -6.2030941853137402e-03
2.7213606803401699e+01 5.9085565541746732e+00 -1.1567945811452969e-02 3.8365869482202552e-06 6.5874793587579688e+11 2.5273437329481160e+06 6.6908685148356145e-05 -6.2056681432702361e-03
2.7253626813406704e+01 5.9080935467478941e+00 -1.1570850665123859e-02 3.8365766724782525e-06 6.8564566877252417e+11 2.6305321783984168e+06 6.6942292557298628e-05 -6.2082436775202018e-03
2.7293646823411706e+01 5.9076304230300769e+00 -1.1573757457161056e-02 3.8365663916013404e-06 7.1364167916748779e+11 2.7379336819399302e+06 6.6975930838595576e-05 -6.2108207865203763e-03
2.7333666833416707e+01 5.9071671829435859e+00 -1.1576666189331184e-02 3.8365561055848163e-06 7.4278081148931799e+11 2.8497202574305874e+06 6.7009600029601900e-05 -6.2133994917719041e-03
2.7373686843421709e+01 5.9067038264107143e+00 -1.1579576863406825e-02 3.8365458144239705e-06 7.7310974123646057e+11 2.9660709418311417e+06 6.7043300167773316e-05 -6.2159798136193671e-03
2.7413706853426714e+01 5.9062403533537209e+00 -1.1582489481281256e-02 3.8365355181140936e-06 8.0467704974269482e+11 3.0871720819491101e+06 6.7077031291995465e-05 -6.2185617414602179e-03
2.7453726863431715e+01 5.9057767636948340e+00 -1.1585404044980140e-02 3.8365252166504684e-06 8.3753330199542969e+11 3.2132176328899981e+06 6.7110793442721098e-05 -6.2211452315262530e-03
2.7493746873436717e+01 5.9053130573561781e+00 -1.1588320556443470e-02 3.8365149100283694e-06 8.7173112763147473e+11 3.3444094686939963e+06 6.7144586659445151e-05 -6.2237302621994490e-03
2.7533766883441722e+01 5.9048492342596699e+00 -1.1591239017216287e-02 3.8365045982430624e-06 9.0732530523997241e+11 3.4809577056554444e+06 6.7178410977118601e-05 -6.2263169155632146e-03
2.7573786893446723e+01 5.9043852943272821e+00 -1.1594159429226395e-02 3.8364942812898127e-06 9.4437285010755212e+11 3.6230810388429854e+06 6.7212266435159667e-05 -6.2289051746988915e-03
2.7613806903451724e+01 5.9039212374809056e+00 -1.1597081794390793e-02 3.8364839591638776e-06 9.8293310554628955e+11 3.7710070923594744e+06 6.7246153072895193e-05 -6.2314950261483900e-03
2.7653826913456726e+01 5.9034570636423478e+00 -1.1600006114599628e-02 3.8364736318605094e-06 1.0230678379506993e+12 3.9249727839023988e+06 6.7280070929374373e-05 -6.2340864643644313e-03
2.7693846923461731e+01 5.9029927727333114e+00 -1.1602932391652771e-02 3.8364632993749531e-06 1.0648413357360779e+12 4.0852247042088653e+06 6.7314020042632538e-05 -6.2366795069263726e-03
2.7733866933466732e+01 5.9025283646754163e+00 -1.1605860627332430e-02 3.8364529617024482e-06 1.1083205123166340e+12 4.2520195119927255e+06 6.7348000450532548e-05 -6.2392741776662632e-03
2.7773886943471734e+01 5.9020638393902427e+00 -1.1608790823524664e-02 3.8364426188382293e-06 1.1535750132884214e+12 4.4256243450065767e+06 6.7382012192175220e-05 -6.2418704735290060e-03
2.7813906953476739e+01 5.9015991967993431e+00 -1.1611722982261156e-02 3.8364322707775260e-06 1.2006773279886848e+12 4.6063172478867229e+06 6.7416055308385956e-05 -6.2444683543243429e-03
2.7853926963481740e+01 5.9011344368241874e+00 -1.1614657105552704e-02 3.8364219175155636e-06 1.2497029056103535e+12 4.7943876174664441e+06 6.7450129839782954e-05 -6.2470677858615844e-03
2.7893946973486742e+01 5.9006695593860368e+00 -1.1617593195007494e-02 3.8364115590475536e-06 1.3007302760577139e+12 4.9901366662709285e+06 6.7484235822342210e-05 -6.2496688393506887e-03
2.7933966983491747e+01 5.9002045644061614e+00 -1.1620531252493136e-02 3.8364011953687054e-06 1.3538411757367732e+12 5.1938779049359299e+06 6.7518373295084839e-05 -6.2522715189910968e-03
2.7973986993496748e+01 5.8997394518057842e+00 -1.1623471279963769e-02 3.8363908264742256e-06 1.4091206784818438e+12 5.4059376443228824e+06 6.7552542298071283e-05 -6.2548758073071239e-03
2.8014007003501749e+01 5.8992742215060439e+00 -1.1626413279343792e-02 3.8363804523593148e-06 1.4666573318281133e+12 5.6266555181348426e+06 6.7586742871050834e-05 -6.2574816949389029e-03
2.8054027013506751e+01 5.8988088734279707e+00 -1.1629357252469568e-02 3.8363700730191628e-06 1.5265432988483938e+12 5.8563850268699266e+06 6.7620975052783272e-05 -6.2600891963904221e-03
2.8094047023511756e+01 5.8983434074925087e+00 -1.1632303201139232e-02 3.8363596884489543e-06 1.5888745057813213e+12 6.0954941039837161e+06 6.7655238881617017e-05 -6.2626983365947899e-03
2.8134067033516757e+01 5.8978778236205507e+00 -1.1635251127235003e-02 3.8363492986438728e-06 1.6537507956874189e+12 6.3443657051671762e+06 6.7689534396911700e-05 -6.2653091188313303e-03
2.8174087043521759e+01 5.8974121217329669e+00 -1.1638201032788880e-02 3.8363389035990931e-06 1.7212760883792405e+12 6.6033984216841506e+06 6.7723861639804077e-05 -6.2679215084789743e-03
2.8214107053526764e+01 5.8969463017505550e+00 -1.1641152919862650e-02 3.8363285033097860e-06 1.7915585468816650e+12 6.8730071187503934e+06 6.7758220651813346e-05 -6.2705354641173503e-03
2.8254127063531765e+01 5.8964803635939225e+00 -1.1644106790155945e-02 3.8363180977711108e-06 1.8647107506890303e+12 7.1536235999766802e+06 6.7792611470277899e-05 -6.2731510388157798e-03
2.8294147073536767e+01 5.8960143071836271e+00 -1.1647062645468090e-02 3.8363076869782250e-06 1.9408498760966909e+12 7.4456972989404704e+06 6.7827034133729073e-05 -6.2757682595837245e-03
2.8334167083541772e+01 5.8955481324402177e+00 -1.1650020487791447e-02 3.8362972709262768e-06 2.0200978838957439e+12 7.7496959989931891e+06 6.7861488682980224e-05 -6.2783871054349731e-03
2.8374187093546773e+01 5.8950818392841517e+00 -1.1652980319080099e-02 3.8362868496104152e-06 2.1025817147316277e+12 8.0661065824562609e+06 6.7895975158434064e-05 -6.2810075644745287e-03
2.8414207103551774e+01 5.8946154276357827e+00 -1.1655942141207860e-02 3.8362764230257766e-06 2.1884334924395918e+12 8.3954358104059659e+06 6.7930493599592645e-05 -6.2836296469971943e-03
2.8454227113556776e+01 5.8941488974153708e+00 -1.1658905955992761e-02 3.8362659911674923e-06 2.2777907356826060e+12 8.7382111342955641e+06 6.7965044045341746e-05 -6.2862533788312592e-03
2.8494247123561781e+01 5.8936822485431160e+00 -1.1661871765317102e-02 3.8362555540306875e-06 2.3707965782308281e+12 9.0949815407149643e+06 6.7999626535350115e-05 -6.2888787682671542e-03
2.8534267133566782e+01 5.8932154809391939e+00 -1.1664839571212513e-02 3.8362451116104851e-06 2.4675999982353887e+12 9.4663184306405522e+06 6.8034241111062654e-05 -6.2915057875346427e-03
2.8574287143571784e+01 5.8927485945237246e+00 -1.1667809375779575e-02 3.8362346639020019e-06 2.5683560568638721e+12 9.8528165345838461e+06 6.8068887814764888e-05 -6.2941343900314705e-03
2.8614307153576789e+01 5.8922815892166494e+00 -1.1670781180818946e-02 3.8362242109003445e-06 2.6732261466795942e+12 1.0255094865104094e+07 6.8103566685278843e-05 -6.2967646083828578e-03
2.8654327163581790e+01 5.8918144649378137e+00 -1.1673754988062545e-02 3.8362137526006113e-06 2.7823782501625962e+12 1.0673797708210576e+07 6.8138277760657577e-05 -6.2993964932932228e-03
2.8694347173586792e+01 5.8913472216070799e+00 -1.1676730799543074e-02 3.8362032889979012e-06 2.8959872087865527e+12 1.1109595655242825e+07 6.8173021082498919e-05 -6.3020300181499539e-03
2.8734367183591797e+01 5.8908798591442171e+00 -1.1679708617238863e-02 3.8361928200873007e-06 3.0142350030824370e+12 1.1563186676880667e+07 6.8207796691801878e-05 -6.3046651712323895e-03
2.8774387193596798e+01 5.8904123774688930e+00 -1.1682688443062111e-02 3.8361823458639012e-06 3.1373110441376250e+12 1.2035297241004599e+07 6.8242604628828506e-05 -6.3073019588432561e-03
2.8814407203601800e+01 5.8899447765006760e+00 -1.1685670278855189e-02 3.8361718663227712e-06 3.2654124769974766e+12 1.2526683476197073e+07 6.8277444933059753e-05 -6.3099404050016121e-03
2.8854427213606801e+01 5.8894770561590697e+00 -1.1688654126504232e-02 3.8361613814589845e-06 3.3987444964551753e+12 1.3038132382747605e+07 6.8312317644522209e-05 -6.3125805244162387e-03
2.8894447223611806e+01 5.8890092163635455e+00 -1.1691639988038910e-02 3.8361508912676095e-06 3.5375206757358491e+12 1.3570463093101675e+07 6.8347222804955232e-05 -6.3152222937013511e-03
2.8934467233616807e+01 5.8885412570335314e+00 -1.1694627865587301e-02 3.8361403957437039e-06 3.6819633086013052e+12 1.4124528183771608e+07 6.8382160457285490e-05 -6.3178656667192534e-03
2.8974487243621809e+01 5.8880731780883027e+00 -1.1697617761054787e-02 3.8361298948823227e-06 3.8323037654235820e+12 1.4701215040811496e+07 6.8417130641872204e-05 -6.3205106540384758e-03
2.9014507253626814e+01 5.8876049794469774e+00 -1.1700609676113529e-02 3.8361193886785081e-06 3.9887828637974419e+12 1.5301447281041952e+07 6.8452133396380762e-05 -6.3231573270845741e-03
2.9054527263631815e+01 5.8871366610287312e+00 -1.1703603612838747e-02 3.8361088771273035e-06 4.1516512542855537e+12 1.5926186231301516e+07 6.8487168763226087e-05 -6.3258056546758659e-03
2.9094547273636817e+01 5.8866682227526308e+00 -1.1706599573226022e-02 3.8360983602237408e-06 4.3211698219144023e+12 1.6576432468094153e+07 6.8522236783927838e-05 -6.3284556261508102e-03
2.9134567283641822e+01 5.8861996645376520e+00 -1.1709597559225546e-02 3.8360878379628505e-06 4.4976101040637900e+12 1.7253227420097936e+07 6.8557337499510436e-05 -6.3311072438206701e-03
2.9174587293646823e+01 5.8857309863026641e+00 -1.1712597572710006e-02 3.8360773103396539e-06 4.6812547254194277e+12 1.7957655036101755e+07 6.8592470950126170e-05 -6.3337605299971234e-03
2.9214607303651825e+01 5.8852621879664664e+00 -1.1715599615575426e-02 3.8360667773491636e-06 4.8723978506854834e+12 1.8690843521042053e+07 6.8627637176235540e-05 -6.3364155016177566e-03
2.9254627313656826e+01 5.8847932694478216e+00 -1.1718603689848029e-02 3.8360562389863905e-06 5.0713456557819453e+12 1.9453967142918859e+07 6.8662836219859918e-05 -6.3390721436541019e-03
2.9294647323661831e+01 5.8843242306654515e+00 -1.1721609797669846e-02 3.8360456952463422e-06 5.2784168182818311e+12 2.0248248113485914e+07 6.8698068124414867e-05 -6.3417304108191923e-03
2.9334667333666832e+01 5.8838550715379503e+00 -1.1724617941035796e-02 3.8360351461240128e-06 5.4939430278736191e+12 2.1074958545726180e+07 6.8733332931629227e-05 -6.3443902969887080e-03
2.9374687343671834e+01 5.8833857919837209e+00 -1.1727628121609893e-02 3.8360245916143921e-06 5.7182695176668730e+12 2.1935422491249092e+07 6.8768630679387583e-05 -6.3470518815004267e-03
2.9414707353676839e+01 5.8829163919212277e+00 -1.1730640341475638e-02 3.8360140317124614e-06 5.9517556171917461e+12 2.2831018060870998e+07 6.8803961410527834e-05 -6.3497151368166731e-03
2.9454727363681840e+01 5.8824468712688347e+00 -1.1733654602653467e-02 3.8360034664132037e-06 6.1947753279783457e+12 2.3763179631775927e+07 6.8839325167185437e-05 -6.3523800516824894e-03
2.9494747373686842e+01 5.8819772299448143e+00 -1.1736670907130221e-02 3.8359928957115894e-06 6.4477179226381025e+12 2.4733400144792050e+07 6.8874721991138456e-05 -6.3550466246996744e-03
2.9534767383691847e+01 5.8815074678673289e+00 -1.1739689256806371e-02 3.8359823196025819e-06 6.7109885684064102e+12 2.5743233495462030e+07 6.8910151923187452e-05 -6.3577148774516925e-03
2.9574787393696848e+01 5.8810375849544654e+00 -1.1742709653588148e-02 3.8359717380811398e-06 6.9850089761455010e+12 2.6794297022737220e+07 6.8945615004236134e-05 -6.3603848294555235e-03
2.9614807403701850e+01 5.8805675811242688e+00 -1.1745732099504625e-02 3.8359611511422156e-06 7.2702180758473496e+12 2.7888274099282343e+07 6.8981111276666669e-05 -6.3630564711200134e-03
2.9654827413706851e+01 5.8800974562947506e+00 -1.1748756596718287e-02 3.8359505587807592e-06 7.5670727197182236e+12 2.9026916827537760e+07 6.9016640784465736e-05 -6.3657297578558290e-03
2.9694847423711856e+01 5.8796272103838092e+00 -1.1751783147297612e-02 3.8359399609917122e-06 7.8760484139714326e+12 3.0212048845858414e+07 6.9052203570554079e-05 -6.3684046706275078e-03
2.9734867433716857e+01 5.8791568433091328e+00 -1.1754811752919654e-02 3.8359293577700026e-06 8.1976400805001914e+12 3.1445568249222733e+07 6.9087799673289010e-05 -6.3710812911712779e-03
2.9774887443721859e+01 5.8786863549884609e+00 -1.1757842415657280e-02 3.8359187491105591e-06 8.5323628496510830e+12 3.2729450629190989e+07 6.9123429135714711e-05 -6.3737596003325169e-03
2.9814907453726864e+01 5.8782157453394452e+00 -1.1760875137561818e-02 3.8359081350083038e-06 8.8807528853674824e+12 3.4065752237979591e+07 6.9159092000659864e-05 -6.3764395853365156e-03
2.9854927463731865e+01 5.8777450142796468e+00 -1.1763909920655281e-02 3.8358975154581495e-06 9.2433682440248984e+12 3.5456613281719863e+07 6.9194788310645861e-05 -6.3791212416273385e-03
2.9894947473736867e+01 5.8772741617265156e+00 -1.1766946766868413e-02 3.8358868904550046e-06 9.6207897683342012e+12 3.6904261348176800e+07 6.9230518107157491e-05 -6.3818045882982960e-03
2.9934967483741872e+01 5.8768031875974174e+00 -1.1769985678121412e-02 3.8358762599937699e-06 1.0013622017744105e+13 3.8411014974415526e+07 6.9266281431591570e-05 -6.3844896482778890e-03
2.9974987493746873e+01 5.8763320918096724e+00 -1.1773026656447529e-02 3.8358656240693413e-06 1.0422494236833422e+13 3.9979287360130146e+07 6.9302078326712041e-05 -6.3871764157065703e-03
3.0015007503751875e+01 5.8758608742805709e+00 -1.1776069704025144e-02 3.8358549826766103e-06 1.0848061363244664e+13 4.1611590232583664e+07 6.9337908837029414e-05 -6.3898648486828448e-03
3.0055027513756876e+01 5.8753895349273035e+00 -1.1779114822983969e-02 3.8358443358104582e-06 1.1291005076772824e+13 4.3310537869346164e+07 6.9373773006520340e-05 -6.3925549183282094e-03
3.0095047523761881e+01 5.8749180736668443e+00 -1.1782162015040513e-02 3.8358336834657606e-06 1.1752034891290359e+13 4.5078851285276435e+07 6.9409670874331754e-05 -6.3952467019412190e-03
3.0135067533766883e+01 5.8744464904161937e+00 -1.1785211282242780e-02 3.8358230256373827e-06 1.2231889291256965e+13 4.6919362590450794e+07 6.9445602483551259e-05 -6.3979401930321844e-03
3.0175087543771884e+01 5.8739747850922850e+00 -1.1788262626675101e-02 3.8358123623201915e-06 1.2731336914635281e+13 4.8835019526021414e+07 6.9481567877732476e-05 -6.4006353763245713e-03
3.0215107553776889e+01 5.8735029576119580e+00 -1.1791316050392339e-02 3.8358016935090438e-06 1.3251177784106592e+13 5.0828890185265481e+07 6.9517567100120002e-05 -6.4033322445606533e-03
3.0255127563781890e+01 5.8730310078919414e+00 -1.1794371555358840e-02 3.8357910191987863e-06 1.3792244588558963e+13 5.2904167927387528e+07 6.9553600192928848e-05 -6.4060308146448681e-03
3.0295147573786892e+01 5.8725589358488737e+00 -1.1797429143514050e-02 3.8357803393842647e-06 1.4355404016901072e+13 5.5064176491947033e+07 6.9589667198117325e-05 -6.4087311101348118e-03
3.0335167583791897e+01 5.8720867413993441e+00 -1.1800488816896538e-02 3.8357696540603130e-06 1.4941558146337334e+13 5.7312375322098404e+07 6.9625768158850125e-05 -6.4114331303220980e-03
3.0375187593796898e+01 5.8716144244599100e+00 -1.1803550577693372e-02 3.8357589632217643e-06 1.5551645887328510e+13 5.9652365105171219e+07 6.9661903120082769e-05 -6.4141368368508724e-03
3.0415207603801900e+01 5.8711419849470419e+00 -1.1806614428081620e-02 3.8357482668634458e-06 1.6186644487552863e+13 6.2087893539465643e+07 6.9698072126692540e-05 -6.4168421948031127e-03
3.0455227613806901e+01 5.8706694227769960e+00 -1.1809680369840519e-02 3.8357375649801686e-06 1.6847571097275902e+13 6.4622861336495340e+07 6.9734275218898242e-05 -6.4195492716684049e-03
3.0495247623811906e+01 5.8701967378660269e+00 -1.1812748404988313e-02 3.8357268575667462e-06 1.7535484398637035e+13 6.7261328468294740e+07 6.9770512439776977e-05 -6.4222580745797852e-03
3.0535267633816908e+01 5.8697239301303377e+00 -1.1815818535641780e-02 3.8357161446179813e-06 1.8251486301462207e+13 7.0007520669792518e+07 6.9806783833607926e-05 -6.4249685852584091e-03
3.0575287643821909e+01 5.8692509994860389e+00 -1.1818890763886824e-02 3.8357054261286732e-06 1.8996723708319941e+13 7.2865836206670016e+07 6.9843089444344633e-05 -6.4276807957873222e-03
3.0615307653826914e+01 5.8687779458491303e+00 -1.1821965091720392e-02 3.8356947020936107e-06 1.9772390351646863e+13 7.5840852919538692e+07 6.9879429314927764e-05 -6.4303947201742083e-03
3.0655327663831915e+01 5.8683047691355137e+00 -1.1825041521102184e-02 3.8356839725075797e-06 2.0579728705885973e+13 7.8937335555720985e+07 6.9915803487895329e-05 -6.4331103828062239e-03
3.0695347673836917e+01 5.8678314692610396e+00 -1.1828120054079953e-02 3.8356732373653556e-06 2.1420031977701234e+13 8.2160243400378734e+07 6.9952212006864183e-05 -6.4358277867465861e-03
3.0735367683841922e+01 5.8673580461415247e+00 -1.1831200692853462e-02 3.8356624966617105e-06 2.2294646177455172e+13 8.5514738219207168e+07 6.9988654917288120e-05 -6.4385468966798804e-03
3.0775387693846923e+01 5.8668844996927083e+00 -1.1834283439642211e-02 3.8356517503914123e-06 2.3204972275268164e+13 8.9006192525416523e+07 7.0025132264894940e-05 -6.4412676735345871e-03
3.0815407703851925e+01 5.8664108298301239e+00 -1.1837368296286370e-02 3.8356409985492179e-06 2.4152468445113848e+13 9.2640198184244961e+07 7.0061644090962835e-05 -6.4439901744424294e-03
3.0855427713856926e+01 5.8659370364692665e+00 -1.1840455264777134e-02 3.8356302411298739e-06 2.5138652400543707e+13 9.6422575368777543e+07 7.0098190438594275e-05 -6.4467144197259919e-03
3.0895447723861931e+01 5.8654631195256055e+00 -1.1843544347265002e-02 3.8356194781281280e-06 2.6165103825783523e+13 1.0035938188142009e+08 7.0134771352816394e-05 -6.4494403894973995e-03
3.0935467733866933e+01 5.8649890789145118e+00 -1.1846635545864877e-02 3.8356087095387167e-06 2.7233466906094859e+13 1.0445692285595185e+08 7.0171386878274604e-05 -6.4521680737071119e-03
3.0975487743871934e+01 5.8645149145512461e+00 -1.1849728862606832e-02 3.8355979353563730e-06 2.8345452961456172e+13 1.0872176085570247e+08 7.0208037058648701e-05 -6.4548974837210157e-03
3.1015507753876939e+01 5.8640406263509668e+00 -1.1852824299473513e-02 3.8355871555758175e-06 2.9502843187780539e+13 1.1316072638401854e+08 7.0244721937094890e-05 -6.4576286456375321e-03
3.1055527763881940e+01 5.8635662142287766e+00 -1.1855921858524130e-02 3.8355763701917706e-06 3.0707491510061582e+13 1.1778092882385662e+08 7.0281441557715129e-05 -6.4603615647313931e-03
3.1095547773886942e+01 5.8630916780997442e+00 -1.1859021541969888e-02 3.8355655791989426e-06 3.1961327552018934e+13 1.2258976782402663e+08 7.0318195966452931e-05 -6.4630962091141312e-03
3.1135567783891943e+01 5.8626170178788675e+00 -1.1862123352065733e-02 3.8355547825920403e-06 3.3266359726997965e+13 1.2759494515031429e+08 7.0354985209811584e-05 -6.4658325370581865e-03
3.1175587793896948e+01 5.8621422334809443e+00 -1.1865227290717015e-02 3.8355439803657597e-06 3.4624678455076602e+13 1.3280447702046907e+08 7.0391809330187921e-05 -6.4685705953610251e-03
3.1215607803901950e+01 5.8616673248207096e+00 -1.1868333359892456e-02 3.8355331725147906e-06 3.6038459511530992e+13 1.3822670694280830e+08 7.0428668370768084e-05 -6.4713104159335021e-03
3.1255627813906951e+01 5.8611922918128858e+00 -1.1871441561775456e-02 3.8355223590338164e-06 3.7509967512025680e+13 1.4387031907900655e+08 7.0465562377324841e-05 -6.4740519769188737e-03
3.1295647823911956e+01 5.8607171343720958e+00 -1.1874551898508607e-02 3.8355115399175141e-06 3.9041559540108508e+13 1.4974435215246290e+08 7.0502491395187179e-05 -6.4767952675148762e-03
3.1335667833916958e+01 5.8602418524128508e+00 -1.1877664372154784e-02 3.8355007151605569e-06 4.0635688922821922e+13 1.5585821392452541e+08 7.0539455468777545e-05 -6.4795402972127169e-03
3.1375687843921959e+01 5.8597664458495604e+00 -1.1880778984720609e-02 3.8354898847576050e-06 4.2294909160479781e+13 1.6222169626176196e+08 7.0576454641889426e-05 -6.4822870916275994e-03
3.1415707853926964e+01 5.8592909145965697e+00 -1.1883895738278775e-02 3.8354790487033145e-06 4.4021878016902016e+13 1.6884499081840071e+08 7.0613488959140222e-05 -6.4850356592221032e-03
3.1455727863931966e+01 5.8588152585681907e+00 -1.1887014635053256e-02 3.8354682069923389e-06 4.5819361776659992e+13 1.7573870535905942e+08 7.0650558466985150e-05 -6.4877859711754554e-03
3.1495747873936967e+01 5.8583394776786690e+00 -1.1890135677331456e-02 3.8354573596193208e-06 4.7690239676153516e+13 1.8291388074791235e+08 7.0687663212675177e-05 -6.4905379836655659e-03
3.1535767883941968e+01 5.8578635718420617e+00 -1.1893258867082802e-02 3.8354465065788984e-06 4.9637508515614180e+13 1.9038200863149273e+08 7.0724803239721843e-05 -6.4932917339217472e-03
3.1575787893946973e+01 5.8573875409723311e+00 -1.1896384206257823e-02 3.8354356478656948e-06 5.1664287459425172e+13 1.9815504984345987e+08 7.0761978591450287e-05 -6.4960472640335611e-03
3.1615807903951975e+01 5.8569113849834462e+00 -1.1899511697073173e-02 3.8354247834743371e-06 5.3773823032444773e+13 2.0624545356080180e+08 7.0799189314390632e-05 -6.4988045505265032e-03
3.1655827913956976e+01 5.8564351037892708e+00 -1.1902641341696827e-02 3.8354139133994384e-06 5.5969494320339578e+13 2.1466617724216127e+08 7.0836435454535221e-05 -6.5015635822234579e-03
3.1695847923961981e+01 5.8559586973035618e+00 -1.1905773142224406e-02 3.8354030376356123e-06 5.8254818382253961e+13 2.2343070738020775e+08 7.0873717057055996e-05 -6.5043243667689613e-03
3.1735867933966983e+01 5.8554821654399669e+00 -1.1908907100689285e-02 3.8353921561774556e-06 6.0633455884487469e+13 2.3255308110129502e+08 7.0911034166423840e-05 -6.5070869288986121e-03
3.1775887943971984e+01 5.8550055081120682e+00 -1.1912043219180775e-02 3.8353812690195617e-06 6.3109216964206117e+13 2.4204790864700770e+08 7.0948386827815343e-05 -6.5098512796772550e-03
3.1815907953976989e+01 5.8545287252334095e+00 -1.1915181499935618e-02 3.8353703761565231e-06 6.5686067332576586e+13 2.5193039677358696e+08 7.0985775088203999e-05 -6.5126173932076115e-03
3.1855927963981991e+01 5.8540518167174769e+00 -1.1918321945268038e-02 3.8353594775829222e-06 6.8368134627100984e+13 2.6221637310671693e+08 7.1023198995528864e-05 -6.5153852255158840e-03
3.1895947973986992e+01 5.8535747824775726e+00 -1.1921464557209261e-02 3.8353485732933329e-06 7.1159715023329828e+13 2.7292231149068820e+08 7.1060658594398297e-05 -6.5181548038665557e-03
3.1935967983991993e+01 5.8530976224268851e+00 -1.1924609337701444e-02 3.8353376632823189e-06 7.4065280116539422e+13 2.8406535837251872e+08 7.1098153928398242e-05 -6.5209261796881288e-03
3.1975987993996998e+01 5.8526203364786165e+00 -1.1927756288991771e-02 3.8353267475444407e-06 7.7089484084400625e+13 2.9566336026330316e+08 7.1135685044791376e-05 -6.5236993271325884e-03
3.2016008004002003e+01 5.8521429245458645e+00 -1.1930905413274085e-02 3.8353158260742543e-06 8.0237171142109562e+13 3.0773489232076126e+08 7.1173251990246436e-05 -6.5264742354770380e-03
3.2056028014007005e+01 5.8516653865416197e+00 -1.1934056712675728e-02 3.8353048988663056e-06 8.3513383301924484e+13 3.2029928809877050e+08 7.1210854810680293e-05 -6.5292509108794122e-03
3.2096048024012006e+01 5.8511877223787616e+00 -1.1937210189255419e-02 3.8352939659151322e-06 8.6923368449537156e+13 3.3337667051152766e+08 7.1248493551231696e-05 -6.5320293778438239e-03
3.2136068034017008e+01 5.8507099319700986e+00 -1.1940365845120060e-02 3.8352830272152640e-06 9.0472588750213859e+13 3.4698798406192183e+08 7.1286168257654847e-05 -6.5348096489046799e-03
3.2176088044022009e+01 5.8502320152284009e+00 -1.1943523682523364e-02 3.8352720827612299e-06 9.4166729398173797e+13 3.6115502838574713e+08 7.1323878977498217e-05 -6.5375917011256980e-03
3.2216108054027011e+01 5.8497539720663827e+00 -1.1946683703809134e-02 3.8352611325475513e-06 9.8011707723218297e+13 3.7590049316546977e+08 7.1361625759429364e-05 -6.5403754887412751e-03
3.2256128064032012e+01 5.8492758023965825e+00 -1.1949845911063493e-02 3.8352501765687352e-06 1.0201368266919833e+14 3.9124799446946979e+08 7.1399408649080434e-05 -6.5431610324595026e-03
3.2296148074037021e+01 5.8487975061314055e+00 -1.1953010306222268e-02 3.8352392148192861e-06 1.0617906465950364e+14 4.0722211257496095e+08 7.1437227690327883e-05 -6.5459483908744372e-03
3.2336168084042022e+01 5.8483190831832790e+00 -1.1956176891565262e-02 3.8352282472937009e-06 1.1051452586537206e+14 4.2384843133514524e+08 7.1475082931199576e-05 -6.5487375367970892e-03
3.2376188094047023e+01 5.8478405334645265e+00 -1.1959345669312522e-02 3.8352172739864703e-06 1.1502701089347761e+14 4.4115357915369523e+08 7.1512974419052082e-05 -6.5515284592265570e-03
3.2416208104052025e+01 5.8473618568873613e+00 -1.1962516641622060e-02 3.8352062948920776e-06 1.1972374790990262e+14 4.5916527163213074e+08 7.1550902200542374e-05 -6.5543211633212802e-03
3.2456228114057026e+01 5.8468830533638849e+00 -1.1965689810576750e-02 3.8351953100049969e-06 1.2461226021832305e+14 4.7791235595843482e+08 7.1588866321470120e-05 -6.5571156732991210e-03
3.2496248124062028e+01 5.8464041228061232e+00 -1.1968865178302037e-02 3.8351843193196970e-06 1.2970037831094898e+14 4.9742485710798407e+08 7.1626866828185519e-05 -6.5599120043125141e-03
3.2536268134067029e+01 5.8459250651260639e+00 -1.1972042747072380e-02 3.8351733228306392e-06 1.3499625241152430e+14 5.1773402593078935e+08 7.1664903768864187e-05 -6.5627101338187532e-03
3.2576288144072038e+01 5.8454458802356415e+00 -1.1975222519264341e-02 3.8351623205322821e-06 1.4050836553047805e+14 5.3887238920206630e+08 7.1702977192947883e-05 -6.5655100150211103e-03
3.2616308154077039e+01 5.8449665680466225e+00 -1.1978404497014292e-02 3.8351513124190718e-06 1.4624554705313372e+14 5.6087380171627092e+08 7.1741087147046107e-05 -6.5683116624568865e-03
3.2656328164082041e+01 5.8444871284706155e+00 -1.1981588682250709e-02 3.8351402984854458e-06 1.5221698688275662e+14 5.8377350050809038e+08 7.1779233675319131e-05 -6.5711151424188057e-03
3.2696348174087042e+01 5.8440075614192679e+00 -1.1984775077290039e-02 3.8351292787258365e-06 1.5843225016107469e+14 6.0760816128715372e+08 7.1817416826616226e-05 -6.5739204258902688e-03
3.2736368184092044e+01 5.8435278668041155e+00 -1.1987963684375474e-02 3.8351182531346723e-06 1.6490129258986669e+14 6.3241595717689896e+08 7.1855636648952587e-05 -6.5767275018499610e-03
3.2776388194097045e+01 5.8430480445365873e+00 -1.1991154505695982e-02 3.8351072217063727e-06 1.7163447637815441e+14 6.5823661985165179e+08 7.1893893189736526e-05 -6.5795363744666022e-03
3.2816408204102054e+01 5.8425680945279970e+00 -1.1994347543364640e-02 3.8350961844353449e-06 1.7864258684054544e+14 6.8511150316983557e+08 7.1932186495508694e-05 -6.5823470671950686e-03
3.2856428214107055e+01 5.8420880166895826e+00 -1.1997542799530161e-02 3.8350851413159934e-06 1.8593684967330662e+14 7.1308364940520370e+08 7.1970516613279001e-05 -6.5851595952258974e-03
3.2896448224112056e+01 5.8416078109325396e+00 -1.2000740276483398e-02 3.8350740923427158e-06 1.9352894893585984e+14 7.4219785818223250e+08 7.2008883591805414e-05 -6.5879739391118634e-03
3.2936468234117058e+01 5.8411274771680084e+00 -1.2003939976620597e-02 3.8350630375099058e-06 2.0143104576647844e+14 7.7250075822598767e+08 7.2047287481155048e-05 -6.5907900536512163e-03
3.2976488244122059e+01 5.8406470153069714e+00 -1.2007141902125183e-02 3.8350519768119457e-06 2.0965579786218175e+14 8.0404088204144585e+08 7.2085728328885170e-05 -6.5936079476106493e-03
3.3016508254127061e+01 5.8401664252602385e+00 -1.2010346054943766e-02 3.8350409102432061e-06 2.1821637975402384e+14 8.3686874364184868e+08 7.2124206179751646e-05 -6.5964276900299500e-03
3.3056528264132062e+01 5.8396857069386652e+00 -1.2013552437417911e-02 3.8350298377980552e-06 2.2712650391025450e+14 8.7103691945058262e+08 7.2162721083294913e-05 -6.5992492514258738e-03
3.3096548274137071e+01 5.8392048602529929e+00 -1.2016761051816524e-02 3.8350187594708577e-06 2.3640044270115788e+14 9.0660013250615609e+08 7.2201273088227293e-05 -6.6020726215132988e-03
3.3136568284142072e+01 5.8387238851138532e+00 -1.2019971900358136e-02 3.8350076752559646e-06 2.4605305126074225e+14 9.4361534010509586e+08 7.2239862242699587e-05 -6.6048978033994721e-03
3.3176588294147074e+01 5.8382427814317648e+00 -1.2023184985182353e-02 3.8349965851477195e-06 2.5609979128192606e+14 9.8214182502323020e+08 7.2278488593957192e-05 -6.6077248205471551e-03
3.3216608304152075e+01 5.8377615491171646e+00 -1.2026400308460776e-02 3.8349854891404617e-06 2.6655675578330256e+14 1.0222412904613231e+09 7.2317152189672722e-05 -6.6105536893089458e-03
3.3256628314157076e+01 5.8372801880804488e+00 -1.2029617872507127e-02 3.8349743872285245e-06 2.7744069488717950e+14 1.0639779588672172e+09 7.2355853079271443e-05 -6.6133843907566284e-03
3.3296648324162078e+01 5.8367986982319575e+00 -1.2032837679746141e-02 3.8349632794062345e-06 2.8876904265017594e+14 1.1074186747927175e+09 7.2394591313559246e-05 -6.6162168793767514e-03
3.3336668334167079e+01 5.8363170794818746e+00 -1.2036059732400612e-02 3.8349521656679064e-06 3.0055994498935512e+14 1.1526330119499543e+09 7.2433366940957751e-05 -6.6190511607822035e-03
3.3376688344172088e+01 5.8358353317402063e+00 -1.2039284032430491e-02 3.8349410460078473e-06 3.1283228874862838e+14 1.1996933846386938e+09 7.2472180006767894e-05 -6.6218873075013377e-03
3.3416708354177089e+01 5.8353534549170041e+00 -1.2042510582206307e-02 3.8349299204203592e-06 3.2560573195197556e+14 1.2486751637230024e+09 7.2511030561275445e-05 -6.6247252892962542e-03
3.3456728364182091e+01 5.8348714489222040e+00 -1.2045739384023559e-02 3.8349187888997382e-06 3.3890073529197562e+14 1.2996567973431339e+09 7.2549918653908138e-05 -6.6275650959653530e-03
3.3496748374187092e+01 5.8343893136656337e+00 -1.2048970440129689e-02 3.8349076514402719e-06 3.5273859490404112e+14 1.3527199365557978e+09 7.2588844333559507e-05 -6.6304067298636497e-03
3.3536768384192094e+01 5.8339070490570037e+00 -1.2052203752691251e-02 3.8348965080362369e-06 3.6714147647888956e+14 1.4079495661041617e+09 7.2627807648192527e-05 -6.6332502146616221e-03
3.3576788394197095e+01 5.8334246550059445e+00 -1.2055439323904377e-02 3.8348853586819064e-06 3.8213245076787812e+14 1.4654341405269701e+09 7.2666808646170003e-05 -6.6360955668080561e-03
3.3616808404202104e+01 5.8329421314220413e+00 -1.2058677156107339e-02 3.8348742033715451e-06 3.9773553053808188e+14 1.5252657258247855e+09 7.2705847377612498e-05 -6.6389427687211433e-03
3.3656828414207105e+01 5.8324594782148242e+00 -1.2061917251752952e-02 3.8348630420994144e-06 4.1397570903629212e+14 1.5875401469101772e+09 7.2744923894067743e-05 -6.6417917743924384e-03
3.3696848424212106e+01 5.8319766952936707e+00 -1.2065159613098531e-02 3.8348518748597639e-06 4.3087900002359006e+14 1.6523571410781646e+09 7.2784038244771946e-05 -6.6446425875764069e-03
3.3736868434217108e+01 5.8314937825677706e+00 -1.2068404242123945e-02 3.8348407016468294e-06 4.4847247944456788e+14 1.7198205177424998e+09 7.2823190475657616e-05 -6.6474952822150385e-03
3.3776888444222109e+01 5.8310107399463629e+00 -1.2071651141227172e-02 3.8348295224548510e-06 4.6678432879798481e+14 1.7900383246937842e+09 7.2862380637745642e-05 -6.6503498279843545e-03
3.3816908454227111e+01 5.8305275673385690e+00 -1.2074900312731422e-02 3.8348183372780547e-06 4.8584388027831375e+14 1.8631230211456015e+09 7.2901608781200702e-05 -6.6532062149318155e-03
3.3856928464232112e+01 5.8300442646534023e+00 -1.2078151758912390e-02 3.8348071461106593e-06 5.0568166376048981e+14 1.9391916578458540e+09 7.2940874955659224e-05 -6.6560644452055518e-03
3.3896948474237121e+01 5.8295608317997578e+00 -1.2081405481962936e-02 3.8347959489468780e-06 5.2632945570312462e+14 2.0183660645417576e+09 7.2980179209802050e-05 -6.6589245424786524e-03
3.3936968484242122e+01 5.8290772686864463e+00 -1.2084661484104600e-02 3.8347847457809146e-06 5.4782033004849862e+14 2.1007730450986485e+09 7.3019521592700604e-05 -6.6617865235222042e-03
3.3976988494247124e+01 5.8285935752222340e+00 -1.2087919767702716e-02 3.8347735366069659e-06 5.7018871120091925e+14 2.1865445805853171e+09 7.3058902155209048e-05 -6.6646503709643645e-03
3.4017008504252125e+01 5.8281097513158340e+00 -1.2091180335240103e-02 3.8347623214192247e-06 5.9347042916823262e+14 2.2758180406508355e+09 7.3098320949648488e-05 -6.6675160380541155e-03
3.4057028514257127e+01 5.8276257968758021e+00 -1.2094443189004310e-02 3.8347511002118753e-06 6.1770277695487000e+14 2.3687364035316181e+09 7.3137778026026378e-05 -6.6703835280594150e-03
3.4097048524262128e+01 5.8271417118105049e+00 -1.2097708330996758e-02 3.8347398729790851e-06 6.4292457029834088e+14 2.4654484850409927e+09 7.3177273430934179e-05 -6.6732529163577902e-03
3.4137068534267129e+01 5.8266574960283597e+00 -1.2100975763645149e-02 3.8347286397150247e-06 6.6917620984486225e+14 2.5661091769080443e+09 7.3216807216163648e-05 -6.6761241719880127e-03
3.4177088544272138e+01 5.8261731494376630e+00 -1.2104245489298749e-02 3.8347174004138530e-06 6.9649974586372388e+14 2.6708796948474483e+09 7.3256379432604549e-05 -6.6789972852994099e-03
3.4217108554277139e+01 5.8256886719466028e+00 -1.2107517510260892e-02 3.8347061550697213e-06 7.2493894560401938e+14 2.7799278367574868e+09 7.3295990130637062e-05 -6.6818722585332592e-03
3.4257128564282141e+01 5.8252040634632491e+00 -1.2110791828754785e-02 3.8346949036767748e-06 7.5453936340171062e+14 2.8934282514600577e+09 7.3335639359716823e-05 -6.6847491142973644e-03
3.4297148574287142e+01 5.8247193238955859e+00 -1.2114068447031759e-02 3.8346836462291454e-06 7.8534841364922538e+14 3.0115627184126868e+09 7.3375327169685232e-05 -6.6876278695492440e-03
3.4337168584292144e+01 5.8242344531515506e+00 -1.2117347367482862e-02 3.8346723827209638e-06 8.1741544674454625e+14 3.1345204388408303e+09 7.3415053612121931e-05 -6.6905085068117891e-03
3.4377188594297145e+01 5.8237494511390242e+00 -1.2120628592612460e-02 3.8346611131463560e-06 8.5079182814141688e+14 3.2624983387565889e+09 7.3454818740027359e-05 -6.6933909814961339e-03
3.4417208604302147e+01 5.8232643177657319e+00 -1.2123912124732607e-02 3.8346498374994326e-06 8.8553102062729475e+14 3.3957013843491626e+09 7.3494622604119151e-05 -6.6962752973867756e-03
3.4457228614307155e+01 5.8227790529392109e+00 -1.2127197965884521e-02 3.8346385557742973e-06 9.2168866996085162e+14 3.5343429102522130e+09 7.3534465251876837e-05 -6.6991615263961423e-03
3.4497248624312157e+01 5.8222936565670445e+00 -1.2130486118519412e-02 3.8346272679650479e-06 9.5932269400615638e+14 3.6786449612136970e+09 7.3574346735796078e-05 -6.7020496392829121e-03
3.4537268634317158e+01 5.8218081285566967e+00 -1.2133776585014782e-02 3.8346159740657757e-06 9.9849337550641575e+14 3.8288386477157588e+09 7.3614267107526490e-05 -6.7049396263045655e-03
3.4577288644322159e+01 5.8213224688155183e+00 -1.2137069367700828e-02 3.8346046740705633e-06 1.0392634586457496e+15 3.9851645161137309e+09 7.3654226418190888e-05 -6.7078314896328612e-03
3.4617308654327161e+01 5.8208366772507434e+00 -1.2140364468827396e-02 3.8345933679734847e-06 1.0816982495537706e+15 4.1478729338874164e+09 7.3694224717983347e-05 -6.7107252526135194e-03
3.4657328664332162e+01 5.8203507537695183e+00 -1.2143661890674369e-02 3.8345820557686048e-06 1.1258657209139206e+15 4.3172244906215038e+09 7.3734262057508502e-05 -6.7136209320410303e-03
3.4697348674337171e+01 5.8198646982789422e+00 -1.2146961635663801e-02 3.8345707374499843e-06 1.1718366208431410e+15 4.4934904153573809e+09 7.3774338489144092e-05 -6.7165185091053008e-03
3.4737368684342172e+01 5.8193785106860592e+00 -1.2150263706330405e-02 3.8345594130116761e-06 1.2196845862172328e+15 4.6769530109845409e+09 7.3814454066684936e-05 -6.7194179393496745e-03
3.4777388694347174e+01 5.8188921908977491e+00 -1.2153568105007066e-02 3.8345480824477264e-06 1.2694862606235552e+15 4.8679061063677883e+09 7.3854608841522515e-05 -6.7223192282658750e-03
3.4817408704352175e+01 5.8184057388207098e+00 -1.2156874833766068e-02 3.8345367457521628e-06 1.3213214171298408e+15 5.0666555269336958e+09 7.3894802861927379e-05 -6.7252224472252658e-03
3.4857428714357177e+01 5.8179191543616815e+00 -1.2160183895087924e-02 3.8345254029190188e-06 1.3752730860658955e+15 5.2735195844705105e+09 7.3935036181177848e-05 -6.7281275666064341e-03
3.4897448724362178e+01 5.8174324374272839e+00 -1.2163495291378976e-02 3.8345140539423135e-06 1.4314276880228262e+15 5.4888295869256811e+09 7.3975308851699270e-05 -6.7310345762172713e-03
3.4937468734367179e+01 5.8169455879240219e+00 -1.2166809024995744e-02 3.8345026988160584e-06 1.4898751722828358e+15 5.7129303690175734e+09 7.4015620925358942e-05 -6.7339434792447819e-03
3.4977488744372188e+01 5.8164586057582826e+00 -1.2170125098214774e-02 3.8344913375342556e-06 1.5507091609013422e+15 5.9461808445112114e+09 7.4055972453098578e-05 -6.7368542994695199e-03
3.5017508754377189e+01 5.8159714908363656e+00 -1.2173443513345797e-02 3.8344799700909030e-06 1.6140270986721455e+15 6.1889545810422754e+09 7.4096363486310431e-05 -6.7397670525604766e-03
3.5057528764382191e+01 5.8154842430645228e+00 -1.2176764272843726e-02 3.8344685964799902e-06 1.6799304092160202e+15 6.4416403984106083e+09 7.4136794078201709e-05 -6.7426817198073139e-03
3.5097548774387192e+01 5.8149968623489485e+00 -1.2180087379274030e-02 3.8344572166954980e-06 1.7485246574425498e+15 6.7046429913006086e+09 7.4177264283375245e-05 -6.7455982556321528e-03
3.5137568784392194e+01 5.8145093485956671e+00 -1.2183412834986061e-02 3.8344458307313999e-06 1.8199197186455870e+15 6.9783835774264336e+09 7.4217774153851536e-05 -6.7485166684662064e-03
3.5177588794397195e+01 5.8140217017105291e+00 -1.2186740642088457e-02 3.8344344385816574e-06 1.8942299545031478e+15 7.2633005721398354e+09 7.4258323738765280e-05 -6.7514370278976901e-03
3.5217608804402197e+01 5.8135339215994204e+00 -1.2190070803090092e-02 3.8344230402402277e-06 1.9715743962636565e+15 7.5598502905810814e+09 7.4298913092174759e-05 -6.7543593043969639e-03
3.5257628814407205e+01 5.8130460081681044e+00 -1.2193403320426606e-02 3.8344116357010621e-06 2.0520769354119990e+15 7.8685076784975462e+09 7.4339542267295284e-05 -6.7572834878646274e-03
3.5297648824412207e+01 5.8125579613222325e+00 -1.2196738196480263e-02 3.8344002249580993e-06 2.1358665221206982e+15 8.1897670729000788e+09 7.4380211316740313e-05 -6.7602095819961896e-03
3.5337668834417208e+01 5.8120697809673327e+00 -1.2200075433554905e-02 3.8343888080052729e-06 2.2230773718043185e+15 8.5241429937762556e+09 7.4420920292214948e-05 -6.7631376107876329e-03
3.5377688844422210e+01 5.8115814670088479e+00 -1.2203415033992058e-02 3.8343773848365045e-06 2.3138491801076690e+15 8.8721709681273346e+09 7.4461669245931694e-05 -6.7660675896932419e-03
3.5417708854427211e+01 5.8110930193521728e+00 -1.2206757000281367e-02 3.8343659554457133e-06 2.4083273466723935e+15 9.2344083876495323e+09 7.4502458231959077e-05 -6.7689994982049213e-03
3.5457728864432212e+01 5.8106044379026418e+00 -1.2210101335018337e-02 3.8343545198268108e-06 2.5066632080402930e+15 9.6114354014328709e+09 7.4543287305708285e-05 -6.7719332908928948e-03
3.5497748874437221e+01 5.8101157225654134e+00 -1.2213448040562423e-02 3.8343430779736984e-06 2.6090142800664825e+15 1.0003855845107449e+10 7.4584156519759043e-05 -6.7748689808226443e-03
3.5537768884442222e+01 5.8096268732454783e+00 -1.2216797119067873e-02 3.8343316298802605e-06 2.7155445102305750e+15 1.0412298207924795e+10 7.4625065924232542e-05 -6.7778066331210581e-03
3.5577788894447224e+01 5.8091378898478583e+00 -1.2220148573069285e-02 3.8343201755403900e-06 2.8264245402503140e+15 1.0837416639324249e+10 7.4666015573943644e-05 -6.7807462195643934e-03
3.5617808904452225e+01 5.8086487722774542e+00 -1.2223502405032002e-02 3.8343087149479585e-06 2.9418319794179645e+15 1.1279891996594904e+10 7.4707005522911570e-05 -6.7836877294896363e-03
3.5657828914457227e+01 5.8081595204390473e+00 -1.2226858617363790e-02 3.8342972480968379e-06 3.0619516890975515e+15 1.1740432935312206e+10 7.4748035824501592e-05 -6.7866311679466692e-03
3.5697848924462228e+01 5.8076701342373003e+00 -1.2230217212397877e-02 3.8342857749808838e-06 3.1869760788385615e+15 1.2219777044295052e+10 7.4789106531216647e-05 -6.7895765587950565e-03
3.5737868934467230e+01 5.8071806135767883e+00 -1.2233578192509984e-02 3.8342742955939508e-06 3.3171054145804405e+15 1.2718692026901299e+10 7.4830217696127916e-05 -6.7925239162454510e-03
3.5777888944472238e+01 5.8066909583620392e+00 -1.2236941560223941e-02 3.8342628099298829e-06 3.4525481394415975e+15 1.3237976930553528e+10 7.4871369374167980e-05 -6.7954732184372065e-03
3.5817908954477240e+01 5.8062011684975161e+00 -1.2240307318160452e-02 3.8342513179825178e-06 3.5935212076066170e+15 1.3778463426463800e+10 7.4912561621506154e-05 -6.7984244212148919e-03
3.5857928964482241e+01 5.8057112438874965e+00 -1.2243675468685244e-02 3.8342398197456848e-06 3.7402504318468630e+15 1.4341017141608236e+10 7.4953794491242420e-05 -6.8013775436342443e-03
3.5897948974487242e+01 5.8052211844361068e+00 -1.2247046014011775e-02 3.8342283152131965e-06 3.8929708452306635e+15 1.4926539045082861e+10 7.4995068034660855e-05 -6.8043326433971903e-03
3.5937968984492244e+01 5.8047309900474930e+00 -1.2250418956695158e-02 3.8342168043788694e-06 4.0519270776028200e+15 1.5535966891062496e+10 7.5036382307278043e-05 -6.8072896940187758e-03
3.5977988994497245e+01 5.8042406606256804e+00 -1.2253794299232292e-02 3.8342052872365059e-06 4.2173737474363580e+15 1.6170276720672920e+10 7.5077737363948911e-05 -6.8102486851054677e-03
3.6018009004502247e+01 5.8037501960745743e+00 -1.2257172044054408e-02 3.8341937637798988e-06 4.3895758696842080e+15 1.6830484425181915e+10 7.5119133258774455e-05 -6.8132096228604574e-03
3.6058029014507255e+01 5.8032595962979547e+00 -1.2260552193520759e-02 3.8341822340028352e-06 4.5688092802841580e+15 1.7517647373012798e+10 7.5160570045023357e-05 -6.8161725319649796e-03
3.6098049024512257e+01 5.8027688611995218e+00 -1.2263934750042354e-02 3.8341706978990928e-06 4.7553610779968590e+15 1.8232866103185398e+10 7.5202047776648200e-05 -6.8191374252875234e-03
3.6138069034517258e+01 5.8022779906829260e+00 -1.2267319716185382e-02 3.8341591554624442e-06 4.9495300842851120e+15 1.8977286087898567e+10 7.5243566509555301e-05 -6.8221042784755636e-03
3.6178089044522260e+01 5.8017869846517485e+00 -1.2270707094604000e-02 3.8341476066866510e-06 5.1516273219704330e+15 1.9752099567074497e+10 7.5285126300782477e-05 -6.8250730458427143e-03
3.6218109054527261e+01 5.8012958430093748e+00 -1.2274096887659095e-02 3.8341360515654680e-06 5.3619765134340960e+15 2.0558547457804981e+10 7.5326727203821347e-05 -6.8280437558575057e-03
3.6258129064532262e+01 5.8008045656590586e+00 -1.2277489097619415e-02 3.8341244900926374e-06 5.5809145991604930e+15 2.1397921341756783e+10 7.5368369271081799e-05 -6.8310164587875267e-03
3.6298149074537271e+01 5.8003131525040557e+00 -1.2280883727067031e-02 3.8341129222618970e-06 5.8087922774534870e+15 2.2271565533719528e+10 7.5410052558869906e-05 -6.8339911297467968e-03
3.6338169084542272e+01 5.7998216034475067e+00 -1.2284280778528599e-02 3.8341013480669754e-06 6.0459745661900410e+15 2.3180879234607883e+10 7.5451777122863598e-05 -6.8369677584137851e-03
3.6378189094547274e+01 5.7993299183924272e+00 -1.2287680254459503e-02 3.8340897675015944e-06 6.2928413875115630e+15 2.4127318772368618e+10 7.5493543017916972e-05 -6.8399463524691385e-03
3.6418209104552275e+01 5.7988380972417088e+00 -1.2291082157249857e-02 3.8340781805594630e-06 6.5497881763887200e+15 2.5112399934378345e+10 7.5535350298132909e-05 -6.8429269361729968e-03
3.6458229114557277e+01 5.7983461398981646e+00 -1.2294486489348992e-02 3.8340665872342845e-06 6.8172265140351360e+15 2.6137700395069771e+10 7.5577199018392449e-05 -6.8459095205333021e-03
3.6498249124562278e+01 5.7978540462645585e+00 -1.2297893253360660e-02 3.8340549875197552e-06 7.0955847871843380e+15 2.7204862242673412e+10 7.5619089235526814e-05 -6.8488940793378127e-03
3.6538269134567280e+01 5.7973618162435763e+00 -1.2301302451961238e-02 3.8340433814095665e-06 7.3853088742860440e+15 2.8315594609121742e+10 7.5661021007313774e-05 -6.8518805694747298e-03
3.6578289144572288e+01 5.7968694497376978e+00 -1.2304714087510438e-02 3.8340317688973951e-06 7.6868628597209950e+15 2.9471676407327774e+10 7.5702994387688918e-05 -6.8548690264586300e-03
3.6618309154577290e+01 5.7963769466492945e+00 -1.2308128162347880e-02 3.8340201499769036e-06 8.0007297771780440e+15 3.0674959180220844e+10 7.5745009430390497e-05 -6.8578594910195670e-03
3.6658329164582291e+01 5.7958843068807262e+00 -1.2311544679076143e-02 3.8340085246417605e-06 8.3274123833850760e+15 3.1927370066105743e+10 7.5787066192444048e-05 -6.8608519409249728e-03
3.6698349174587293e+01 5.7953915303342338e+00 -1.2314963640252540e-02 3.8339968928856155e-06 8.6674339634320500e+15 3.3230914885089737e+10 7.5829164730371049e-05 -6.8638463651561031e-03
3.6738369184592294e+01 5.7948986169119330e+00 -1.2318385048354575e-02 3.8339852547021151e-06 9.0213391689769420e+15 3.4587681351524231e+10 7.5871305099762775e-05 -6.8668427742196387e-03
3.6778389194597295e+01 5.7944055665158158e+00 -1.2321808905800211e-02 3.8339736100848937e-06 9.3896948906769260e+15 3.5999842417604294e+10 7.5913487355528698e-05 -6.8698411927690852e-03
3.6818409204602297e+01 5.7939123790477964e+00 -1.2325235215078644e-02 3.8339619590275767e-06 9.7730911662423180e+15 3.7469659753481499e+10 7.5955711553507359e-05 -6.8728416293812348e-03
3.6858429214607305e+01 5.7934190544097408e+00 -1.2328663978839425e-02 3.8339503015237883e-06 1.0172142125567886e+16 3.8999487369463829e+10 7.5997977751566381e-05 -6.8758440546888133e-03
3.6898449224612307e+01 5.7929255925034306e+00 -1.2332095199787715e-02 3.8339386375671387e-06 1.0587486974455026e+16 4.0591775386101929e+10 7.6040286008313601e-05 -6.8788484257849732e-03
3.6938469234617308e+01 5.7924319932304282e+00 -1.2335528880271130e-02 3.8339269671512283e-06 1.1019791018501608e+16 4.2249073958204216e+10 7.6082636378001559e-05 -6.8818547885797230e-03
3.6978489244622310e+01 5.7919382564922124e+00 -1.2338965022698538e-02 3.8339152902696487e-06 1.1469746728798164e+16 4.3974037359059570e+10 7.6125028915688969e-05 -6.8848631749082621e-03
3.7018509254627311e+01 5.7914443821902344e+00 -1.2342403629698359e-02 3.8339036069159861e-06 1.1938074851138520e+16 4.5769428231412994e+10 7.6167463679195616e-05 -6.8878735631962493e-03
3.7058529264632313e+01 5.7909503702258256e+00 -1.2345844703856090e-02 3.8338919170838165e-06 1.2425525560521198e+16 4.7638122012000580e+10 7.6209940725865724e-05 -6.8908859438198368e-03
3.7098549274637321e+01 5.7904562205001895e+00 -1.2349288247672270e-02 3.8338802207667076e-06 1.2932879662791058e+16 4.9583111536730644e+10 7.6252460112048221e-05 -6.8939003286120262e-03
3.7138569284642323e+01 5.7899619329144070e+00 -1.2352734263597450e-02 3.8338685179582186e-06 1.3460949845345416e+16 5.1607511833884338e+10 7.6295021893527221e-05 -6.8969167420351099e-03
3.7178589294647324e+01 5.7894675073694852e+00 -1.2356182754163824e-02 3.8338568086518967e-06 1.4010581978909440e+16 5.3714565113017525e+10 7.6337626127147753e-05 -6.8999351902725280e-03
3.7218609304652325e+01 5.7889729437663817e+00 -1.2359633722062684e-02 3.8338450928412877e-06 1.4582656472464176e+16 5.5907645957547020e+10 7.6380272871774544e-05 -6.9029556408318178e-03
3.7258629314657327e+01 5.7884782420059580e+00 -1.2363087170016836e-02 3.8338333705199276e-06 1.5178089683498922e+16 5.8190266729342415e+10 7.6422962186717449e-05 -6.9059780545650340e-03
3.7298649324662328e+01 5.7879834019888490e+00 -1.2366543100367063e-02 3.8338216416813360e-06 1.5797835385846390e+16 6.0566083193977112e+10 7.6465694126618102e-05 -6.9090024866677096e-03
3.7338669334667330e+01 5.7874884236156321e+00 -1.2370001515603229e-02 3.8338099063190271e-06 1.6442886297451890e+16 6.3038900375648445e+10 7.6508468748013095e-05 -6.9120289565032514e-03
3.7378689344672338e+01 5.7869933067868358e+00 -1.2373462418375511e-02 3.8337981644265109e-06 1.7114275670523942e+16 6.5612678651143982e+10 7.6551286109475581e-05 -6.9150574457036889e-03
3.7418709354677340e+01 5.7864980514028730e+00 -1.2376925811296045e-02 3.8337864159972856e-06 1.7813078946612632e+16 6.8291540092610748e+10 7.6594146269163128e-05 -6.9180879447906926e-03
3.7458729364682341e+01 5.7860026573640209e+00 -1.2380391696888473e-02 3.8337746610248409e-06 1.8540415479268724e+16 7.1079775069293167e+10 7.6637049284192523e-05 -6.9211204681799976e-03
3.7498749374687343e+01 5.7855071245704428e+00 -1.2383860077637834e-02 3.8337628995026537e-06 1.9297450327040452e+16 7.3981849118803040e+10 7.6679995211256072e-05 -6.9241550399835664e-03
3.7538769384692344e+01 5.7850114529222250e+00 -1.2387330956121791e-02 3.8337511314241995e-06 2.0085396119681868e+16 7.7002410098933594e+10 7.6722984108246609e-05 -6.9271916624049981e-03
3.7578789394697345e+01 5.7845156423194046e+00 -1.2390804335073882e-02 3.8337393567829399e-06 2.0905515000561336e+16 8.0146295631468124e+10 7.6766016035042858e-05 -6.9302303007993445e-03
3.7618809404702347e+01 5.7840196926619116e+00 -1.2394280217229388e-02 3.8337275755723342e-06 2.1759120648381680e+16 8.3418540849906219e+10 7.6809091051601876e-05 -6.9332709207428041e-03
3.7658829414707355e+01 5.7835236038494413e+00 -1.2397758604925244e-02 3.8337157877858255e-06 2.2647580381450560e+16 8.6824386463515533e+10 7.6852209212998964e-05 -6.9363135861539912e-03
3.7698849424712357e+01 5.7830273757816597e+00 -1.2401239500735056e-02 3.8337039934168476e-06 2.3572317347870780e+16 9.0369287150621445e+10 7.6895370577295726e-05 -6.9393583035431989e-03
3.7738869434717358e+01 5.7825310083581636e+00 -1.2404722907331054e-02 3.8336921924588300e-06 2.4534812805161148e+16 9.4058920294585220e+10 7.6938575203831900e-05 -6.9424050568262395e-03
3.7778889444722360e+01 5.7820345014784316e+00 -1.2408208827351094e-02 3.8336803849051939e-06 2.5536608492956360e+16 9.7899195076450180e+10 7.6981823151576809e-05 -6.9454538388794692e-03
3.7818909454727361e+01 5.7815378550418073e+00 -1.2411697263340972e-02 3.8336685707493484e-06 2.6579309102588756e+16 1.0189626193882658e+11 7.7025114478412876e-05 -6.9485046657238834e-03
3.7858929464732363e+01 5.7810410689475189e+00 -1.2415188217820601e-02 3.8336567499846918e-06 2.7664584847506940e+16 1.0605652243616920e+11 7.7068449241955730e-05 -6.9515575610275583e-03
3.7898949474737364e+01 5.7805441430947253e+00 -1.2418681693416055e-02 3.8336449226046182e-06 2.8794174138648676e+16 1.1038663948722371e+11 7.7111827501193518e-05 -6.9546125231966056e-03
3.7938969484742373e+01 5.7800470773825312e+00 -1.2422177692906614e-02 3.8336330886025129e-06 2.9969886369053788e+16 1.1489354804606203e+11 7.7155249317073337e-05 -6.9576695142338644e-03
3.7978989494747374e+01 5.7795498717099232e+00 -1.2425676219036012e-02 3.8336212479717532e-06 3.1193604812176160e+16 1.1958446620879245e+11 7.7198714750158543e-05 -6.9607285058307872e-03
3.8019009504752376e+01 5.7790525259756436e+00 -1.2429177274138649e-02 3.8336094007057007e-06 3.2467289638540612e+16 1.2446690677374408e+11 7.7242223855982325e-05 -6.9637895697841293e-03
3.8059029514757377e+01 5.7785550400784382e+00 -1.2432680860872675e-02 3.8335975467977121e-06 3.3792981055572580e+16 1.2954868927362460e+11 7.7285776694154863e-05 -6.9668527004743512e-03
3.8099049524762378e+01 5.7780574139169580e+00 -1.2436186981933462e-02 3.8335856862411367e-06 3.5172802575633104e+16 1.3483795249893245e+11 7.7329373324805658e-05 -6.9699178836871607e-03
3.8139069534767380e+01 5.7775596473897375e+00 -1.2439695639982073e-02 3.8335738190293124e-06 3.6608964417492736e+16 1.4034316753267584e+11 7.7373013807694496e-05 -6.9729851149121893e-03
3.8179089544772388e+01 5.7770617403951716e+00 -1.2443206837588011e-02 3.8335619451555681e-06 3.8103767046693328e+16 1.4607315131727631e+11 7.7416698201498521e-05 -6.9760544123874486e-03
3.8219109554777390e+01 5.7765636928315480e+00 -1.2446720577310303e-02 3.8335500646132249e-06 3.9659604860467104e+16 1.5203708077537863e+11 7.7460426564819864e-05 -6.9791257979671109e-03
3.8259129564782391e+01 5.7760655045970841e+00 -1.2450236861826152e-02 3.8335381773955937e-06 4.1278970023119584e+16 1.5824450750719720e+11 7.7504198957787361e-05 -6.9821992653430996e-03
3.8299149574787393e+01 5.7755671755899405e+00 -1.2453755693957062e-02 3.8335262834959814e-06 4.2964456458014656e+16 1.6470537308791785e+11 7.7548015442383981e-05 -6.9852747747563403e-03
3.8339169584792394e+01 5.7750687057081427e+00 -1.2457277076442510e-02 3.8335143829076819e-06 4.4718764002560096e+16 1.7143002498966843e+11 7.7591876079630021e-05 -6.9883523067014357e-03
3.8379189594797396e+01 5.7745700948494765e+00 -1.2460801011633119e-02 3.8335024756239732e-06 4.6544702732847552e+16 1.7842923315355301e+11 7.7635780925758478e-05 -6.9914319372134780e-03
3.8419209604802397e+01 5.7740713429117516e+00 -1.2464327502267038e-02 3.8334905616381358e-06 4.8445197464874528e+16 1.8571420723829224e+11 7.7679730041885220e-05 -6.9945136486448097e-03
3.8459229614807406e+01 5.7735724497926642e+00 -1.2467856551063720e-02 3.8334786409434323e-06 5.0423292439558760e+16 1.9329661457309296e+11 7.7723723488951258e-05 -6.9975974298451251e-03
3.8499249624812407e+01 5.7730734153897894e+00 -1.2471388160706091e-02 3.8334667135331247e-06 5.2482156199047512e+16 2.0118859884349478e+11 7.7767761327500028e-05 -7.0006832781667645e-03
3.8539269634817408e+01 5.7725742396005648e+00 -1.2474922333785303e-02 3.8334547794004570e-06 5.4625086662137920e+16 2.0940279954013678e+11 7.7811843616987673e-05 -7.0037712151932094e-03
3.8579289644822410e+01 5.7720749223223216e+00 -1.2478459072899866e-02 3.8334428385386674e-06 5.6855516406931328e+16 2.1795237220156860e+11 7.7855970417018490e-05 -7.0068612607595117e-03
3.8619309654827411e+01 5.7715754634523284e+00 -1.2481998380783418e-02 3.8334308909409872e-06 5.9177018169188592e+16 2.2685100948354361e+11 7.7900141788939933e-05 -7.0099534035767720e-03
3.8659329664832413e+01 5.7710758628877885e+00 -1.2485540260305551e-02 3.8334189366006400e-06 6.1593310565191760e+16 2.3611296308853036e+11 7.7944357795855401e-05 -7.0130475998873105e-03
3.8699349674837414e+01 5.7705761205257513e+00 -1.2489084714190137e-02 3.8334069755108363e-06 6.4108264048279280e+16 2.4575306659056436e+11 7.7988618499108862e-05 -7.0161438423202932e-03
3.8739369684842423e+01 5.7700762362630398e+00 -1.2492631744816029e-02 3.8333950076647741e-06 6.6725907108596600e+16 2.5578675919199768e+11 7.8032923955792587e-05 -7.0192422077438041e-03
3.8779389694847424e+01 5.7695762099965124e+00 -1.2496181354992631e-02 3.8333830330556503e-06 6.9450432725990112e+16 2.6623011045018338e+11 7.8077274228432732e-05 -7.0223426697215725e-03
3.8819409704852426e+01 5.7690760416228981e+00 -1.2499733547466531e-02 3.8333710516766452e-06 7.2286205086387856e+16 2.7709984601372028e+11 7.8121669378830122e-05 -7.0254452184292243e-03
3.8859429714857427e+01 5.7685757310388022e+00 -1.2503288324939504e-02 3.8333590635209361e-06 7.5237766572415984e+16 2.8841337440944330e+11 7.8166109468284247e-05 -7.0285498551539254e-03
3.8899449724862428e+01 5.7680752781406897e+00 -1.2506845690027532e-02 3.8333470685816858e-06 7.8309845039455840e+16 3.0018881492308411e+11 7.8210594557080135e-05 -7.0316566031306503e-03
3.8939469734867430e+01 5.7675746828249288e+00 -1.2510405645374969e-02 3.8333350668520492e-06 8.1507361388793344e+16 3.1244502661824426e+11 7.8255124705914949e-05 -7.0347654795036756e-03
3.8979489744872438e+01 5.7670739449878239e+00 -1.2513968193774750e-02 3.8333230583251723e-06 8.4835437449993104e+16 3.2520163854016144e+11 7.8299699977403043e-05 -7.0378764665853166e-03
3.9019509754877440e+01 5.7665730645256108e+00 -1.2517533338136863e-02 3.8333110429941984e-06 8.8299404185119168e+16 3.3847908115262543e+11 7.8344320435683895e-05 -7.0409895194032471e-03
3.9059529764882441e+01 5.7660720413343407e+00 -1.2521101081147280e-02 3.8332990208522528e-06 9.1904810227953568e+16 3.5229861905842651e+11 7.8388986142153785e-05 -7.0441046479561495e-03
3.9099549774887443e+01 5.7655708753098791e+00 -1.2524671425263053e-02 3.8332869918924493e-06 9.5657430771878544e+16 3.6668238505569452e+11 7.8433697155400425e-05 -7.0472219180859504e-03
3.9139569784892444e+01 5.7650695663481102e+00 -1.2528244373333101e-02 3.8332749561079006e-06 9.9563276820668384e+16 3.8165341558470636e+11 7.8478453538976262e-05 -7.0503413022468360e-03
3.9179589794897446e+01 5.7645681143447858e+00 -1.2531819928137747e-02 3.8332629134917058e-06 1.0362860481700528e+17 3.9723568762191431e+11 7.8523255355635176e-05 -7.0534627904937797e-03
3.9219609804902447e+01 5.7640665191955254e+00 -1.2535398092396711e-02 3.8332508640369550e-06 1.0785992666414290e+17 4.1345415708028839e+11 7.8568102667431560e-05 -7.0565863882525752e-03
3.9259629814907456e+01 5.7635647807958152e+00 -1.2538978868753804e-02 3.8332388077367279e-06 1.1226402015677126e+17 4.3033479877747388e+11 7.8612995535527210e-05 -7.0597121199747325e-03
3.9299649824912457e+01 5.7630628990410449e+00 -1.2542562259903176e-02 3.8332267445840940e-06 1.1684793983778672e+17 4.4790464803575726e+11 7.8657934021773732e-05 -7.0628399993977404e-03
3.9339669834917459e+01 5.7625608738265477e+00 -1.2546148268697665e-02 3.8332146745721187e-06 1.2161902829836894e+17 4.6619184398050958e+11 7.8702918190072700e-05 -7.0659700024631429e-03
3.9379689844922460e+01 5.7620587050475729e+00 -1.2549736898079823e-02 3.8332025976938555e-06 1.2658492793945037e+17 4.8522567460639069e+11 7.8747948105513082e-05 -7.0691020848222359e-03
3.9419709854927461e+01 5.7615563925991609e+00 -1.2553328150687383e-02 3.8331905139423468e-06 1.3175359321342926e+17 5.0503662368353583e+11 7.8793023829420156e-05 -7.0722362761561873e-03
3.9459729864932463e+01 5.7610539363762143e+00 -1.2556922029090393e-02 3.8331784233106224e-06 1.3713330336573058e+17 5.2565641957882837e+11 7.8838145422327805e-05 -7.0753726234329718e-03
3.9499749874937464e+01 5.7605513362736254e+00 -1.2560518536155162e-02 3.8331663257917087e-06 1.4273267569662533e+17 5.4711808607045282e+11 7.8883312948548704e-05 -7.0785111035198923e-03
3.9539769884942473e+01 5.7600485921861564e+00 -1.2564117674698914e-02 3.8331542213786193e-06 1.4856067936455216e+17 5.6945599523710864e+11 7.8928526471840828e-05 -7.0816517056775255e-03
3.9579789894947474e+01 5.7595457040084321e+00 -1.2567719447457638e-02 3.8331421100643604e-06 1.5462664975304554e+17 5.9270592250657178e+11 7.8973786055002465e-05 -7.0847944394351386e-03
3.9619809904952476e+01 5.7590426716349441e+00 -1.2571323857104600e-02 3.8331299918419235e-06 1.6094030342429898e+17 6.1690510395181982e+11 7.9019091760103635e-05 -7.0879393310515383e-03
3.9659829914957477e+01 5.7585394949600941e+00 -1.2574930906388667e-02 3.8331178667042952e-06 1.6751175368329584e+17 6.4209229592641028e+11 7.9064443650224455e-05 -7.0910863890739709e-03
3.9699849924962479e+01 5.7580361738782289e+00 -1.2578540598227498e-02 3.8331057346444536e-06 1.7435152677745363e+17 6.6830783713467358e+11 7.9109841790628689e-05 -7.0942355825781029e-03
3.9739869934967480e+01 5.7575327082836019e+00 -1.2582152935590629e-02 3.8330935956553650e-06 1.8147057875772480e+17 6.9559371323610742e+11 7.9155286247295937e-05 -7.0973868691002213e-03
3.9779889944972489e+01 5.7570290980702241e+00 -1.2585767921062314e-02 3.8330814497299871e-06 1.8888031302816438e+17 7.2399362408745007e+11 7.9200777081420601e-05 -7.1005402994499577e-03
3.9819909954977490e+01 5.7565253431320302e+00 -1.2589385557331224e-02 3.8330692968612633e-06 1.9659259861206829e+17 7.5355305373008911e+11 7.9246314355570010e-05 -7.1036959003357462e-03
3.9859929964982491e+01 5.7560214433629051e+00 -1.2593005847286468e-02 3.8330571370421336e-06 2.0461978916396016e+17 7.8431934323497412e+11 7.9291898134895581e-05 -7.1068536517352003e-03
3.9899949974987493e+01 5.7555173986566093e+00 -1.2596628793774016e-02 3.8330449702655252e-06 2.1297474275785507e+17 8.1634176652159045e+11 7.9337528484068305e-05 -7.1100135444220102e-03
3.9939969984992494e+01 5.7550132089067558e+00 -1.2600254399548479e-02 3.8330327965243544e-06 2.2167084248351642e+17 8.4967160927250256e+11 7.9383205466670406e-05 -7.1131755923654174e-03
3.9979989994997496e+01 5.7545088740068344e+00 -1.2603882667322019e-02 3.8330206158115299e-06 2.3072201788368918e+17 8.8436225106981714e+11 7.9428929145810204e-05 -7.1163398201866618e-03
4.0020010005002497e+01 5.7540043938502494e+00 -1.2607513599903529e-02 3.8330084281199492e-06 2.4014276726665034e+17 9.2046925088511816e+11 7.9474699585876214e-05 -7.1195062306462923e-03
4.0060030015007506e+01 5.7534997683303475e+00 -1.2611147200266296e-02 3.8329962334425042e-06 2.4994818092981779e+17 9.5805043605979712e+11 7.9520516853392222e-05 -7.1226747882565129e-03
4.0100050025012507e+01 5.7529949973403625e+00 -1.2614783471382451e-02 3.8329840317720745e-06 2.6015396533160771e+17 9.9716599491823828e+11 7.9566381014931943e-05 -7.1258454585310252e-03
4.0140070035017509e+01 5.7524900807732724e+00 -1.2618422415805552e-02 3.8329718231015266e-06 2.7077646825028518e+17 1.0378785731622882e+12 7.9612292131852016e-05 -7.1290183079498887e-03
4.0180090045022510e+01 5.7519850185220296e+00 -1.2622064036352807e-02 3.8329596074237199e-06 2.8183270497007338e+17 1.0802533742012576e+12 7.9658250268895453e-05 -7.1321933410554662e-03
4.0220110055027511e+01 5.7514798104795011e+00 -1.2625708335930999e-02 3.8329473847315037e-06 2.9334038553649235e+17 1.1243582635782295e+12 7.9704255491998768e-05 -7.1353705417359818e-03
4.0260130065032513e+01 5.7509744565384286e+00 -1.2629355317409672e-02 3.8329351550177198e-06 3.0531794312457491e+17 1.1702638776598838e+12 7.9750307866691979e-05 -7.1385499042762503e-03
4.0300150075037514e+01 5.7504689565914049e+00 -1.2633004983562984e-02 3.8329229182751956e-06 3.1778456356540256e+17 1.2180437367639121e+12 7.9796407457363605e-05 -7.1417314458016769e-03
4.0340170085042523e+01 5.7499633105309025e+00 -1.2636657337146267e-02 3.8329106744967490e-06 3.3076021607825939e+17 1.2677743629052117e+12 7.9842554328226291e-05 -7.1449151897658401e-03
4.0380190095047524e+01 5.7494575182493195e+00 -1.2640312381033110e-02 3.8328984236751938e-06 3.4426568525761702e+17 1.3195354023493806e+12 7.9888748545049463e-05 -7.1481011321309889e-03
4.0420210105052526e+01 5.7489515796389874e+00 -1.2643970118251982e-02 3.8328861658033293e-06 3.5832260436622317e+17 1.3734097531699165e+12 7.9934990175624515e-05 -7.1512892323673674e-03
4.0460230115057527e+01 5.7484454945921000e+00 -1.2647630551761246e-02 3.8328739008739482e-06 3.7295348998757670e+17 1.4294836980132361e+12 7.9981279286922235e-05 -7.1544794681027962e-03
4.0500250125062529e+01 5.7479392630005997e+00 -1.2651293684107260e-02 3.8328616288798287e-06 3.8818177809333037e+17 1.4878470422842705e+12 8.0027615940766122e-05 -7.1576719158172554e-03
4.0540270135067530e+01 5.7474328847564413e+00 -1.2654959518225109e-02 3.8328493498137388e-06 4.0403186158338138e+17 1.5485932579738977e+12 8.0074000203958140e-05 -7.1608665611842372e-03
4.0580290145072539e+01 5.7469263597514608e+00 -1.2658628057042192e-02 3.8328370636684397e-06 4.2052912935878630e+17 1.6118196333585759e+12 8.0120432143267892e-05 -7.1640633914238422e-03
4.0620310155077540e+01 5.7464196878773661e+00 -1.2662299303447370e-02 3.8328247704366834e-06 4.3770000699007130e+17 1.6776274288118547e+12 8.0166911825041868e-05 -7.1672624047123736e-03
4.0660330165082541e+01 5.7459128690257169e+00 -1.2665973260236493e-02 3.8328124701112083e-06 4.5557199904612429e+17 1.7461220389774766e+12 8.0213439314512922e-05 -7.1704636222042544e-03
4.0700350175087543e+01 5.7454059030879590e+00 -1.2669649930213444e-02 3.8328001626847452e-06 4.7417373315141350e+17 1.8174131615635706e+12 8.0260014677078774e-05 -7.1736670638702978e-03
4.0740370185092544e+01 5.7448987899554691e+00 -1.2673329316320757e-02 3.8327878481500129e-06 4.9353500584214771e+17 1.8916149730284294e+12 8.0306637979957573e-05 -7.1768727179950757e-03
4.0780390195097546e+01 5.7443915295195502e+00 -1.2677011421637709e-02 3.8327755264997252e-06 5.1368683029481453e+17 1.9688463114391829e+12 8.0353309292166471e-05 -7.1800805409720286e-03
4.0820410205102547e+01 5.7438841216713374e+00 -1.2680696249083729e-02 3.8327631977265834e-06 5.3466148600355027e+17 2.0492308667962141e+12 8.0400028680763076e-05 -7.1832905283929849e-03
4.0860430215107556e+01 5.7433765663017384e+00 -1.2684383801248370e-02 3.8327508618232706e-06 5.5649257048592134e+17 2.1328973791281621e+12 8.0446796208686027e-05 -7.1865027552357411e-03
4.0900450225112557e+01 5.7428688633016876e+00 -1.2688074081153475e-02 3.8327385187824703e-06 5.7921505309991526e+17 2.2199798446746792e+12 8.0493611944419295e-05 -7.1897171946020853e-03
4.0940470235117559e+01 5.7423610125619771e+00 -1.2691767091753287e-02 3.8327261685968522e-06 6.0286533105840486e+17 2.3106177304873530e+12 8.0540475955655840e-05 -7.1929338372247551e-03
4.0980490245122560e+01 5.7418530139732677e+00 -1.2695462835952662e-02 3.8327138112590769e-06 6.2748128773073357e+17 2.4049561977922134e+12 8.0587388309527605e-05 -7.1961526851845497e-03
4.1020510255127562e+01 5.7413448674260739e+00 -1.2699161316573096e-02 3.8327014467617902e-06 6.5310235332486758e+17 2.5031463344717500e+12 8.0634349072173267e-05 -7.1993737627184251e-03
4.1060530265132563e+01 5.7408365728108040e+00 -1.2702862536473682e-02 3.8326890750976324e-06 6.7976956804729357e+17 2.6053453970386987e+12 8.0681358310273293e-05 -7.2025970854616202e-03
4.1100550275137564e+01 5.7403281300178008e+00 -1.2706566498668746e-02 3.8326766962592335e-06 7.0752564784183514e+17 2.7117170624891187e+12 8.0728416092545459e-05 -7.2058226329699019e-03
4.1140570285142573e+01 5.7398195389373239e+00 -1.2710273206278457e-02 3.8326643102392140e-06 7.3641505281269722e+17 2.8224316904381504e+12 8.0775522489120029e-05 -7.2090503617765122e-03
4.1180590295147574e+01 5.7393107994594228e+00 -1.2713982662152687e-02 3.8326519170301803e-06 7.6648405844130547e+17 2.9376665959581421e+12 8.0822677566759569e-05 -7.2122802923186256e-03
4.1220610305152576e+01 5.7388019114739857e+00 -1.2717694869005237e-02 3.8326395166247318e-06 7.9778082971109670e+17 3.0576063335564150e+12 8.0869881390561069e-05 -7.2155124784834112e-03
4.1260630315157577e+01 5.7382928748708908e+00 -1.2721409829885472e-02 3.8326271090154528e-06 8.3035549825888934e+17 3.1824429927470527e+12 8.0917134029953366e-05 -7.2187468963561393e-03
4.1300650325162579e+01 5.7377836895398806e+00 -1.2725127547785204e-02 3.8326146941949248e-06 8.6426024267649562e+17 3.3123765056904087e+12 8.0964435553700941e-05 -7.2219835359720614e-03
4.1340670335167580e+01 5.7372743553705536e+00 -1.2728848025623790e-02 3.8326022721557144e-06 8.9954937209117056e+17 3.4476149673928667e+12 8.1011786029713337e-05 -7.2252224054582337e-03
4.1380690345172582e+01 5.7367648722523672e+00 -1.2732571266256409e-02 3.8325898428903754e-06 9.3627941315878592e+17 3.5883749689797241e+12 8.1059185525149169e-05 -7.2284635295319965e-03
4.1420710355177590e+01 5.7362552400746818e+00 -1.2736297272606055e-02 3.8325774063914554e-06 9.7450920060908032e+17 3.7348819445749595e+12 8.1106634108096210e-05 -7.2317069176127558e-03
4.1460730365182592e+01 5.7357454587267922e+00 -1.2740026047757511e-02 3.8325649626514930e-06 1.0142999714879831e+18 3.8873705323432524e+12 8.1154131848769942e-05 -7.2349525421450869e-03
4.1500750375187593e+01 5.7352355280978928e+00 -1.2743757594851548e-02 3.8325525116630148e-06 1.0557154632480717e+18 4.0460849502728804e+12 8.1201678818168259e-05 -7.2382003628701213e-03
4.1540770385192594e+01 5.7347254480769356e+00 -1.2747491916667518e-02 3.8325400534185356e-06 1.0988220158441512e+18 4.2112793873008062e+12 8.1249275082751846e-05 -7.2414504262064599e-03
4.1580790395197596e+01 5.7342152185527846e+00 -1.2751229016073716e-02 3.8325275879105557e-06 1.1436886779975933e+18 4.3832184104067285e+12 8.1296920710180137e-05 -7.2447027587109270e-03
4.1620810405202597e+01 5.7337048394142469e+00 -1.2754968896134622e-02 3.8325151151315747e-06 1.1903873177996129e+18 4.5621773883279502e+12 8.1344615770680823e-05 -7.2479573411112714e-03
4.1660830415207606e+01 5.7331943105499965e+00 -1.2758711559874786e-02 3.8325026350740752e-06 1.2389927378306601e+18 4.7484429325736475e+12 8.1392360334041247e-05 -7.2512141654284129e-03
4.1700850425212607e+01 5.7326836318485563e+00 -1.2762457010227851e-02 3.8324901477305296e-06 1.2895827949802806e+18 4.9423133564447246e+12 8.1440154468957014e-05 -7.2544732449634705e-03
4.1740870435217609e+01 5.7321728031983143e+00 -1.2766205250087365e-02 3.8324776530934009e-06 1.3422385251594967e+18 5.1440991527948154e+12 8.1487998243679098e-05 -7.2577346045710903e-03
4.1780890445222610e+01 5.7316618244875723e+00 -1.2769956282446574e-02 3.8324651511551430e-06 1.3970442731053105e+18 5.3541234912969707e+12 8.1535891727798357e-05 -7.2609982459994156e-03
4.1820910455227612e+01 5.7311506956045646e+00 -1.2773710110462187e-02 3.8324526419081961e-06 1.4540878274853742e+18 5.5727227360128721e+12 8.1583834993061952e-05 -7.2642641336736289e-03
4.1860930465232613e+01 5.7306394164373975e+00 -1.2777466737277232e-02 3.8324401253449962e-06 1.5134605615191928e+18 5.8002469840933232e+12 8.1631828111113040e-05 -7.2675322361580490e-03
4.1900950475237615e+01 5.7301279868739199e+00 -1.2781226165616029e-02 3.8324276014579623e-06 1.5752575793411141e+18 6.0370606264727422e+12 8.1679871148313915e-05 -7.2708026216684032e-03
4.1940970485242623e+01 5.7296164068019557e+00 -1.2784988398499751e-02 3.8324150702395009e-06 1.6395778683395681e+18 6.2835429314557168e+12 8.1727964174886617e-05 -7.2740752896780459e-03
4.1980990495247624e+01 5.7291046761092277e+00 -1.2788753439013010e-02 3.8324025316820156e-06 1.7065244577165012e+18 6.5400886521299980e+12 8.1776107261933545e-05 -7.2773502256160590e-03
4.2021010505252626e+01 5.7285927946833253e+00 -1.2792521290202976e-02 3.8323899857778942e-06 1.7762045835211630e+18 6.8071086585793008e+12 8.1824300480148204e-05 -7.2806274245526747e-03
4.2061030515257627e+01 5.7280807624116834e+00 -1.2796291955019684e-02 3.8323774325195143e-06 1.8487298604223700e+18 7.0850305959076426e+12 8.1872543899050748e-05 -7.2839069061003915e-03
4.2101050525262629e+01 5.7275685791816091e+00 -1.2800065436404235e-02 3.8323648718992433e-06 1.9242164604945654e+18 7.3742995691296699e+12 8.1920837588115173e-05 -7.2871886920734246e-03
4.2141070535267630e+01 5.7270562448803339e+00 -1.2803841737427780e-02 3.8323523039094375e-06 2.0027852993039862e+18 7.6753788560235840e+12 8.1969181618548814e-05 -7.2904727754243333e-03
4.2181090545272632e+01 5.7265437593950130e+00 -1.2807620861313047e-02 3.8323397285424474e-06 2.0845622295930289e+18 7.9887506490883867e+12 8.2017576063570582e-05 -7.2937591141223465e-03
4.2221110555277640e+01 5.7260311226126444e+00 -1.2811402811170151e-02 3.8323271457906098e-06 2.1696782428730711e+18 8.3149168277937422e+12 8.2066020995029225e-05 -7.2970476935105503e-03
4.2261130565282642e+01 5.7255183344199718e+00 -1.2815187589721253e-02 3.8323145556462413e-06 2.2582696792485752e+18 8.6543997623588838e+12 8.2114516479872806e-05 -7.3003385920520922e-03
4.2301150575287643e+01 5.7250053947037607e+00 -1.2818975200119249e-02 3.8323019581016637e-06 2.3504784458087992e+18 9.0077431503488164e+12 8.2163062590636171e-05 -7.3036317866916672e-03
4.2341170585292645e+01 5.7244923033506367e+00 -1.2822765645470441e-02 3.8322893531491764e-06 2.4464522439366380e+18 9.3755128874262891e+12 8.2211659399328491e-05 -7.3069272671886397e-03
4.2381190595297646e+01 5.7239790602470855e+00 -1.2826558928836971e-02 3.8322767407810741e-06 2.5463448058989235e+18 9.7582979736551426e+12 8.2260306977463714e-05 -7.3102250348184294e-03
4.2421210605302647e+01 5.7234656652794431e+00 -1.2830355053192879e-02 3.8322641209896352e-06 2.6503161410970737e+18 1.0156711456806020e+13 8.2309005395496022e-05 -7.3135251119804444e-03
4.2461230615307656e+01 5.7229521183339269e+00 -1.2834154021539186e-02 3.8322514937671322e-06 2.7585327923725650e+18 1.0571391414175381e+13 8.2357754724295224e-05 -7.3168275161545095e-03
4.2501250625312657e+01 5.7224384192966822e+00 -1.2837955837028098e-02 3.8322388591058232e-06 2.8711681027776717e+18 1.1003001974489736e+13 8.2406555036741906e-05 -7.3201322301971747e-03
4.2541270635317659e+01 5.7219245680537689e+00 -1.2841760502929385e-02 3.8322262169979629e-06 2.9884024932390804e+18 1.1452234381532881e+13 8.2455406407298584e-05 -7.3234392107386368e-03
4.2581290645322660e+01 5.7214105644910429e+00 -1.2845568022272769e-02 3.8322135674357901e-06 3.1104237515587528e+18 1.1919808101197982e+13 8.2504308907418371e-05 -7.3267484710007307e-03
4.2621310655327662e+01 5.7208964084941707e+00 -1.2849378397897742e-02 3.8322009104115246e-06 3.2374273332152581e+18 1.2406471973738666e+13 8.2553262606180583e-05 -7.3300600712483148e-03
4.2661330665332663e+01 5.7203820999488162e+00 -1.2853191633008253e-02 3.8321882459173858e-06 3.3696166744472873e+18 1.2913005413064125e+13 8.2602267577416692e-05 -7.3333739856933696e-03
4.2701350675337665e+01 5.7198676387404976e+00 -1.2857007730746583e-02 3.8321755739455824e-06 3.5072035181208622e+18 1.3440219654998781e+13 8.2651323894238706e-05 -7.3366902052497424e-03
4.2741370685342673e+01 5.7193530247545850e+00 -1.2860826694187026e-02 3.8321628944883041e-06 3.6504082529022587e+18 1.3988959056505912e+13 8.2700431628956797e-05 -7.3400087372958479e-03
4.2781390695347675e+01 5.7188382578762997e+00 -1.2864648526335856e-02 3.8321502075377370e-06 3.7994602662797670e+18 1.4560102447955395e+13 8.2749590853077663e-05 -7.3433296062415067e-03
4.2821410705352676e+01 5.7183233379907596e+00 -1.2868473230263758e-02 3.8321375130860511e-06 3.9545983120001577e+18 1.5154564540602580e+13 8.2798801639007470e-05 -7.3466528225128629e-03
4.2861430715357677e+01 5.7178082649830122e+00 -1.2872300809204396e-02 3.8321248111254096e-06 4.1160708925079086e+18 1.5773297391530666e+13 8.2848064061322074e-05 -7.3499783594545634e-03
4.2901450725362679e+01 5.7172930387379974e+00 -1.2876131266452854e-02 3.8321121016479657e-06 4.2841366570001649e+18 1.6417291928403992e+13 8.2897378195462377e-05 -7.3533061769792858e-03
4.2941470735367680e+01 5.7167776591404111e+00 -1.2879964604945759e-02 3.8320993846458563e-06 4.4590648157348966e+18 1.7087579536473686e+13 8.2946744112327787e-05 -7.3566363199027204e-03
4.2981490745372682e+01 5.7162621260748470e+00 -1.2883800827699831e-02 3.8320866601112082e-06 4.6411355712559206e+18 1.7785233710377426e+13 8.2996161883919426e-05 -7.3599688157222724e-03
4.3021510755377690e+01 5.7157464394258417e+00 -1.2887639937933185e-02 3.8320739280361399e-06 4.8306405672255621e+18 1.8511371773378785e+13 8.3045631584905240e-05 -7.3633036455057563e-03
4.3061530765382692e+01 5.7152305990777910e+00 -1.2891481938823463e-02 3.8320611884127578e-06 5.0278833555837102e+18 1.9267156666798836e+13 8.3095153289505780e-05 -7.3666408008722572e-03
4.3101550775387693e+01 5.7147146049149331e+00 -1.2895326833456504e-02 3.8320484412331557e-06 5.2331798827820564e+18 2.0053798812507688e+13 8.3144727070831671e-05 -7.3699802962904253e-03
4.3141570785392695e+01 5.7141984568213662e+00 -1.2899174624879259e-02 3.8320356864894165e-06 5.4468589958717184e+18 2.0872558051456336e+13 8.3194353001564479e-05 -7.3733221556778967e-03
4.3181590795397696e+01 5.7136821546810959e+00 -1.2903025316241894e-02 3.8320229241736100e-06 5.6692629692554066e+18 2.1724745661355266e+13 8.3244031155789609e-05 -7.3766663809118191e-03
4.3221610805402698e+01 5.7131656983780550e+00 -1.2906878910859346e-02 3.8320101542778023e-06 5.9007480529476864e+18 2.2611726456730504e+13 8.3293761609792868e-05 -7.3800129354559506e-03
4.3261630815407706e+01 5.7126490877960387e+00 -1.2910735412022610e-02 3.8319973767940482e-06 6.1416850432216269e+18 2.3534920974720516e+13 8.3343544439627311e-05 -7.3833617898854424e-03
4.3301650825412707e+01 5.7121323228185785e+00 -1.2914594822600670e-02 3.8319845917143770e-06 6.3924598765556511e+18 2.4495807750113645e+13 8.3393379715972010e-05 -7.3867130146692030e-03
4.3341670835417709e+01 5.7116154033291799e+00 -1.2918457145785893e-02 3.8319717990308199e-06 6.6534742478326241e+18 2.5495925683272410e+13 8.3443267513753303e-05 -7.3900666052198142e-03
4.3381690845422710e+01 5.7110983292112394e+00 -1.2922322384815926e-02 3.8319589987353919e-06 6.9251462537805588e+18 2.6536876504733102e+13 8.3493207908557376e-05 -7.3934225479892731e-03
4.3421710855427712e+01 5.7105811003480111e+00 -1.2926190542889321e-02 3.8319461908200996e-06 7.2079110626862602e+18 2.7620327340430672e+13 8.3543200975540663e-05 -7.3967808392760102e-03
4.3461730865432713e+01 5.7100637166225869e+00 -1.2930061623106592e-02 3.8319333752769350e-06 7.5022216114543974e+18 2.8748013381656016e+13 8.3593246788666933e-05 -7.4001414996170863e-03
4.3501750875437715e+01 5.7095461779179306e+00 -1.2933935628567848e-02 3.8319205520978786e-06 7.8085493311286252e+18 2.9921740664021922e+13 8.3643345421968384e-05 -7.4035045503613268e-03
4.3541770885442723e+01 5.7090284841169225e+00 -1.2937812562512861e-02 3.8319077212749038e-06 8.1273849020369428e+18 3.1143388959888438e+13 8.3693496951357804e-05 -7.4068699815798607e-03
4.3581790895447725e+01 5.7085106351023640e+00 -1.2941692428328893e-02 3.8318948827999713e-06 8.4592390397705626e+18 3.2414914788878562e+13 8.3743701454732692e-05 -7.4102377501634505e-03
4.3621810905452726e+01 5.7079926307568760e+00 -1.2945575229251608e-02 3.8318820366650303e-06 8.8046433132561285e+18 3.3738354551309035e+13 8.3793959008106409e-05 -7.4136078492243618e-03
4.3661830915457728e+01 5.7074744709628344e+00 -1.2949460968165965e-02 3.8318691828620126e-06 9.1641509962305618e+18 3.5115827789550102e+13 8.3844269683026906e-05 -7.4169803545552204e-03
4.3701850925462729e+01 5.7069561556026320e+00 -1.2953349648399705e-02 3.8318563213828453e-06 9.5383379534832681e+18 3.6549540582540773e+13 8.3894633556848375e-05 -7.4203552403335378e-03
4.3741870935467730e+01 5.7064376845585096e+00 -1.2957241273213904e-02 3.8318434522194425e-06 9.9278035632849797e+18 3.8041789078894398e+13 8.3945050706138937e-05 -7.4237324970512627e-03
4.3781890945472732e+01 5.7059190577125589e+00 -1.2961135845818608e-02 3.8318305753637057e-06 1.0333171677480849e+19 3.9594963174253391e+13 8.3995521206882027e-05 -7.4271121281367508e-03
4.3821910955477740e+01 5.7054002749467170e+00 -1.2965033369341192e-02 3.8318176908075247e-06 1.0755091620785744e+19 4.1211550338782586e+13 8.4046045134065310e-05 -7.4304941571386850e-03
4.3861930965482742e+01 5.7048813361428037e+00 -1.2968933846951910e-02 3.8318047985427780e-06 1.1194239230882001e+19 4.2894139600929469e+13 8.4096622563307428e-05 -7.4338785995287180e-03
4.3901950975487743e+01 5.7043622411825607e+00 -1.2972837281981281e-02 3.8317918985613359e-06 1.1651317940986792e+19 4.4645425693835531e+13 8.4147253572381740e-05 -7.4372654334577343e-03
4.3941970985492745e+01 5.7038429899476322e+00 -1.2976743677857502e-02 3.8317789908550549e-06 1.2127059906621688e+19 4.6468213371033648e+13 8.4197938240407317e-05 -7.4406546165737665e-03
4.3981990995497746e+01 5.7033235823194293e+00 -1.2980653037705476e-02 3.8317660754157807e-06 1.2622227178390405e+19 4.8365421898347406e+13 8.4248676642646194e-05 -7.4440461771721096e-03
4.4022011005502748e+01 5.7028040181792123e+00 -1.2984565364586738e-02 3.8317531522353394e-06 1.3137612922642874e+19 5.0340089729184562e+13 8.4299468853612754e-05 -7.4474401603044750e-03
4.4062031015507756e+01 5.7022842974082053e+00 -1.2988480661852658e-02 3.8317402213055572e-06 1.3674042691981081e+19 5.2395379370713219e+13 8.4350314951660228e-05 -7.4508365436993691e-03
4.4102051025512758e+01 5.7017644198874855e+00 -1.2992398932806690e-02 3.8317272826182423e-06 1.4232375747641186e+19 5.4534582448710938e+13 8.4401215014598215e-05 -7.4542353182428306e-03
4.4142071035517759e+01 5.7012443854979704e+00 -1.2996320180667400e-02 3.8317143361651939e-06 1.4813506435871617e+19 5.6761124979204641e+13 8.4452169119211362e-05 -7.4576364952802700e-03
4.4182091045522760e+01 5.7007241941204265e+00 -1.3000244408598028e-02 3.8317013819381948e-06 1.5418365620509905e+19 5.9078572855336156e+13 8.4503177341642145e-05 -7.4610401002320210e-03
4.4222111055527762e+01 5.7002038456355173e+00 -1.3004171619850858e-02 3.8316884199290187e-06 1.6047922174054406e+19 6.1490637558246391e+13 8.4554239759267253e-05 -7.4644461384967770e-03
4.4262131065532763e+01 5.6996833399238307e+00 -1.3008101817850023e-02 3.8316754501294323e-06 1.6703184529618782e+19 6.4001182101122016e+13 8.4605356451776536e-05 -7.4678545772825814e-03
4.4302151075537765e+01 5.6991626768658303e+00 -1.3012035006036350e-02 3.8316624725311891e-06 1.7385202296255248e+19 6.6614227215924289e+13 8.4656527499157700e-05 -7.4712653808550102e-03
4.4342171085542773e+01 5.6986418563417036e+00 -1.3015971187430428e-02 3.8316494871260211e-06 1.8095067940234213e+19 6.9333957792708930e+13 8.4707752976009534e-05 -7.4746786117857976e-03
4.4382191095547775e+01 5.6981208782315891e+00 -1.3019910365293800e-02 3.8316364939056595e-06 1.8833918534972588e+19 7.2164729581847188e+13 8.4759032960142461e-05 -7.4780942783133839e-03
4.4422211105552776e+01 5.6975997424155240e+00 -1.3023852542996173e-02 3.8316234928618162e-06 1.9602937582415774e+19 7.5111076169888094e+13 8.4810367530853946e-05 -7.4815123645093707e-03
4.4462231115557778e+01 5.6970784487734019e+00 -1.3027797723866519e-02 3.8316104839862003e-06 2.0403356908788285e+19 7.8177716240225469e+13 8.4861756766990828e-05 -7.4849328646595294e-03
4.4502251125562779e+01 5.6965569971849481e+00 -1.3031745911137217e-02 3.8315974672704984e-06 2.1236458637751591e+19 8.1369561130203688e+13 8.4913200746220785e-05 -7.4883557974626258e-03
4.4542271135567781e+01 5.6960353875297525e+00 -1.3035697108026495e-02 3.8315844427063933e-06 2.2103577244128956e+19 8.4691722696763562e+13 8.4964699546105161e-05 -7.4917811850411737e-03
4.4582291145572782e+01 5.6955136196873104e+00 -1.3039651317879717e-02 3.8315714102855485e-06 2.3006101691487232e+19 8.8149521503224469e+13 8.5016253245941118e-05 -7.4952090217328066e-03
4.4622311155577790e+01 5.6949916935370366e+00 -1.3043608544196152e-02 3.8315583699996259e-06 2.3945477656999629e+19 9.1748495340315953e+13 8.5067861927113427e-05 -7.4986392671207913e-03
4.4662331165582792e+01 5.6944696089581734e+00 -1.3047568790367860e-02 3.8315453218402711e-06 2.4923209847152415e+19 9.5494408095100219e+13 8.5119525669690715e-05 -7.5020719071043195e-03
4.4702351175587793e+01 5.6939473658297040e+00 -1.3051532059403691e-02 3.8315322657991088e-06 2.5940864408007274e+19 9.9393258981999562e+13 8.5171244548821177e-05 -7.5055070169297638e-03
4.4742371185592795e+01 5.6934249640306138e+00 -1.3055498354735608e-02 3.8315192018677634e-06 2.7000071433876869e+19 1.0345129215070050e+14 8.5223018645252084e-05 -7.5089445752728372e-03
4.4782391195597796e+01 5.6929024034397431e+00 -1.3059467679752093e-02 3.8315061300378400e-06 2.8102527578434474e+19 1.0767500668632914e+14 8.5274848039244754e-05 -7.5123845720721939e-03
4.4822411205602798e+01 5.6923796839357772e+00 -1.3063440037794917e-02 3.8314930503009377e-06 2.9249998772439241e+19 1.1207116701791191e+14 8.5326732810531633e-05 -7.5158270092351327e-03
4.4862431215607799e+01 5.6918568053972409e+00 -1.3067415432118003e-02 3.8314799626486396e-06 3.0444323052430516e+19 1.1664681375178959e+14 8.5378673037777875e-05 -7.5192719098335593e-03
4.4902451225612808e+01 5.6913337677025329e+00 -1.3071393866009055e-02 3.8314668670725143e-06 3.1687413504922538e+19 1.2140927494733684e+14 8.5430668800169570e-05 -7.5227192904878913e-03
4.4942471235617809e+01 5.6908105707299681e+00 -1.3075375342914088e-02 3.8314537635641228e-06 3.2981261330814136e+19 1.2636617785303969e+14 8.5482720179042845e-05 -7.5261691322530046e-03
4.4982491245622811e+01 5.6902872143577632e+00 -1.3079359866388923e-02 3.8314406521150177e-06 3.4327939034925502e+19 1.3152546112173953e+14 8.5534827257252634e-05 -7.5296213924314018e-03
4.5022511255627812e+01 5.6897636984639055e+00 -1.3083347439708912e-02 3.8314275327167345e-06 3.5729603745766547e+19 1.3689538752458892e+14 8.5586990114068875e-05 -7.5330760933959946e-03
4.5062531265632813e+01 5.6892400229262075e+00 -1.3087338066037594e-02 3.8314144053607885e-06 3.7188500670857863e+19 1.4248455718409416e+14 8.5639208827378320e-05 -7.5365332850819032e-03
4.5102551275637815e+01 5.6887161876224521e+00 -1.3091331748856377e-02 3.8314012700386959e-06 3.8706966693137752e+19 1.4830192134743347e+14 8.5691483479307482e-05 -7.5399929451258566e-03
4.5142571285642823e+01 5.6881921924302672e+00 -1.3095328491594668e-02 3.8313881267419540e-06 4.0287434114216600e+19 1.5435679672210822e+14 8.5743814151385532e-05 -7.5434550643541740e-03
4.5182591295647825e+01 5.6876680372271187e+00 -1.3099328297601171e-02 3.8313749754620529e-06 4.1932434550472860e+19 1.6065888039688209e+14 8.5796200924167403e-05 -7.5469196528651890e-03
4.5222611305652826e+01 5.6871437218903145e+00 -1.3103331170166339e-02 3.8313618161904611e-06 4.3644602988235792e+19 1.6721826537191872e+14 8.5848643877526378e-05 -7.5503867358099937e-03
4.5262631315657828e+01 5.6866192462970533e+00 -1.3107337112665431e-02 3.8313486489186423e-06 4.5426682004544856e+19 1.7404545672296975e+14 8.5901143092528281e-05 -7.5538563201126398e-03
4.5302651325662829e+01 5.6860946103244538e+00 -1.3111346128644652e-02 3.8313354736380474e-06 4.7281526160250995e+19 1.8115138842551497e+14 8.5953698652562542e-05 -7.5573283739494767e-03
4.5342671335667831e+01 5.6855698138495043e+00 -1.3115358221672691e-02 3.8313222903401187e-06 4.9212106572494938e+19 1.8854744086579331e+14 8.6006310641398729e-05 -7.5608028618504792e-03
4.5382691345672832e+01 5.6850448567489185e+00 -1.3119373394906108e-02 3.8313090990162750e-06 5.1221515673887105e+19 1.9624545906676841e+14 8.6058979137485102e-05 -7.5642798442293099e-03
4.5422711355677841e+01 5.6845197388993460e+00 -1.3123391651728940e-02 3.8312958996579291e-06 5.3312972166012854e+19 2.0425777165822234e+14 8.6111704222334421e-05 -7.5677593302883412e-03
4.5462731365682842e+01 5.6839944601773382e+00 -1.3127412995638950e-02 3.8312826922564828e-06 5.5489826175195382e+19 2.1259721062134681e+14 8.6164485979035196e-05 -7.5712413043715005e-03
4.5502751375687843e+01 5.6834690204592926e+00 -1.3131437430093705e-02 3.8312694768033259e-06 5.7755564618780443e+19 2.2127713183947562e+14 8.6217324490232974e-05 -7.5747257609875733e-03
4.5542771385692845e+01 5.6829434196214361e+00 -1.3135464958451634e-02 3.8312562532898315e-06 6.0113816790531293e+19 2.3031143648784228e+14 8.6270219837355391e-05 -7.5782127188984017e-03
4.5582791395697846e+01 5.6824176575398520e+00 -1.3139495584057774e-02 3.8312430217073605e-06 6.2568360174086169e+19 2.3971459329664038e+14 8.6323172101736867e-05 -7.5817022007175104e-03
4.5622811405702848e+01 5.6818917340905273e+00 -1.3143529310389616e-02 3.8312297820472650e-06 6.5123126493788094e+19 2.4950166172303222e+14 8.6376181366535466e-05 -7.5851942002547823e-03
4.5662831415707849e+01 5.6813656491493640e+00 -1.3147566141081972e-02 3.8312165343008846e-06 6.7782208012579832e+19 2.5968831606921775e+14 8.6429247717062543e-05 -7.5886886759452968e-03
4.5702851425712858e+01 5.6808394025920830e+00 -1.3151606079649889e-02 3.8312032784595468e-06 7.0549864087052452e+19 2.7029087058519078e+14 8.6482371237141955e-05 -7.5921856153389252e-03
4.5742871435717859e+01 5.6803129942941393e+00 -1.3155649129225082e-02 3.8311900145145609e-06 7.3430527990144467e+19 2.8132630559637344e+14 8.6535552005640332e-05 -7.5956850947170411e-03
4.5782891445722861e+01 5.6797864241309926e+00 -1.3159695293377301e-02 3.8311767424572271e-06 7.6428814012427780e+19 2.9281229469800231e+14 8.6588790107268340e-05 -7.5991870911591335e-03
4.5822911455727862e+01 5.6792596919779452e+00 -1.3163744575624496e-02 3.8311634622788336e-06 7.9549524853345468e+19 3.0476723305977912e+14 8.6642085626141663e-05 -7.6026915949440905e-03
4.5862931465732864e+01 5.6787327977101434e+00 -1.3167796979434701e-02 3.8311501739706560e-06 8.2797659314248122e+19 3.1721026688614481e+14 8.6695438645804815e-05 -7.6061986089724191e-03
4.5902951475737865e+01 5.6782057412025626e+00 -1.3171852508189582e-02 3.8311368775239563e-06 8.6178420305548689e+19 3.3016132407934694e+14 8.6748849248750089e-05 -7.6097081565341933e-03
4.5942971485742873e+01 5.6776785223300523e+00 -1.3175911165311492e-02 3.8311235729299820e-06 8.9697223180822987e+19 3.4364114615441256e+14 8.6802317518090027e-05 -7.6132202537446663e-03
4.5982991495747875e+01 5.6771511409673749e+00 -1.3179972954386282e-02 3.8311102601799716e-06 9.3359704411201503e+19 3.5767132145712344e+14 8.6855843539176926e-05 -7.6167348797250619e-03
4.6023011505752876e+01 5.6766235969891845e+00 -1.3184037879101313e-02 3.8310969392651540e-06 9.7171730613957083e+19 3.7227431973822906e+14 8.6909427398789135e-05 -7.6202519919298974e-03
4.6063031515757878e+01 5.6760958902698926e+00 -1.3188105942834106e-02 3.8310836101767378e-06 1.0113940794973779e+20 3.8747352813921931e+14 8.6963069179708132e-05 -7.6237716198122247e-03
4.6103051525762879e+01 5.6755680206837473e+00 -1.3192177148906661e-02 3.8310702729059197e-06 1.0526909190350712e+20 4.0329328864732738e+14 8.7016768964067533e-05 -7.6272938064485315e-03
4.6143071535767881e+01 5.6750399881049551e+00 -1.3196251500927845e-02 3.8310569274438882e-06 1.0956739746485490e+20 4.1975893707973031e+14 8.7070526837870209e-05 -7.6308185309449071e-03
4.6183091545772882e+01 5.6745117924075590e+00 -1.3200329002458109e-02 3.8310435737818146e-06 1.1404120972398679e+20 4.3689684365938375e+14 8.7124342886568342e-05 -7.6343457842785846e-03
4.6223111555777891e+01 5.6739834334654349e+00 -1.3204409656971150e-02 3.8310302119108609e-06 1.1869769490036552e+20 4.5473445524747806e+14 8.7178217194556473e-05 -7.6378755787274424e-03
4.6263131565782892e+01 5.6734549111522963e+00 -1.3208493467889956e-02 3.8310168418221724e-06 1.2354431182166535e+20 4.7330033930013006e+14 8.7232149845645814e-05 -7.6414079391118927e-03
4.6303151575787894e+01 5.6729262253417492e+00 -1.3212580438733502e-02 3.8310034635068846e-06 1.2858882387143880e+20 4.9262422961975881e+14 8.7286140925001599e-05 -7.6449428698365579e-03
4.6343171585792895e+01 5.6723973759073116e+00 -1.3216670573192608e-02 3.8309900769561200e-06 1.3383931142461740e+20 5.1273707397434912e+14 8.7340190520147714e-05 -7.6484803369340241e-03
4.6383191595797896e+01 5.6718683627223569e+00 -1.3220763874953538e-02 3.8309766821609898e-06 1.3930418479077804e+20 5.3367108366091625e+14 8.7394298718638255e-05 -7.6520203087803900e-03
4.6423211605802898e+01 5.6713391856599742e+00 -1.3224860347276596e-02 3.8309632791125882e-06 1.4499219768590280e+20 5.5545978509252681e+14 8.7448465602484431e-05 -7.6555628523410375e-03
4.6463231615807899e+01 5.6708098445932071e+00 -1.3228959993720948e-02 3.8309498678019951e-06 1.5091246125421229e+20 5.7813807349149825e+14 8.7502691257734664e-05 -7.6591079674903440e-03
4.6503251625812908e+01 5.6702803393949797e+00 -1.3233062817911657e-02 3.8309364482202837e-06 1.5707445866253389e+20 6.0174226877477138e+14 8.7556975771398008e-05 -7.6626556401185571e-03
4.6543271635817909e+01 5.6697506699380558e+00 -1.3237168823432411e-02 3.8309230203585110e-06 1.6348806029057615e+20 6.2631017372092838e+14 8.7611319230025510e-05 -7.6662058670735117e-03
4.6583291645822911e+01 5.6692208360950236e+00 -1.3241278013768031e-02 3.8309095842077197e-06 1.7016353954145717e+20 6.5188113451207762e+14 8.7665721718948326e-05 -7.6697586684694062e-03
4.6623311655827912e+01 5.6686908377383283e+00 -1.3245390392404939e-02 3.8308961397589378e-06 1.7711158929779124e+20 6.7849610374747888e+14 8.7720183323606533e-05 -7.6733140659028237e-03
4.6663331665832914e+01 5.6681606747403155e+00 -1.3249505962974339e-02 3.8308826870031844e-06 1.8434333904970944e+20 7.0619770602989000e+14 8.7774704131446282e-05 -7.6768720486727598e-03
4.6703351675837915e+01 5.6676303469732376e+00 -1.3253624729253502e-02 3.8308692259314683e-06 1.9187037272224357e+20 7.3503030622964350e+14 8.7829284231939975e-05 -7.6804325744093405e-03
4.6743371685842924e+01 5.6670998543091402e+00 -1.3257746694840603e-02 3.8308557565347802e-06 1.9970474723063208e+20 7.6504008053579012e+14 8.7883923712278459e-05 -7.6839956423000394e-03
4.6783391695847925e+01 5.6665691966198235e+00 -1.3261871863028256e-02 3.8308422788040935e-06 2.0785901179326182e+20 7.9627509040806612e+14 8.7938622655690270e-05 -7.6875613228390193e-03
4.6823411705852926e+01 5.6660383737770843e+00 -1.3266000237536449e-02 3.8308287927303771e-06 2.1634622803320232e+20 8.2878535954820338e+14 8.7993381151158564e-05 -7.6911295899925354e-03
4.6863431715857928e+01 5.6655073856525489e+00 -1.3270131822016298e-02 3.8308152983045812e-06 2.2517999090050364e+20 8.6262295401373575e+14 8.8048199286844793e-05 -7.6947004349125570e-03
4.6903451725862929e+01 5.6649762321176800e+00 -1.3274266620057271e-02 3.8308017955176452e-06 2.3437445044879235e+20 8.9784206560269512e+14 8.8103077150183343e-05 -7.6982738641269612e-03
4.6943471735867931e+01 5.6644449130437664e+00 -1.3278404635171982e-02 3.8307882843604948e-06 2.4394433450103918e+20 9.3449909864269850e+14 8.8158014827678384e-05 -7.7018499022317140e-03
4.6983491745872932e+01 5.6639134283019725e+00 -1.3282545870936319e-02 3.8307747648240379e-06 2.5390497224080645e+20 9.7265276032342912e+14 8.8213012406763731e-05 -7.7054285613349163e-03
4.7023511755877941e+01 5.6633817777633721e+00 -1.3286690331099789e-02 3.8307612368991765e-06 2.6427231876676574e+20 1.0123641547171890e+15 8.8268069977270305e-05 -7.7090098150857109e-03
4.7063531765882942e+01 5.6628499612989174e+00 -1.3290838019479520e-02 3.8307477005767992e-06 2.7506298064980630e+20 1.0536968806380461e+15 8.8323187630021140e-05 -7.7125936230650087e-03
4.7103551775887944e+01 5.6623179787792850e+00 -1.3294988939512095e-02 3.8307341558477757e-06 2.8629424253370001e+20 1.0967171334964116e+15 8.8378365450874477e-05 -7.7161800323295804e-03
4.7143571785892945e+01 5.6617858300750399e+00 -1.3299143094735412e-02 3.8307206027029624e-06 2.9798409482189531e+20 1.1414938113120275e+15 8.8433603527124285e-05 -7.7197690685676390e-03
4.7183591795897946e+01 5.6612535150566634e+00 -1.3303300488885283e-02 3.8307070411332061e-06 3.1015126249481673e+20 1.1880986250552478e+15 8.8488901948787708e-05 -7.7233607133461004e-03
4.7223611805902948e+01 5.6607210335944744e+00 -1.3307461125652790e-02 3.8306934711293395e-06 3.2281523510381858e+20 1.2366062134932805e+15 8.8544260805380111e-05 -7.7269549596381167e-03
4.7263631815907949e+01 5.6601883855586141e+00 -1.3311625008634264e-02 3.8306798926821799e-06 3.3599629798984037e+20 1.2870942627253315e+15 8.8599680185248589e-05 -7.7305518234267699e-03
4.7303651825912958e+01 5.6596555708190630e+00 -1.3315792141397524e-02 3.8306663057825302e-06 3.4971556477677227e+20 1.3396436305980895e+15 8.8655160176452028e-05 -7.7341513283856016e-03
4.7343671835917959e+01 5.6591225892456976e+00 -1.3319962527628461e-02 3.8306527104211814e-06 3.6399501119156368e+20 1.3943384762007518e+15 8.8710700868713187e-05 -7.7377534721612155e-03
4.7383691845922961e+01 5.6585894407082948e+00 -1.3324136171175970e-02 3.8306391065889162e-06 3.7885751026528682e+20 1.4512663946471195e+15 8.8766302354019910e-05 -7.7413582177908820e-03
4.7423711855927962e+01 5.6580561250764596e+00 -1.3328313075813216e-02 3.8306254942764984e-06 3.9432686897149044e+20 1.5105185573604195e+15 8.8821964723446780e-05 -7.7449655455292194e-03
4.7463731865932964e+01 5.6575226422195142e+00 -1.3332493244909902e-02 3.8306118734746768e-06 4.1042786636056881e+20 1.5721898580856728e+15 8.8877688062784086e-05 -7.7485755289994239e-03
4.7503751875937965e+01 5.6569889920067649e+00 -1.3336676682238872e-02 3.8305982441741849e-06 4.2718629325121598e+20 1.6363790648633865e+15 8.8933472463287024e-05 -7.7521881513513257e-03
4.7543771885942974e+01 5.6564551743073608e+00 -1.3340863391551334e-02 3.8305846063657510e-06 4.4462899354254823e+20 1.7031889782079822e+15 8.8989318016017286e-05 -7.7558034025466162e-03
4.7583791895947975e+01 5.6559211889902867e+00 -1.3345053376551752e-02 3.8305709600400849e-06 4.6278390721305117e+20 1.7727265957441990e+15 8.9045224811507665e-05 -7.7594212836379142e-03
4.7623811905952977e+01 5.6553870359243472e+00 -1.3349246640854460e-02 3.8305573051878794e-06 4.8168011507527405e+20 1.8451032835653295e+15 8.9101192939182046e-05 -7.7630418175840933e-03
4.7663831915957978e+01 5.6548527149782091e+00 -1.3353443188106542e-02 3.8305436417998153e-06 5.0134788535789886e+20 1.9204349545874822e+15 8.9157222488994500e-05 -7.7666650215235450e-03
4.7703851925962979e+01 5.6543182260204397e+00 -1.3357643022116410e-02 3.8305299698665644e-06 5.2181872218984481e+20 1.9988422541856755e+15 8.9213313553147613e-05 -7.7702908768487828e-03
4.7743871935967981e+01 5.6537835689194944e+00 -1.3361846146802817e-02 3.8305162893787848e-06 5.4312541606405394e+20 2.0804507534089885e+15 8.9269466225414641e-05 -7.7739193418571795e-03
4.7783891945972982e+01 5.6532487435435792e+00 -1.3366052565791197e-02 3.8305026003271149e-06 5.6530209636179365e+20 2.1653911500842198e+15 8.9325680595746715e-05 -7.7775504417811796e-03
4.7823911955977991e+01 5.6527137497607214e+00 -1.3370262282624923e-02 3.8304889027021791e-06 5.8838428602161490e+20 2.2537994781301405e+15 8.9381956753091307e-05 -7.7811842223338527e-03
4.7863931965982992e+01 5.6521785874388977e+00 -1.3374475301145919e-02 3.8304751964945938e-06 6.1240895844051032e+20 2.3458173254174635e+15 8.9438294790481108e-05 -7.7848206622293196e-03
4.7903951975987994e+01 5.6516432564459169e+00 -1.3378691625148296e-02 3.8304614816949579e-06 6.3741459669847992e+20 2.4415920605236535e+15 8.9494694800406574e-05 -7.7884597532122445e-03
4.7943971985992995e+01 5.6511077566494050e+00 -1.3382911258338461e-02 3.8304477582938565e-06 6.6344125520128849e+20 2.5412770687454380e+15 8.9551156874281167e-05 -7.7921015075499648e-03
4.7983991995997997e+01 5.6505720879168226e+00 -1.3387134204371218e-02 3.8304340262818606e-06 6.9053062384021615e+20 2.6450319977472040e+15 8.9607681102922906e-05 -7.7957459502808728e-03
4.8024012006002998e+01 5.6500362501155070e+00 -1.3391360467001364e-02 3.8304202856495265e-06 7.1872609477155108e+20 2.7530230132386135e+15 8.9664267578583505e-05 -7.7993930852845840e-03
4.8064032016007999e+01 5.6495002431127048e+00 -1.3395590050160135e-02 3.8304065363874013e-06 7.4807283192279479e+20 2.8654230650909070e+15 8.9720916395974608e-05 -7.8030428783315633e-03
4.8104052026013008e+01 5.6489640667755037e+00 -1.3399822957765895e-02 3.8303927784860178e-06 7.7861784333692292e+20 2.9824121643181070e+15 8.9777627649734965e-05 -7.8066952993881694e-03
4.8144072036018009e+01 5.6484277209706963e+00 -1.3404059193301230e-02 3.8303790119358867e-06 8.1041005647055041e+20 3.1041776713665730e+15 8.9834401428761618e-05 -7.8103504169869777e-03
4.8184092046023011e+01 5.6478912055650285e+00 -1.3408298760576051e-02 3.8303652367275101e-06 8.4350039656669682e+20 3.2309145961749445e+15 8.9891237826432630e-05 -7.8140082279302015e-03
4.8224112056028012e+01 5.6473545204251092e+00 -1.3412541663450368e-02 3.8303514528513768e-06 8.7794186822758158e+20 3.3628259104845690e+15 8.9948136936895972e-05 -7.8176687195691697e-03
4.8264132066033014e+01 5.6468176654173812e+00 -1.3416787905739889e-02 3.8303376602979610e-06 9.1378964031819429e+20 3.5001228729009075e+15 9.0005098853804079e-05 -7.8213318892822892e-03
4.8304152076038015e+01 5.6462806404080990e+00 -1.3421037491161020e-02 3.8303238590577200e-06 9.5110113433660935e+20 3.6430253672263765e+15 9.0062123669574845e-05 -7.8249977588887472e-03
4.8344172086043017e+01 5.6457434452633661e+00 -1.3425290423441771e-02 3.8303100491210977e-06 9.8993611639260119e+20 3.7917622546064930e+15 9.0119211476878661e-05 -7.8286663487060933e-03
4.8384192096048025e+01 5.6452060798491850e+00 -1.3429546706465600e-02 3.8302962304785292e-06 1.0303567929419005e+21 3.9465717400533080e+15 9.0176362370570520e-05 -7.8323376453954072e-03
4.8424212106053027e+01 5.6446685440314477e+00 -1.3433806344255018e-02 3.8302824031204314e-06 1.0724279104293983e+21 4.1077017539329385e+15 9.0233576447473185e-05 -7.8360116055686598e-03
4.8464232116058028e+01 5.6441308376758181e+00 -1.3438069340602040e-02 3.8302685670372080e-06 1.1162168590010131e+21 4.2754103490285840e+15 9.0290853801414271e-05 -7.8396882393307124e-03
4.8504252126063029e+01 5.6435929606477275e+00 -1.3442335699073563e-02 3.8302547222192429e-06 1.1617937804502081e+21 4.4499661138143560e+15 9.0348194523293764e-05 -7.8433676080204798e-03
4.8544272136068031e+01 5.6430549128125822e+00 -1.3446605423624651e-02 3.8302408686569111e-06 1.2092316805721720e+21 4.6316486026022130e+15 9.0405598709325944e-05 -7.8470496877121182e-03
4.8584292146073032e+01 5.6425166940356126e+00 -1.3450878518148312e-02 3.8302270063405751e-06 1.2586065461055959e+21 4.8207487832506870e+15 9.0463066454991864e-05 -7.8507344689888545e-03
4.8624312156078041e+01 5.6419783041818672e+00 -1.3455154986462176e-02 3.8302131352605779e-06 1.3099974664493780e+21 5.0175695031524860e+15 9.0520597854858983e-05 -7.8544219619309658e-03
4.8664332166083042e+01 5.6414397431162175e+00 -1.3459434832316854e-02 3.8301992554072515e-06 1.3634867603491696e+21 5.2224259742470350e+15 9.0578193002692102e-05 -7.8581121915992820e-03
4.8704352176088044e+01 5.6409010107034048e+00 -1.3463718059546171e-02 3.8301853667709099e-06 1.4191601077568306e+21 5.4356462778352400e+15 9.0635851993474864e-05 -7.8618051663440196e-03
4.8744372186093045e+01 5.6403621068080749e+00 -1.3468004672164297e-02 3.8301714693418599e-06 1.4771066870738209e+21 5.6575718900042230e+15 9.0693574924719669e-05 -7.8655008553437135e-03
4.8784392196098047e+01 5.6398230312947275e+00 -1.3472294674214779e-02 3.8301575631103909e-06 1.5374193179985101e+21 5.8885582285040130e+15 9.0751361894437946e-05 -7.8691992229114414e-03
4.8824412206103048e+01 5.6392837840275618e+00 -1.3476588069314066e-02 3.8301436480667741e-06 1.6001946102061594e+21 6.1289752219518090e+15 9.0809212994989109e-05 -7.8729003293365775e-03
4.8864432216108050e+01 5.6387443648707016e+00 -1.3480884861315897e-02 3.8301297242012633e-06 1.6655331180997451e+21 6.3792079022754470e+15 9.0867128322028075e-05 -7.8766041840667711e-03
4.8904452226113058e+01 5.6382047736881473e+00 -1.3485185054189315e-02 3.8301157915041076e-06 1.7335395018795207e+21 6.6396570213449170e+15 9.0925107972865431e-05 -7.8803107716636910e-03
4.8944472236118060e+01 5.6376650103437305e+00 -1.3489488651859383e-02 3.8301018499655382e-06 1.8043226951892426e+21 6.9107396927791240e+15 9.0983152044321543e-05 -7.8840200879746140e-03
4.8984492246123061e+01 5.6371250747010908e+00 -1.3493795658150185e-02 3.8300878995757666e-06 1.8779960796077852e+21 7.1928900599565060e+15 9.1041260631956390e-05 -7.8877321525573120e-03
4.9024512256128062e+01 5.6365849666237056e+00 -1.3498106076880912e-02 3.8300739403249920e-06 1.9546776662654027e+21 7.4865599912983910e+15 9.1099433831364702e-05 -7.8914469876160600e-03
4.9064532266133064e+01 5.6360446859749462e+00 -1.3502419912015543e-02 3.8300599722034057e-06 2.0344902848757377e+21 7.7922198039392670e+15 9.1157671740196909e-05 -7.8951645839236157e-03
4.9104552276138065e+01 5.6355042326180724e+00 -1.3506737167671423e-02 3.8300459952011752e-06 2.1175617804862942e+21 8.1103590169426010e+15 9.1215974458278324e-05 -7.8988849002916348e-03
4.9144572286143067e+01 5.6349636064161306e+00 -1.3511057847792040e-02 3.8300320093084633e-06 2.2040252182625494e+21 8.4414871352686360e+15 9.1274342083191425e-05 -7.9026079344875471e-03
4.9184592296148075e+01 5.6344228072318998e+00 -1.3515381956005707e-02 3.8300180145154027e-06 2.2940190966337448e+21 8.7861344657495930e+15 9.1332774708362320e-05 -7.9063337568113217e-03
4.9224612306153077e+01 5.6338818349281468e+00 -1.3519709496372977e-02 3.8300040108121281e-06 2.3876875691416790e+21 9.1448529663788900e+15 9.1391272433158829e-05 -7.9100623421404295e-03
4.9264632316158078e+01 5.6333406893674542e+00 -1.3524040472886004e-02 3.8299899981887470e-06 2.4851806753481058e+21 9.5182171302752000e+15 9.1449835356129347e-05 -7.9137936818763580e-03
4.9304652326163080e+01 5.6327993704122248e+00 -1.3528374889473430e-02 3.8299759766353593e-06 2.5866545811702851e+21 9.9068249057359880e+15 9.1508463575067621e-05 -7.9175277831824032e-03
4.9344672336168081e+01 5.6322578779246744e+00 -1.3532712749989000e-02 3.8299619461420461e-06 2.6922718290299065e+21 1.0311298653854788e+16 9.1567157186857429e-05 -7.9212646710538140e-03
4.9384692346173082e+01 5.6317162117668849e+00 -1.3537054058356209e-02 3.8299479066988736e-06 2.8022015982159722e+21 1.0732286145235500e+16 9.1625916289429142e-05 -7.9250043563424584e-03
4.9424712356178091e+01 5.6311743718008325e+00 -1.3541398818676002e-02 3.8299338582958984e-06 2.9166199758787350e+21 1.1170461597400134e+16 9.1684740983219903e-05 -7.9287468117133133e-03
4.9464732366183092e+01 5.6306323578883548e+00 -1.3545747035102938e-02 3.8299198009231611e-06 3.0357102390886521e+21 1.1626526754550812e+16 9.1743631369500022e-05 -7.9324919994725671e-03
4.9504752376188094e+01 5.6300901698909911e+00 -1.3550098711389633e-02 3.8299057345706802e-06 3.1596631484124622e+21 1.2101212011416540e+16 9.1802587544201496e-05 -7.9362399722733203e-03
4.9544772386193095e+01 5.6295478076701775e+00 -1.3554453851455440e-02 3.8298916592284641e-06 3.2886772534762343e+21 1.2595277582983004e+16 9.1861609605617606e-05 -7.9399907473977471e-03
4.9584792396198097e+01 5.6290052710872400e+00 -1.3558812459376341e-02 3.8298775748865086e-06 3.4229592110051560e+21 1.3109514721979864e+16 9.1920697654269547e-05 -7.9437443085433167e-03
4.9624812406203098e+01 5.6284625600033262e+00 -1.3563174539184274e-02 3.8298634815347890e-06 3.5627241158493665e+21 1.3644746986074808e+16 9.1979851790188277e-05 -7.9475006509098518e-03
4.9664832416208100e+01 5.6279196742793909e+00 -1.3567540094812125e-02 3.8298493791632688e-06 3.7081958455261098e+21 1.4201831556803984e+16 9.2039072112167302e-05 -7.9512597923268886e-03
4.9704852426213108e+01 5.6273766137762218e+00 -1.3571909130179251e-02 3.8298352677618963e-06 3.8596074188301208e+21 1.4781660612351058e+16 9.2098358718921454e-05 -7.9550217556295377e-03
4.9744872436218110e+01 5.6268333783544886e+00 -1.3576281649341762e-02 3.8298211473206010e-06 4.0172013690865115e+21 1.5385162756372792e+16 9.2157711711126928e-05 -7.9587865344532341e-03
4.9784892446223111e+01 5.6262899678747518e+00 -1.3580657656513581e-02 3.8298070178293085e-06 4.1812301326444433e+21 1.6013304505161060e+16 9.2217131191710478e-05 -7.9625540883959435e-03
4.9824912456228112e+01 5.6257463821973612e+00 -1.3585037155764403e-02 3.8297928792779177e-06 4.3519564532333439e+21 1.6667091835520642e+16 9.2276617261749684e-05 -7.9663244112841130e-03
4.9864932466233114e+01 5.6252026211823862e+00 -1.3589420150819102e-02 3.8297787316563152e-06 4.5296538028297746e+21 1.7347571795843618e+16 9.2336170017744124e-05 -7.9700975738749378e-03
4.9904952476238115e+01 5.6246586846898792e+00 -1.3593806645835423e-02 3.8297645749543730e-06 4.7146068197089367e+21 1.8055834182959584e+16 9.2395789562179661e-05 -7.9738735532079302e-03
4.9944972486243117e+01 5.6241145725797086e+00 -1.3598196644911041e-02 3.8297504091619478e-06 4.9071117643825220e+21 1.8793013287447372e+16 9.2455475996834947e-05 -7.9776523402446346e-03
4.9984992496248125e+01 5.6235702847115574e+00 -1.3602590152083198e-02 3.8297362342688829e-06 5.1074769941532718e+21 1.9560289710203504e+16 9.2515229422775405e-05 -7.9814339412125970e-03
5.0025012506253127e+01 5.6230258209449175e+00 -1.3606987171309060e-02 3.8297220502650011e-06 5.3160234570461804e+21 2.0358892253175736e+16 9.2575049940084661e-05 -7.9852183812307211e-03
5.0065032516258128e+01 5.6224811811391397e+00 -1.3611387706611000e-02 3.8297078571401145e-06 5.5330852059080578e+21 2.1190099887291816e+16 9.2634937649840524e-05 -7.9890056722789968e-03
5.0105052526263130e+01 5.6219363651534691e+00 -1.3615791762191335e-02 3.8296936548840186e-06 5.7590099334982407e+21 2.2055243800732248e+16 9.2694892655678708e-05 -7.9927957884709851e-03
5.0145072536268131e+01 5.6213913728470066e+00 -1.3620199342316303e-02 3.8296794434864993e-06 5.9941595294280974e+21 2.2955709530829492e+16 9.2754915062216728e-05 -7.9965886899722814e-03
5.0185092546273133e+01 5.6208462040785543e+00 -1.3624610450852637e-02 3.8296652229373159e-06 6.2389106598412246e+21 2.3892939183006840e+16 9.2815004968741454e-05 -8.0003844280918304e-03
5.0225112556278141e+01 5.6203008587067975e+00 -1.3629025091810574e-02 3.8296509932262166e-06 6.4936553707629592e+21 2.4868433740311124e+16 9.2875162476601110e-05 -8.0041830230540584e-03
5.0265132566283143e+01 5.6197553365903143e+00 -1.3633443269374733e-02 3.8296367543429372e-06 6.7588017160853935e+21 2.5883755467236740e+16 9.2935387689629603e-05 -8.0079844578940969e-03
5.0305152576288144e+01 5.6192096375875007e+00 -1.3637864987684635e-02 3.8296225062771981e-06 7.0347744111944794e+21 2.6940530411693304e+16 9.2995680711157214e-05 -8.0117887272518982e-03
5.0345172586293145e+01 5.6186637615565536e+00 -1.3642290250780025e-02 3.8296082490186960e-06 7.3220155132853103e+21 2.8040451009120284e+16 9.3056041643263854e-05 -8.0155958494230080e-03
5.0385192596298147e+01 5.6181177083554958e+00 -1.3646719062684529e-02 3.8295939825571233e-06 7.6209851294560048e+21 2.9185278792922036e+16 9.3116470587918657e-05 -8.0194058468796119e-03
5.0425212606303148e+01 5.6175714778422332e+00 -1.3651151427558463e-02 3.8295797068821463e-06 7.9321621537141419e+21 3.0376847215562256e+16 9.3176967649065724e-05 -8.0232187142448997e-03
5.0465232616308150e+01 5.6170250698745550e+00 -1.3655587349722904e-02 3.8295654219834260e-06 8.2560450340763510e+21 3.1617064584836768e+16 9.3237532932956095e-05 -8.0270344111917080e-03
5.0505252626313158e+01 5.6164784843100364e+00 -1.3660026833357148e-02 3.8295511278506057e-06 8.5931525709898742e+21 3.2907917120026604e+16 9.3298166544018648e-05 -8.0308529309518744e-03
5.0545272636318160e+01 5.6159317210059676e+00 -1.3664469882290876e-02 3.8295368244733018e-06 8.9440247483546468e+21 3.4251472132824676e+16 9.3358868582017220e-05 -8.0346743445385838e-03
5.0585292646323161e+01 5.6153847798196175e+00 -1.3668916500789231e-02 3.8295225118411253e-06 9.3092235984779503e+21 3.5649881338133960e+16 9.3419639152774063e-05 -8.0384986291170274e-03
5.0625312656328163e+01 5.6148376606080665e+00 -1.3673366693056827e-02 3.8295081899436721e-06 9.6893341023459397e+21 3.7105384300034296e+16 9.3480478361397890e-05 -8.0423257755364505e-03
5.0665332666333164e+01 5.6142903632282053e+00 -1.3677820463237714e-02 3.8294938587705186e-06 1.0084965126655013e+22 3.8620312018440216e+16 9.3541386312282176e-05 -8.0461557907147291e-03
5.0705352676338165e+01 5.6137428875367315e+00 -1.3682277815397268e-02 3.8294795183112236e-06 1.0496750399103588e+22 4.0197090662192352e+16 9.3602363108856123e-05 -8.0499886993328981e-03
5.0745372686343167e+01 5.6131952333901944e+00 -1.3686738753667573e-02 3.8294651685553319e-06 1.0925349523506632e+22 4.1838245454561240e+16 9.3663408855572893e-05 -8.0538245131388016e-03
5.0785392696348175e+01 5.6126474006450344e+00 -1.3691203282360344e-02 3.8294508094923770e-06 1.1371449036358998e+22 4.3546404717386280e+16 9.3724523659457335e-05 -8.0576632058291572e-03
5.0825412706353177e+01 5.6120993891575424e+00 -1.3695671405846436e-02 3.8294364411118732e-06 1.1835763506539552e+22 4.5324304080324608e+16 9.3785707628459841e-05 -8.0615047393318533e-03
5.0865432716358178e+01 5.6115511987837055e+00 -1.3700143128094696e-02 3.8294220634033167e-06 1.2319036679918769e+22 4.7174790861955680e+16 9.3846960865140162e-05 -8.0653491655268278e-03
5.0905452726363180e+01 5.6110028293793945e+00 -1.3704618453234731e-02 3.8294076763561888e-06 1.2822042670701694e+22 4.9100828629751672e+16 9.3908283474370953e-05 -8.0691965026346239e-03
5.0945472736368181e+01 5.6104542808003641e+00 -1.3709097385558137e-02 3.8293932799599543e-06 1.3345587201415743e+22 5.1105501946221024e+16 9.3969675563358477e-05 -8.0730467343632095e-03
5.0985492746373183e+01 5.6099055529021840e+00 -1.3713579929312417e-02 3.8293788742040650e-06 1.3890508893529116e+22 5.3192021308824080e+16 9.4031137238820183e-05 -8.0768998556067853e-03
5.1025512756378191e+01 5.6093566455402168e+00 -1.3718066088641276e-02 3.8293644590779559e-06 1.4457680610767317e+22 5.5363728291572840e+16 9.4092668606164879e-05 -8.0807558854711862e-03
5.1065532766383193e+01 5.6088075585696533e+00 -1.3722555867676851e-02 3.8293500345710391e-06 1.5048010857278933e+22 5.7624100896546448e+16 9.4154269770756196e-05 -8.0846148474004783e-03
5.1105552776388194e+01 5.6082582918455577e+00 -1.3727049270697764e-02 3.8293356006727181e-06 1.5662445232891791e+22 5.9976759123899240e+16 9.4215940840082008e-05 -8.0884767334327909e-03
5.1145572786393195e+01 5.6077088452228798e+00 -1.3731546302145523e-02 3.8293211573723840e-06 1.6301967947788519e+22 6.2425470769273040e+16 9.4277681923983188e-05 -8.0923415020043958e-03
5.1185592796398197e+01 5.6071592185563404e+00 -1.3736046966291781e-02 3.8293067046594038e-06 1.6967603399029250e+22 6.4974157457904400e+16 9.4339493130086820e-05 -8.0962091498638540e-03
5.1225612806403198e+01 5.6066094117003784e+00 -1.3740551267075322e-02 3.8292922425231271e-06 1.7660417811446172e+22 6.7626900925088088e+16 9.4401374561562613e-05 -8.1000797482726553e-03
5.1265632816408200e+01 5.6060594245094073e+00 -1.3745059208880511e-02 3.8292777709528930e-06 1.8381520945538428e+22 7.0387949553055304e+16 9.4463326327815457e-05 -8.1039532724989666e-03
5.1305652826413208e+01 5.6055092568376441e+00 -1.3749570796021406e-02 3.8292632899380204e-06 1.9132067875103237e+22 7.3261725174735328e+16 9.4525348537402356e-05 -8.1078297142202441e-03
5.1345672836418210e+01 5.6049589085391132e+00 -1.3754086032747763e-02 3.8292487994678165e-06 1.9913260837449864e+22 7.6252830155294384e+16 9.4587441298113551e-05 -8.1117090811916141e-03
5.1385692846423211e+01 5.6044083794676398e+00 -1.3758604923236320e-02 3.8292342995315637e-06 2.0726351159162122e+22 7.9366054762799376e+16 9.4649604716851349e-05 -8.1155913982522143e-03
5.1425712856428213e+01 5.6038576694769011e+00 -1.3763127471738175e-02 3.8292197901185360e-06 2.1572641260491531e+22 8.2606384839801856e+16 9.4711838901657025e-05 -8.1194766754417724e-03
5.1465732866433214e+01 5.6033067784204613e+00 -1.3767653682683696e-02 3.8292052712179889e-06 2.2453486741593686e+22 8.5979009788133760e+16 9.4774143963156958e-05 -8.1233648851209133e-03
5.1505752876438216e+01 5.6027557061517230e+00 -1.3772183560544434e-02 3.8291907428191675e-06 2.3370298553948894e+22 8.9489330879701280e+16 9.4836520012665183e-05 -8.1272559920504504e-03
5.1545772886443217e+01 5.6022044525237771e+00 -1.3776717109379570e-02 3.8291762049112848e-06 2.4324545260445371e+22 9.3142969906584992e+16 9.4898967155935889e-05 -8.1311500529217210e-03
5.1585792896448226e+01 5.6016530173896113e+00 -1.3781254333463083e-02 3.8291616574835489e-06 2.5317755387745464e+22 9.6945778184302464e+16 9.4961485501797511e-05 -8.1350470786918840e-03
5.1625812906453227e+01 5.6011014006020821e+00 -1.3785795237193183e-02 3.8291471005251491e-06 2.6351519874701811e+22 1.0090384592264528e+17 9.5024075160909130e-05 -8.1389470542465817e-03
5.1665832916458228e+01 5.6005496020138539e+00 -1.3790339824924064e-02 3.8291325340252602e-06 2.7427494620748084e+22 1.0502351197910930e+17 9.5086736243443331e-05 -8.1428499763557555e-03
5.1705852926463230e+01 5.5999976214773834e+00 -1.3794888100906386e-02 3.8291179579730352e-06 2.8547403138342794e+22 1.0931137401052418e+17 9.5149468858264299e-05 -8.1467558656187888e-03
5.1745872936468231e+01 5.5994454588449480e+00 -1.3799440069391091e-02 3.8291033723576125e-06 2.9713039313717537e+22 1.1377429903915014e+17 9.5212273114358205e-05 -8.1506647435304821e-03
5.1785892946473233e+01 5.5988931139687050e+00 -1.3803995734784566e-02 3.8290887771681171e-06 3.0926270280350801e+22 1.1841943445015914e+17 9.5275149122975251e-05 -8.1545765998773025e-03
5.1825912956478234e+01 5.5983405867006830e+00 -1.3808555101645600e-02 3.8290741723936554e-06 3.2189039409770338e+22 1.2325421943811312e+17 9.5338096997591370e-05 -8.1584913920520873e-03
5.1865932966483243e+01 5.5977878768926628e+00 -1.3813118174314678e-02 3.8290595580233183e-06 3.3503369424475016e+22 1.2828639692077226e+17 9.5401116848791239e-05 -8.1624091271197043e-03
5.1905952976488244e+01 5.5972349843961684e+00 -1.3817684956881652e-02 3.8290449340461750e-06 3.4871365637961046e+22 1.3352402593930661e+17 9.5464208783816752e-05 -8.1663298678154184e-03
5.1945972986493246e+01 5.5966819090626760e+00 -1.3822255453839917e-02 3.8290303004512817e-06 3.6295219327046081e+22 1.3897549456478442e+17 9.5527372915603666e-05 -8.1702535908428908e-03
5.1985992996498247e+01 5.5961286507434647e+00 -1.3826829669619274e-02 3.8290156572276795e-06 3.7777211241888301e+22 1.4464953333158781e+17 9.5590609356331911e-05 -8.1741802877509078e-03
5.2026013006503248e+01 5.5955752092896125e+00 -1.3831407608572715e-02 3.8290010043643876e-06 3.9319715259326386e+22 1.5055522921928246e+17 9.5653918217241594e-05 -8.1781099688853030e-03
5.2066033016508250e+01 5.5950215845519962e+00 -1.3835989274988735e-02 3.8289863418504113e-06 4.0925202185390997e+22 1.5670204020532874e+17 9.5717299608801654e-05 -8.1820426595795685e-03
5.2106053026513258e+01 5.5944677763813457e+00 -1.3840574673247950e-02 3.8289716696747368e-06 4.2596243713079151e+22 1.6309981041194070e+17 9.5780753642876304e-05 -8.1859783671811136e-03
5.2146073036518260e+01 5.5939137846282732e+00 -1.3845163807915855e-02 3.8289569878263417e-06 4.4335516541729385e+22 1.6975878587134509e+17 9.5844280434011529e-05 -8.1899170597054347e-03
5.2186093046523261e+01 5.5933596091432154e+00 -1.3849756683563495e-02 3.8289422962941796e-06 4.6145806664600608e+22 1.7668963093470310e+17 9.5907880096955859e-05 -8.1938587056985222e-03
5.2226113056528263e+01 5.5928052497762826e+00 -1.3854353304321077e-02 3.8289275950671851e-06 4.8030013831516669e+22 1.8390344535095277e+17 9.5971552740476172e-05 -8.1978033714110842e-03
5.2266133066533264e+01 5.5922507063775102e+00 -1.3858953674631011e-02 3.8289128841342755e-06 4.9991156193729270e+22 1.9141178204293898e+17 9.6035298477784207e-05 -8.2017510564771461e-03
5.2306153076538266e+01 5.5916959787967748e+00 -1.3863557799000153e-02 3.8288981634843598e-06 5.2032375138437906e+22 1.9922666560929418e+17 9.6099117423108986e-05 -8.2057017480290338e-03
5.2346173086543267e+01 5.5911410668837576e+00 -1.3868165681887654e-02 3.8288834331063207e-06 5.4156940320710853e+22 2.0736061158169750e+17 9.6163009690143227e-05 -8.2096554447503751e-03
5.2386193096548276e+01 5.5905859704879264e+00 -1.3872777327654771e-02 3.8288686929890272e-06 5.6368254900868062e+22 2.1582664646835904e+17 9.6226975391346125e-05 -8.2136121691246764e-03
5.2426213106553277e+01 5.5900306894585770e+00 -1.3877392740681829e-02 3.8288539431213301e-06 5.8669860995712688e+22 2.2463832861581485e+17 9.6291014639564358e-05 -8.2175719398839032e-03
5.2466233116558278e+01 5.5894752236448779e+00 -1.3882011925511851e-02 3.8288391834920652e-06 6.1065445352349209e+22 2.3380976992246806e+17 9.6355127550026620e-05 -8.2215347423505777e-03
5.2506253126563280e+01 5.5889195728958585e+00 -1.3886634886815625e-02 3.8288244140900527e-06 6.3558845253668561e+22 2.4335565843861786e+17 9.6419314239862402e-05 -8.2255005361196488e-03
5.2546273136568281e+01 5.5883637370602726e+00 -1.3891261628983366e-02 3.8288096349040905e-06 6.6154054664965723e+22 2.5329128188919264e+17 9.6483574822432794e-05 -8.2294693424020734e-03
5.2586293146573283e+01 5.5878077159866582e+00 -1.3895892156295967e-02 3.8287948459229596e-06 6.8855230631533127e+22 2.6363255215685072e+17 9.6547909409703896e-05 -8.2334412081726451e-03
5.2626313156578284e+01 5.5872515095234743e+00 -1.3900526473348586e-02 3.8287800471354260e-06 7.1666699937478030e+22 2.7439603076465757e+17 9.6612318118132438e-05 -8.2374161138845086e-03
5.2666333166583293e+01 5.5866951175189836e+00 -1.3905164584687804e-02 3.8287652385302384e-06 7.4592966036430659e+22 2.8559895539915242e+17 9.6676801063627982e-05 -8.2413940517608083e-03
5.2706353176588294e+01 5.5861385398212340e+00 -1.3909806494769401e-02 3.8287504200961279e-06 7.7638716265241501e+22 2.9725926751626746e+17 9.6741358360964507e-05 -8.2453750350996342e-03
5.2746373186593296e+01 5.5855817762780768e+00 -1.3914452208002717e-02 3.8287355918218052e-06 8.0808829352230848e+22 3.0939564107434086e+17 9.6805990124395835e-05 -8.2493590892883401e-03
5.2786393196598297e+01 5.5850248267372180e+00 -1.3919101728911335e-02 3.8287207536959634e-06 8.4108383232006707e+22 3.2202751244019763e+17 9.6870696469891266e-05 -8.2533462160991576e-03
5.2826413206603299e+01 5.5844676910462399e+00 -1.3923755062199667e-02 3.8287059057072886e-06 8.7542663179377108e+22 3.3517511151622515e+17 9.6935477516065419e-05 -8.2573363800856076e-03
5.2866433216608300e+01 5.5839103690525240e+00 -1.3928412212514917e-02 3.8286910478444382e-06 9.1117170275382341e+22 3.4885949413827373e+17 9.7000333380867332e-05 -8.2613295591428965e-03
5.2906453226613309e+01 5.5833528606031226e+00 -1.3933073184075795e-02 3.8286761800960542e-06 9.4837630219009657e+22 3.6310257579628000e+17 9.7065264176406004e-05 -8.2653258260169081e-03
5.2946473236618310e+01 5.5827951655450416e+00 -1.3937737981508684e-02 3.8286613024507595e-06 9.8710002498700948e+22 3.7792716673159411e+17 9.7130270020594873e-05 -8.2693251668589929e-03
5.2986493246623311e+01 5.5822372837250986e+00 -1.3942406609428278e-02 3.8286464148971672e-06 1.0274048993835451e+23 3.9335700846725946e+17 9.7195351031314659e-05 -8.2733275713310732e-03
5.3026513256628313e+01 5.5816792149899070e+00 -1.3947079072396418e-02 3.8286315174238629e-06 1.0693554863309862e+23 4.0941681182969370e+17 9.7260507325839068e-05 -8.2773330425186843e-03
5.3066533266633314e+01 5.5811209591858679e+00 -1.3951755374884829e-02 3.8286166100194190e-06 1.1130189829076213e+23 4.2613229652270387e+17 9.7325739020313865e-05 -8.2813416046031030e-03
5.3106553276638316e+01 5.5805625161592101e+00 -1.3956435521412730e-02 3.8286016926723899e-06 1.1584653299560288e+23 4.4353023231719309e+17 9.7391046231675514e-05 -8.2853532726684283e-03
5.3146573286643317e+01 5.5800038857560388e+00 -1.3961119516676867e-02 3.8285867653713124e-06 1.2057673241153678e+23 4.6163848192252787e+17 9.7456429079467862e-05 -8.2893680255210992e-03
5.3186593296648326e+01 5.5794450678223013e+00 -1.3965807365464005e-02 3.8285718281047102e-06 1.2550007344281322e+23 4.8048604560822682e+17 9.7521887684624324e-05 -8.2933858233872251e-03
5.3226613306653327e+01 5.5788860622036358e+00 -1.3970499072192489e-02 3.8285568808610813e-06 1.3062444237081030e+23 5.0010310764740755e+17 9.7587422163065599e-05 -8.2974067086407730e-03
5.3266633316658329e+01 5.5783268687455205e+00 -1.3975194641353725e-02 3.8285419236289046e-06 1.3595804748640362e+23 5.2052108465642566e+17 9.7653032631860940e-05 -8.3014307085424871e-03
5.3306653326663330e+01 5.5777674872933156e+00 -1.3979894077652873e-02 3.8285269563966501e-06 1.4150943223812604e+23 5.4177267590805069e+17 9.7718719211196947e-05 -8.3054578062310182e-03
5.3346673336668331e+01 5.5772079176921796e+00 -1.3984597385749585e-02 3.8285119791527651e-06 1.4728748891719237e+23 5.6389191569880115e+17 9.7784482020757060e-05 -8.3094879962148996e-03
5.3386693346673333e+01 5.5766481597870516e+00 -1.3989304570202357e-02 3.8284969918856759e-06 1.5330147290130452e+23 5.8691422785428787e+17 9.7850321178942268e-05 -8.3135212961274151e-03
5.3426713356678334e+01 5.5760882134226755e+00 -1.3994015635550921e-02 3.8284819945837924e-06 1.5956101748005405e+23 6.1087648245985677e+17 9.7916236804021828e-05 -8.3175577300381651e-03
5.3466733366683343e+01 5.5755280784436536e+00 -1.3998730586476620e-02 3.8284669872355095e-06 1.6607614928567101e+23 6.3581705490738765e+17 9.7982229016378030e-05 -8.3215972919655091e-03
5.3506753376688344e+01 5.5749677546944572e+00 -1.4003449427827344e-02 3.8284519698292059e-06 1.7285730435382872e+23 6.6177588735278208e+17 9.8048297938858989e-05 -8.3256399423294932e-03
5.3546773386693346e+01 5.5744072420193138e+00 -1.4008172164293677e-02 3.8284369423532382e-06 1.7991534484024900e+23 6.8879455268263130e+17 9.8114443692246100e-05 -8.3296856768140561e-03
5.3586793396698347e+01 5.5738465402621555e+00 -1.4012898800232034e-02 3.8284219047959385e-06 1.8726157641986123e+23 7.1691632109241536e+17 9.8180666392772193e-05 -8.3337345650996708e-03
5.3626813406703349e+01 5.5732856492668663e+00 -1.4017629340435878e-02 3.8284068571456332e-06 1.9490776639640296e+23 7.4618622938292826e+17 9.8246966162924385e-05 -8.3377865834346511e-03
5.3666833416708350e+01 5.5727245688771205e+00 -1.4022363789634623e-02 3.8283917993906203e-06 2.0286616255146303e+23 7.7665115308586560e+17 9.8313343124428127e-05 -8.3418417246632400e-03
5.3706853426713359e+01 5.5721632989363821e+00 -1.4027102152490367e-02 3.8283767315191872e-06 2.1114951276316317e+23 8.0835988153410752e+17 9.8379797398199948e-05 -8.3458999966657468e-03
5.3746873436718360e+01 5.5716018392878990e+00 -1.4031844433592854e-02 3.8283616535195973e-06 2.1977108542589404e+23 8.4136319599687232e+17 9.8446329104275379e-05 -8.3499614252609058e-03
5.3786893446723361e+01 5.5710401897747559e+00 -1.4036590637614864e-02 3.8283465653800947e-06 2.2874469070383689e+23 8.7571395100496602e+17 9.8512938363988625e-05 -8.3540260192301319e-03
5.3826913456728363e+01 5.5704783502399122e+00 -1.4041340769415833e-02 3.8283314670889132e-06 2.3808470265228544e+23 9.1146715899625165e+17 9.8579625301429606e-05 -8.3580937496361002e-03
5.3866933466733364e+01 5.5699163205261408e+00 -1.4046094833879226e-02 3.8283163586342664e-06 2.4780608224222433e+23 9.4868007841697574e+17 9.8646390041164342e-05 -8.3621645836077507e-03
5.3906953476738366e+01 5.5693541004758798e+00 -1.4050852835453579e-02 3.8283012400043390e-06 2.5792440132503647e+23 9.8741230542001395e+17 9.8713232701786932e-05 -8.3662385834426672e-03
5.3946973486743367e+01 5.5687916899314684e+00 -1.4055614778867012e-02 3.8282861111873073e-06 2.6845586757572777e+23 1.0277258693068977e+18 9.8780153405952383e-05 -8.3703157527236661e-03
5.3986993496748376e+01 5.5682290887350838e+00 -1.4060380668934133e-02 3.8282709721713264e-06 2.7941735045462552e+23 1.0696853318664654e+18 9.8847152277668323e-05 -8.3743960786427808e-03
5.4027013506753377e+01 5.5676662967286941e+00 -1.4065150510421356e-02 3.8282558229445327e-06 2.9082640822912476e+23 1.1133578907691907e+18 9.8914229440403073e-05 -8.3784795598820516e-03
5.4067033516758379e+01 5.5671033137540418e+00 -1.4069924307995743e-02 3.8282406634950415e-06 3.0270131609879555e+23 1.1588134871828754e+18 9.8981385016364744e-05 -8.3825662183572638e-03
5.4107053526763380e+01 5.5665401396526821e+00 -1.4074702066342705e-02 3.8282254938109528e-06 3.1506109546886340e+23 1.2061249177819092e+18 9.9048619128155811e-05 -8.3866560733204133e-03
5.4147073536768382e+01 5.5659767742660335e+00 -1.4079483790313469e-02 3.8282103138803456e-06 3.2792554441898331e+23 1.2553679513295793e+18 9.9115931900849866e-05 -8.3907491104900315e-03
5.4187093546773383e+01 5.5654132174353643e+00 -1.4084269484888636e-02 3.8281951236912884e-06 3.4131526941609959e+23 1.3066214500200909e+18 9.9183323461482604e-05 -8.3948452894996722e-03
5.4227113556778384e+01 5.5648494690016506e+00 -1.4089059154757923e-02 3.8281799232318187e-06 3.5525171832219355e+23 1.3599674957746266e+18 9.9250793933134012e-05 -8.3989446335886973e-03
5.4267133566783393e+01 5.5642855288056436e+00 -1.4093852804518508e-02 3.8281647124899602e-06 3.6975721474979269e+23 1.4154915216937285e+18 9.9318343437717108e-05 -8.4030471878762530e-03
5.4307153576788394e+01 5.5637213966880052e+00 -1.4098650439074399e-02 3.8281494914537182e-06 3.8485499382025652e+23 1.4732824488764388e+18 9.9385972101606376e-05 -8.4071529331150932e-03
5.4347173586793396e+01 5.5631570724891830e+00 -1.4103452063280987e-02 3.8281342601110816e-06 4.0056923938215793e+23 1.5334328288254758e+18 9.9453680050632368e-05 -8.4112618623065662e-03
5.4387193596798397e+01 5.5625925560493998e+00 -1.4108257681900110e-02 3.8281190184500142e-06 4.1692512274932343e+23 1.5960389916662917e+18 9.9521467409446730e-05 -8.4153739900248974e-03
5.4427213606803399e+01 5.5620278472086699e+00 -1.4113067299653149e-02 3.8281037664584660e-06 4.3394884302062295e+23 1.6612012004175404e+18 9.9589334302269526e-05 -8.4194893412317274e-03
5.4467233616808400e+01 5.5614629458068521e+00 -1.4117880921384735e-02 3.8280885041243652e-06 4.5166766904607902e+23 1.7290238115599434e+18 9.9657280855199555e-05 -8.4236079160118129e-03
5.4507253626813409e+01 5.5608978516836709e+00 -1.4122698552119603e-02 3.8280732314356246e-06 4.7010998310652194e+23 1.7996154421607304e+18 9.9725307197020559e-05 -8.4277296779950040e-03
5.4547273636818410e+01 5.5603325646786228e+00 -1.4127520196795116e-02 3.8280579483801384e-06 4.8930532637673932e+23 1.8730891438212147e+18 9.9793413455426957e-05 -8.4318546106303908e-03
5.4587293646823412e+01 5.5597670846308747e+00 -1.4132345859939952e-02 3.8280426549457720e-06 5.0928444624499163e+23 1.9495625837262651e+18 9.9861599752480953e-05 -8.4359827866344675e-03
5.4627313656828413e+01 5.5592014113795392e+00 -1.4137175546516693e-02 3.8280273511203831e-06 5.3007934556462615e+23 2.0291582330853821e+18 9.9929866216514775e-05 -8.4401141879941223e-03
5.4667333666833414e+01 5.5586355447635185e+00 -1.4142009261450211e-02 3.8280120368918034e-06 5.5172333391672977e+23 2.1120035632673172e+18 9.9998212975471772e-05 -8.4442488057972134e-03
5.4707353676838416e+01 5.5580694846215000e+00 -1.4146847009607685e-02 3.8279967122478507e-06 5.7425108096591479e+23 2.1982312499422961e+18 1.0006664015662296e-04 -8.4483866457548320e-03
5.4747373686843417e+01 5.5575032307919434e+00 -1.4151688795773788e-02 3.8279813771763160e-06 5.9769867199470701e+23 2.2879793855587538e+18 1.0013514788621468e-04 -8.4525277322251464e-03
5.4787393696848426e+01 5.5569367831131347e+00 -1.4156534624797736e-02 3.8279660316649765e-06 6.2210366570549546e+23 2.3813917004949007e+18 1.0020373629154859e-04 -8.4566720780931259e-03
5.4827413706853427e+01 5.5563701414232201e+00 -1.4161384501712022e-02 3.8279506757015901e-06 6.4750515438260733e+23 2.4786177932391639e+18 1.0027240550266472e-04 -8.4608196583341906e-03
5.4867433716858429e+01 5.5558033055601683e+00 -1.4166238431607489e-02 3.8279353092739003e-06 6.7394382651093984e+23 2.5798133699683901e+18 1.0034115565057650e-04 -8.4649704375938245e-03
5.4907453726863430e+01 5.5552362753616116e+00 -1.4171096419167365e-02 3.8279199323696165e-06 7.0146203195136763e+23 2.6851404939071329e+18 1.0040998686066906e-04 -8.4691244686623396e-03
5.4947473736868432e+01 5.5546690506650451e+00 -1.4175958469266442e-02 3.8279045449764399e-06 7.3010384977738848e+23 2.7947678448676613e+18 1.0047889926118349e-04 -8.4732817658107751e-03
5.4987493746873433e+01 5.5541016313078142e+00 -1.4180824586920056e-02 3.8278891470820529e-06 7.5991515888164254e+23 2.9088709893861734e+18 1.0054789298249818e-04 -8.4774423143852418e-03
5.5027513756878434e+01 5.5535340171270473e+00 -1.4185694777097059e-02 3.8278737386741125e-06 7.9094371146541033e+23 3.0276326618878787e+18 1.0061696815447938e-04 -8.4816061116593632e-03
5.5067533766883443e+01 5.5529662079596385e+00 -1.4190569044663703e-02 3.8278583197402580e-06 8.2323920952880911e+23 3.1512430573312456e+18 1.0068612490568386e-04 -8.4857731786276824e-03
5.5107553776888444e+01 5.5523982036422828e+00 -1.4195447394492251e-02 3.8278428902681083e-06 8.5685338448417755e+23 3.2799001357999247e+18 1.0075536336489843e-04 -8.4899435363375627e-03
5.5147573786893446e+01 5.5518300040115278e+00 -1.4200329831617139e-02 3.8278274502452663e-06 8.9184008002026129e+23 3.4138099395304909e+18 1.0082468366335783e-04 -8.4941171731646049e-03
5.5187593796898447e+01 5.5512616089037685e+00 -1.4205216361217821e-02 3.8278119996593169e-06 9.2825533834981692e+23 3.5531869228832486e+18 1.0089408593450524e-04 -8.4982940485085080e-03
5.5227613806903449e+01 5.5506930181551111e+00 -1.4210106988213241e-02 3.8277965384978207e-06 9.6615748997887326e+23 3.6982542957848740e+18 1.0096357030823339e-04 -8.5024741788954153e-03
5.5267633816908450e+01 5.5501242316014086e+00 -1.4215001717364823e-02 3.8277810667483144e-06 1.0056072471414091e+24 3.8492443811927788e+18 1.0103313691234245e-04 -8.5066576155229320e-03
5.5307653826913452e+01 5.5495552490784243e+00 -1.4219900553779037e-02 3.8277655843983229e-06 1.0466678010491185e+24 4.0063989871536865e+18 1.0110278587968268e-04 -8.5108443387845994e-03
5.5347673836918460e+01 5.5489860704217024e+00 -1.4224803502510762e-02 3.8277500914353507e-06 1.0894049231120478e+24 4.1699697940522619e+18 1.0117251734252121e-04 -8.5150343411766905e-03
5.5387693846923462e+01 5.5484166954665559e+00 -1.4229710568523200e-02 3.8277345878468754e-06 1.1338870702921943e+24 4.3402187576697938e+18 1.0124233143197043e-04 -8.5192276368180279e-03
5.5427713856928463e+01 5.5478471240480758e+00 -1.4234621756732057e-02 3.8277190736203600e-06 1.1801854947589388e+24 4.5174185286988718e+18 1.0131222827861481e-04 -8.5234242510618709e-03
5.5467733866933465e+01 5.5472773560011897e+00 -1.4239537072174386e-02 3.8277035487432464e-06 1.2283743580218063e+24 4.7018528893852754e+18 1.0138220801491435e-04 -8.5276241856216527e-03
5.5507753876938466e+01 5.5467073911606830e+00 -1.4244456520075161e-02 3.8276880132029612e-06 1.2785308497234912e+24 4.8938172079968041e+18 1.0145227077615588e-04 -8.5318274041063930e-03
5.5547773886943467e+01 5.5461372293611158e+00 -1.4249380105584594e-02 3.8276724669869091e-06 1.3307353112833817e+24 5.0936189118466540e+18 1.0152241669671501e-04 -8.5360338875007519e-03
5.5587793896948476e+01 5.5455668704366978e+00 -1.4254307833423767e-02 3.8276569100824633e-06 1.3850713645896581e+24 5.3015779796289516e+18 1.0159264590500308e-04 -8.5402437100494492e-03
5.5627813906953477e+01 5.5449963142215797e+00 -1.4259239708749811e-02 3.8276413424769912e-06 1.4416260459460474e+24 5.5180274538547251e+18 1.0166295853579370e-04 -8.5444568544809155e-03
5.5667833916958479e+01 5.5444255605496959e+00 -1.4264175736690985e-02 3.8276257641578330e-06 1.5004899454879346e+24 5.7433139742094008e+18 1.0173335472360190e-04 -8.5486733119822193e-03
5.5707853926963480e+01 5.5438546092547574e+00 -1.4269115922316606e-02 3.8276101751123138e-06 1.5617573522909600e+24 5.9777983326853448e+18 1.0180383460225464e-04 -8.5528930877731106e-03
5.5747873936968482e+01 5.5432834601702394e+00 -1.4274060270610317e-02 3.8275945753277305e-06 1.6255264054046822e+24 6.2218560513789471e+18 1.0187439830450794e-04 -8.5571162070951813e-03
5.5787893946973483e+01 5.5427121131294328e+00 -1.4279008786621302e-02 3.8275789647913650e-06 1.6918992510531766e+24 6.4758779838774036e+18 1.0194504596420418e-04 -8.5613426829367623e-03
5.5827913956978485e+01 5.5421405679654843e+00 -1.4283961475587715e-02 3.8275633434904805e-06 1.7609822062543867e+24 6.7402709411982828e+18 1.0201577771803698e-04 -8.5655724899321162e-03
5.5867933966983493e+01 5.5415688245113532e+00 -1.4288918342807318e-02 3.8275477114123189e-06 1.8328859291203282e+24 7.0154583432843540e+18 1.0208659370370772e-04 -8.5698055922301900e-03
5.5907953976988495e+01 5.5409968825996536e+00 -1.4293879393157752e-02 3.8275320685441001e-06 1.9077255961108588e+24 7.3018808970967214e+18 1.0215749405306990e-04 -8.5740420446042930e-03
5.5947973986993496e+01 5.5404247420628581e+00 -1.4298844631720013e-02 3.8275164148730223e-06 1.9856210865251314e+24 7.5999973023929467e+18 1.0222847890103412e-04 -8.5782818598871286e-03
5.5987993996998497e+01 5.5398524027332767e+00 -1.4303814063714121e-02 3.8275007503862629e-06 2.0666971745260016e+24 7.9102849863194409e+18 1.0229954838465293e-04 -8.5825250244130555e-03
5.6028014007003499e+01 5.5392798644429959e+00 -1.4308787694311449e-02 3.8274850750709834e-06 2.1510837290051604e+24 8.2332408679952876e+18 1.0237070264043937e-04 -8.5867715353661316e-03
5.6068034017008500e+01 5.5387071270238586e+00 -1.4313765528580215e-02 3.8274693889143201e-06 2.2389159216090714e+24 8.5693821543116145e+18 1.0244194180358563e-04 -8.5910214144468908e-03
5.6108054027013502e+01 5.5381341903075034e+00 -1.4318747571599240e-02 3.8274536919033912e-06 2.3303344432589365e+24 8.9192471682210499e+18 1.0251326600958956e-04 -8.5952746823189409e-03
5.6148074037018510e+01 5.5375610541254137e+00 -1.4323733828614954e-02 3.8274379840252930e-06 2.4254857295115378e+24 9.2833962108437565e+18 1.0258467539650421e-04 -8.5995313264968631e-03
5.6188094047023512e+01 5.5369877183089109e+00 -1.4328724305014808e-02 3.8274222652671057e-06 2.5245221951218379e+24 9.6624124587703112e+18 1.0265617010456104e-04 -8.6037913061809274e-03
5.6228114057028513e+01 5.5364141826890103e+00 -1.4333719005901684e-02 3.8274065356158841e-06 2.6276024781833143e+24 1.0056902897999311e+19 1.0272775027007357e-04 -8.6080546425721383e-03
5.6268134067033515e+01 5.5358404470964810e+00 -1.4338717936262565e-02 3.8273907950586593e-06 2.7348916942367714e+24 1.0467499296004200e+19 1.0279941602784889e-04 -8.6123213828801417e-03
5.6308154077038516e+01 5.5352665113619857e+00 -1.4343721101408637e-02 3.8273750435824463e-06 2.8465617007548970e+24 1.0894859213486897e+19 1.0287116751749770e-04 -8.6165915080755225e-03
5.6348174087043517e+01 5.5346923753159620e+00 -1.4348728506599679e-02 3.8273592811742414e-06 2.9627913724261392e+24 1.1339667057438153e+19 1.0294300487805313e-04 -8.6208650114005733e-03
5.6388194097048526e+01 5.5341180387886029e+00 -1.4353740157002120e-02 3.8273435078210114e-06 3.0837668876788793e+24 1.1802635177191164e+19 1.0301492824736762e-04 -8.6251419081986615e-03
5.6428214107053527e+01 5.5335435016098771e+00 -1.4358756057743883e-02 3.8273277235097110e-06 3.2096820269047426e+24 1.2284505005223365e+19 1.0308693776289832e-04 -8.6294222229431460e-03
5.6468234117058529e+01 5.5329687636095848e+00 -1.4363776214080739e-02 3.8273119282272672e-06 3.3407384828590580e+24 1.2786048244534335e+19 1.0315903356409580e-04 -8.6337059551445869e-03
5.6508254127063530e+01 5.5323938246173716e+00 -1.4368800631448728e-02 3.8272961219605942e-06 3.4771461837352471e+24 1.3308068104499991e+19 1.0323121579316067e-04 -8.6379930686943558e-03
5.6548274137068532e+01 5.5318186844626371e+00 -1.4373829315177144e-02 3.8272803046965824e-06 3.6191236294309722e+24 1.3851400587183172e+19 1.0330348459092293e-04 -8.6422835514120833e-03
5.6588294147073533e+01 5.5312433429744381e+00 -1.4378862270209994e-02 3.8272644764220901e-06 3.7668982415445409e+24 1.4416915826160259e+19 1.0337584009283425e-04 -8.6465774742178255e-03
5.6628314157078535e+01 5.5306677999817628e+00 -1.4383899501929328e-02 3.8272486371239689e-06 3.9207067276622281e+24 1.5005519480008038e+19 1.0344828244080139e-04 -8.6508748171960619e-03
5.6668334167083543e+01 5.5300920553133714e+00 -1.4388941015670002e-02 3.8272327867890422e-06 4.0807954605200621e+24 1.5618154182682270e+19 1.0352081177621524e-04 -8.6551755724850465e-03
5.6708354177088545e+01 5.5295161087977869e+00 -1.4393986816701686e-02 3.8272169254041159e-06 4.2474208726472459e+24 1.6255801053110260e+19 1.0359342823969098e-04 -8.6594797480498299e-03
5.6748374187093546e+01 5.5289399602632940e+00 -1.4399036910216092e-02 3.8272010529559660e-06 4.4208498671237919e+24 1.6919481266416419e+19 1.0366613197088269e-04 -8.6637873694923370e-03
5.6788394197098548e+01 5.5283636095379860e+00 -1.4404091301488176e-02 3.8271851694313569e-06 4.6013602451097616e+24 1.7610257689295112e+19 1.0373892311080366e-04 -8.6680984472976945e-03
5.6828414207103549e+01 5.5277870564498093e+00 -1.4409149995987643e-02 3.8271692748170290e-06 4.7892411508313493e+24 1.8329236582151088e+19 1.0381180180343535e-04 -8.6724129526199994e-03
5.6868434217108550e+01 5.5272103008264999e+00 -1.4414212999208642e-02 3.8271533690997035e-06 4.9847935347364324e+24 1.9077569370732958e+19 1.0388476819327770e-04 -8.6767308530745109e-03
5.6908454227113552e+01 5.5266333424954324e+00 -1.4419280316197955e-02 3.8271374522660743e-06 5.1883306355615063e+24 1.9856454490096886e+19 1.0395782241854689e-04 -8.6810522127933540e-03
5.6948474237118560e+01 5.5260561812838622e+00 -1.4424351952304017e-02 3.8271215243028125e-06 5.4001784820822212e+24 2.0667139303853761e+19 1.0403096462196835e-04 -8.6853770335095955e-03
5.6988494247123562e+01 5.5254788170188558e+00 -1.4429427912953105e-02 3.8271055851965781e-06 5.6206764153510032e+24 2.1510922101772505e+19 1.0410419494755511e-04 -8.6897053031488505e-03
5.7028514257128563e+01 5.5249012495272440e+00 -1.4434508203519178e-02 3.8270896349339991e-06 5.8501776322588572e+24 2.2389154178940596e+19 1.0417751353873122e-04 -8.6940370221004672e-03
5.7068534267133565e+01 5.5243234786356084e+00 -1.4439592829276274e-02 3.8270736735016865e-06 6.0890497512912907e+24 2.3303241999808889e+19 1.0425092053764339e-04 -8.6983722138863247e-03
5.7108554277138566e+01 5.5237455041703205e+00 -1.4444681795531170e-02 3.8270577008862273e-06 6.3376754013851413e+24 2.4254649450588217e+19 1.0432441608707479e-04 -8.7027108962753220e-03
5.7148574287143568e+01 5.5231673259575969e+00 -1.4449775107771814e-02 3.8270417170741903e-06 6.5964528348293381e+24 2.5244900183604179e+19 1.0439800033259097e-04 -8.7070530522134742e-03
5.7188594297148576e+01 5.5225889438234717e+00 -1.4454872771599389e-02 3.8270257220521246e-06 6.8657965651914304e+24 2.6275580057364730e+19 1.0447167342156270e-04 -8.7113986415836547e-03
5.7228614307153578e+01 5.5220103575936434e+00 -1.4459974792258400e-02 3.8270097158065521e-06 7.1461380312914305e+24 2.7348339676247011e+19 1.0454543549637417e-04 -8.7157477015985148e-03
5.7268634317158579e+01 5.5214315670935985e+00 -1.4465081175024866e-02 3.8269936983239721e-06 7.4379262882872677e+24 2.8464897033873584e+19 1.0461928670002937e-04 -8.7201002641431775e-03
5.7308654327163580e+01 5.5208525721486881e+00 -1.4470191925417538e-02 3.8269776695908632e-06 7.7416287269778697e+24 2.9627040264407450e+19 1.0469322717920945e-04 -8.7244563127820557e-03
5.7348674337168582e+01 5.5202733725840245e+00 -1.4475307048907206e-02 3.8269616295936867e-06 8.0577318224767890e+24 3.0836630506174681e+19 1.0476725708007132e-04 -8.7288158427704671e-03
5.7388694347173583e+01 5.5196939682244670e+00 -1.4480426550861731e-02 3.8269455783188771e-06 8.3867419134553282e+24 3.2095604882199466e+19 1.0484137654745067e-04 -8.7331788722862930e-03
5.7428714357178585e+01 5.5191143588946492e+00 -1.4485550436634376e-02 3.8269295157528431e-06 8.7291860132034012e+24 3.3405979602424984e+19 1.0491558572613917e-04 -8.7375454251399070e-03
5.7468734367183593e+01 5.5185345444190332e+00 -1.4490678711731569e-02 3.8269134418819812e-06 9.0856126538073785e+24 3.4769853192588476e+19 1.0498988476331525e-04 -8.7419154946908086e-03
5.7508754377188595e+01 5.5179545246219170e+00 -1.4495811381826153e-02 3.8268973566926636e-06 9.4565927647967377e+24 3.6189409854919602e+19 1.0506427380874032e-04 -8.7462890414760457e-03
5.7548774387193596e+01 5.5173742993273054e+00 -1.4500948452382683e-02 3.8268812601712387e-06 9.8427205876679168e+24 3.7666922966047990e+19 1.0513875300932987e-04 -8.7506660716225020e-03
5.7588794397198598e+01 5.5167938683588993e+00 -1.4506089928615563e-02 3.8268651523040242e-06 1.0244614627748982e+25 3.9204758717716644e+19 1.0521332250854093e-04 -8.7550466447255636e-03
5.7628814407203599e+01 5.5162132315403092e+00 -1.4511235816136052e-02 3.8268490330773263e-06 1.0662918644930794e+25 4.0805379906135605e+19 1.0528798245575488e-04 -8.7594307402498600e-03
5.7668834417208600e+01 5.5156323886949012e+00 -1.4516386120496914e-02 3.8268329024774289e-06 1.1098302684851235e+25 4.2471349876042293e+19 1.0536273299967772e-04 -8.7638183513354551e-03
5.7708854427213602e+01 5.5150513396457921e+00 -1.4521540847167641e-02 3.8268167604905864e-06 1.1551464152184345e+25 4.4205336625785233e+19 1.0543757428797915e-04 -8.7682094905232218e-03
5.7748874437218610e+01 5.5144700842158576e+00 -1.4526700001563680e-02 3.8268006071030353e-06 1.2023128927753653e+25 4.6010117080005747e+19 1.0551250646771511e-04 -8.7726041833488273e-03
5.7788894447223612e+01 5.5138886222277854e+00 -1.4531863589215526e-02 3.8267844423009868e-06 1.2514052531258620e+25 4.7888581536757768e+19 1.0558752968778398e-04 -8.7770024335644247e-03
5.7828914457228613e+01 5.5133069535041042e+00 -1.4537031615843849e-02 3.8267682660706377e-06 1.3025021331477892e+25 4.9843738296192721e+19 1.0566264410002180e-04 -8.7814042070618794e-03
5.7868934467233615e+01 5.5127250778670946e+00 -1.4542204087106785e-02 3.8267520783981558e-06 1.3556853805886270e+25 5.1878718478215234e+19 1.0573784985553263e-04 -8.7858094846156119e-03
5.7908954477238616e+01 5.5121429951386745e+00 -1.4547381008237393e-02 3.8267358792696838e-06 1.4110401851704253e+25 5.3996781036830048e+19 1.0581314709941300e-04 -8.7902183379240280e-03
5.7948974487243618e+01 5.5115607051406732e+00 -1.4552562384892715e-02 3.8267196686713455e-06 1.4686552150479766e+25 5.6201317979208368e+19 1.0588853598309717e-04 -8.7946307514076647e-03
5.7988994497248626e+01 5.5109782076946887e+00 -1.4557748222707445e-02 3.8267034465892429e-06 1.5286227588388050e+25 5.8495859797832122e+19 1.0596401665787089e-04 -8.7990467168576111e-03
5.8029014507253628e+01 5.5103955026220728e+00 -1.4562938527256123e-02 3.8266872130094531e-06 1.5910388734524122e+25 6.0884081124413112e+19 1.0603958927432037e-04 -8.8034662402111316e-03
5.8069034517258629e+01 5.5098125897439214e+00 -1.4568133304029835e-02 3.8266709679180308e-06 1.6560035379557371e+25 6.3369806614647644e+19 1.0611525398199162e-04 -8.8078893468181343e-03
5.8109054527263631e+01 5.5092294688811299e+00 -1.4573332558591737e-02 3.8266547113010066e-06 1.7236208137210812e+25 6.5957017073222500e+19 1.0619101093165498e-04 -8.8123160488129005e-03
5.8149074537268632e+01 5.5086461398544273e+00 -1.4578536296697243e-02 3.8266384431443917e-06 1.7939990111131810e+25 6.8649855828887216e+19 1.0626686027705948e-04 -8.8167463204522935e-03
5.8189094547273633e+01 5.5080626024843324e+00 -1.4583744524144782e-02 3.8266221634341772e-06 1.8672508629823748e+25 7.1452635369799492e+19 1.0634280217276146e-04 -8.8211801291524453e-03
5.8229114557278635e+01 5.5074788565909882e+00 -1.4588957246301959e-02 3.8266058721563234e-06 1.9434937052417675e+25 7.4369844249769984e+19 1.0641883676721323e-04 -8.8256175334245832e-03
5.8269134567283643e+01 5.5068949019943982e+00 -1.4594174468797089e-02 3.8265895692967670e-06 2.0228496648176698e+25 7.7406154276467573e+19 1.0649496421284440e-04 -8.8300585398298475e-03
5.8309154577288645e+01 5.5063107385143724e+00 -1.4599396197359600e-02 3.8265732548414320e-06 2.1054458552742781e+25 8.0566427993092964e+19 1.0657118466373896e-04 -8.8345031357035825e-03
5.8349174587293646e+01 5.5057263659704700e+00 -1.4604622437667157e-02 3.8265569287762087e-06 2.1914145804261725e+25 8.3855726465509786e+19 1.0664749827340548e-04 -8.8389513214427000e-03
5.8389194597298648e+01 5.5051417841819905e+00 -1.4609853195292928e-02 3.8265405910869684e-06 2.2808935462644884e+25 8.7279317387293671e+19 1.0672390519400550e-04 -8.8434031204166815e-03
5.8429214607303649e+01 5.5045569929680100e+00 -1.4615088475842104e-02 3.8265242417595597e-06 2.3740260815364520e+25 9.0842683515686912e+19 1.0680040557834633e-04 -8.8478585520920770e-03
5.8469234617308651e+01 5.5039719921474379e+00 -1.4620328285108654e-02 3.8265078807798043e-06 2.4709613673315115e+25 9.4551531451964686e+19 1.0687699958217407e-04 -8.8523175985804579e-03
5.8509254627313652e+01 5.5033867815389916e+00 -1.4625572629005287e-02 3.8264915081335151e-06 2.5718546760418410e+25 9.8411800780275778e+19 1.0695368736315431e-04 -8.8567802190850139e-03
5.8549274637318661e+01 5.5028013609610360e+00 -1.4630821513071665e-02 3.8264751238064620e-06 2.6768676200800015e+25 1.0242967357959134e+20 1.0703046907368033e-04 -8.8612464520981642e-03
5.8589294647323662e+01 5.5022157302317165e+00 -1.4636074942887756e-02 3.8264587277844012e-06 2.7861684107520486e+25 1.0661158432399371e+20 1.0710734486691342e-04 -8.8657163300559193e-03
5.8629314657328663e+01 5.5016298891690258e+00 -1.4641332924280232e-02 3.8264423200530612e-06 2.8999321277010318e+25 1.1096423018716747e+20 1.0718431489980616e-04 -8.8701898358112367e-03
5.8669334667333665e+01 5.5010438375907107e+00 -1.4646595463023800e-02 3.8264259005981576e-06 3.0183409993521153e+25 1.1549458176758261e+20 1.0726137932873468e-04 -8.8746669655608637e-03
5.8709354677338666e+01 5.5004575753142486e+00 -1.4651862564790645e-02 3.8264094694053686e-06 3.1415846948088160e+25 1.2020989425155429e+20 1.0733853830875675e-04 -8.8791477382770788e-03
5.8749374687343668e+01 5.4998711021568809e+00 -1.4657134235243769e-02 3.8263930264603533e-06 3.2698606276678128e+25 1.2511771903205392e+20 1.0741579199497748e-04 -8.8836321767829639e-03
5.8789394697348669e+01 5.4992844179356695e+00 -1.4662410480203942e-02 3.8263765717487519e-06 3.4033742722390026e+25 1.3022591580187777e+20 1.0749314054499719e-04 -8.8881202736029504e-03
5.8829414707353678e+01 5.4986975224674941e+00 -1.4667691305652495e-02 3.8263601052561825e-06 3.5423394926773504e+25 1.3554266514054039e+20 1.0757058411895689e-04 -8.8926119899044934e-03
5.8869434717358679e+01 5.4981104155689229e+00 -1.4672976717335503e-02 3.8263436269682330e-06 3.6869788855535961e+25 1.4107648161504440e+20 1.0764812287373487e-04 -8.8971073377660873e-03
5.8909454727363681e+01 5.4975230970562228e+00 -1.4678266720805947e-02 3.8263271368704664e-06 3.8375241364129223e+25 1.4683622741552166e+20 1.0772575696355968e-04 -8.9016063705240154e-03
5.8949474737368682e+01 5.4969355667455480e+00 -1.4683561321978946e-02 3.8263106349484274e-06 3.9942163908922307e+25 1.5283112654756266e+20 1.0780348654815806e-04 -8.9061090692188153e-03
5.8989494747373683e+01 5.4963478244527986e+00 -1.4688860526717227e-02 3.8262941211876316e-06 4.1573066409908607e+25 1.5907077960397629e+20 1.0788131178667575e-04 -8.9106154275936950e-03
5.9029514757378685e+01 5.4957598699936101e+00 -1.4694164340793762e-02 3.8262775955735779e-06 4.3270561271133277e+25 1.6556517913963102e+20 1.0795923283712750e-04 -8.9151254601234440e-03
5.9069534767383693e+01 5.4951717031833667e+00 -1.4699472769938098e-02 3.8262610580917312e-06 4.5037367565281522e+25 1.7232472567400029e+20 1.0803724985707581e-04 -8.9196391916785637e-03
5.9109554777388695e+01 5.4945833238372570e+00 -1.4704785820008035e-02 3.8262445087275428e-06 4.6876315389128617e+25 1.7936024434703378e+20 1.0811536300615469e-04 -8.9241566236114359e-03
5.9149574787393696e+01 5.4939947317702984e+00 -1.4710103497047282e-02 3.8262279474664337e-06 4.8790350396833211e+25 1.8668300225504323e+20 1.0819357244692134e-04 -8.9286777201661848e-03
5.9189594797398698e+01 5.4934059267972293e+00 -1.4715425806989634e-02 3.8262113742938085e-06 5.0782538518329009e+25 1.9430472649434389e+20 1.0827187834050826e-04 -8.9332024708134276e-03
5.9229614807403699e+01 5.4928169087324257e+00 -1.4720752755390561e-02 3.8261947891950305e-06 5.2856070870377541e+25 2.0223762294156178e+20 1.0835028084266940e-04 -8.9377309446895536e-03
5.9269634817408701e+01 5.4922276773901730e+00 -1.4726084348244940e-02 3.8261781921554564e-06 5.5014268868146795e+25 2.1049439580068010e+20 1.0842878011581231e-04 -8.9422631226553900e-03
5.9309654827413702e+01 5.4916382325844992e+00 -1.4731420591498292e-02 3.8261615831604111e-06 5.7260589545503757e+25 2.1908826794812313e+20 1.0850737632180993e-04 -8.9467989976209448e-03
5.9349674837418711e+01 5.4910485741291728e+00 -1.4736761491026833e-02 3.8261449621951961e-06 5.9598631092543430e+25 2.2803300210846502e+20 1.0858606962170571e-04 -8.9513385790079558e-03
5.9389694847423712e+01 5.4904587018376958e+00 -1.4742107052634680e-02 3.8261283292450842e-06 6.2032138619221923e+25 2.3734292289466302e+20 1.0866486017567059e-04 -8.9558818929388363e-03
5.9429714857428714e+01 5.4898686155233634e+00 -1.4747457282222967e-02 3.8261116842953317e-06 6.4565010154332180e+25 2.4703293974813711e+20 1.0874374814549561e-04 -8.9604289475016009e-03
5.9469734867433715e+01 5.4892783149992983e+00 -1.4752812185891794e-02 3.8260950273311674e-06 6.7201302889423189e+25 2.5711857081539766e+20 1.0882273369609870e-04 -8.9649797124298457e-03
5.9509754877438716e+01 5.4886878000783765e+00 -1.4758171769729708e-02 3.8260783583378003e-06 6.9945239677670547e+25 2.6761596779948569e+20 1.0890181699242344e-04 -8.9695341617744267e-03
5.9549774887443718e+01 5.4880970705730840e+00 -1.4763536039374940e-02 3.8260616773003997e-06 7.2801215798105948e+25 2.7854194182600960e+20 1.0898099819296134e-04 -8.9740923636572566e-03
5.9589794897448719e+01 5.4875061262957896e+00 -1.4768905000843957e-02 3.8260449842041239e-06 7.5773805996040906e+25 2.8991399036520867e+20 1.0906027746197683e-04 -8.9786543111905689e-03
5.9629814907453728e+01 5.4869149670586301e+00 -1.4774278660176089e-02 3.8260282790341042e-06 7.8867771810962887e+25 3.0175032525315277e+20 1.0913965496426728e-04 -8.9832199942924372e-03
5.9669834917458729e+01 5.4863235926734770e+00 -1.4779657023352337e-02 3.8260115617754445e-06 8.2088069203638271e+25 3.1406990185694285e+20 1.0921913086396403e-04 -8.9877894176613495e-03
5.9709854927463731e+01 5.4857320029519334e+00 -1.4785040096262289e-02 3.8259948324132235e-06 8.5439856494647918e+25 3.2689244943065036e+20 1.0929870532404180e-04 -8.9923626062232576e-03
5.9749874937468732e+01 5.4851401977053742e+00 -1.4790427884857590e-02 3.8259780909324963e-06 8.8928502627060000e+25 3.4023850271056449e+20 1.0937837850858649e-04 -8.9969395743472839e-03
5.9789894947473734e+01 5.4845481767450011e+00 -1.4795820395285536e-02 3.8259613373182956e-06 9.2559595766484051e+25 3.5412943480037815e+20 1.0945815058477372e-04 -9.0015202985751844e-03
5.9829914957478735e+01 5.4839559398817883e+00 -1.4801217633757252e-02 3.8259445715556325e-06 9.6338952252278224e+25 3.6858749139896114e+20 1.0953802172092331e-04 -9.0061047447322108e-03
5.9869934967483744e+01 5.4833634869263248e+00 -1.4806619606055706e-02 3.8259277936294797e-06 1.0027262591424952e+26 3.8363582642553887e+20 1.0961799207921661e-04 -9.0106929677649245e-03
5.9909954977488745e+01 5.4827708176890315e+00 -1.4812026318188952e-02 3.8259110035247956e-06 1.0436691776976620e+26 3.9929853909931603e+20 1.0969806182536108e-04 -9.0152849790858178e-03
5.9949974987493746e+01 5.4821779319801234e+00 -1.4817437776293466e-02 3.8258942012265099e-06 1.0862838611682591e+26 4.1560071253295858e+20 1.0977823112716433e-04 -9.0198807657057758e-03
5.9989994997498748e+01 5.4815848296095551e+00 -1.4822853986453412e-02 3.8258773867195308e-06 1.1306385703923284e+26 4.3256845390169073e+20 1.0985850015185891e-04 -9.0244803277274559e-03
6.0030015007503749e+01 5.4809915103869979e+00 -1.4828274954649726e-02 3.8258605599887338e-06 1.1768043534072168e+26 4.5022893625237144e+20 1.0993886906534617e-04 -9.0290836880228681e-03
6.0070035017508751e+01 5.4803979741218898e+00 -1.4833700686892154e-02 3.8258437210189748e-06 1.2248551592553864e+26 4.6861044201949161e+20 1.1001933803415239e-04 -9.0336908661552140e-03
6.0110055027513752e+01 5.4798042206234792e+00 -1.4839131189376549e-02 3.8258268697950851e-06 1.2748679564370972e+26 4.8774240831777964e+20 1.1009990722776395e-04 -9.0383018453116578e-03
6.0150075037518761e+01 5.4792102497008095e+00 -1.4844566468417957e-02 3.8258100063018723e-06 1.3269228561997130e+26 5.0765547408395226e+20 1.1018057681763939e-04 -9.0429165873557506e-03
6.0190095047523762e+01 5.4786160611625556e+00 -1.4850006529965650e-02 3.8257931305241136e-06 1.3811032408610603e+26 5.2838152914308347e+20 1.1026134697001123e-04 -9.0475351298993263e-03
6.0230115057528764e+01 5.4780216548171570e+00 -1.4855451380016304e-02 3.8257762424465599e-06 1.4374958973725276e+26 5.4995376527822140e+20 1.1034221785201415e-04 -9.0521575035351094e-03
6.0270135067533765e+01 5.4774270304728843e+00 -1.4860901024803403e-02 3.8257593420539390e-06 1.4961911563356679e+26 5.7240672938496668e+20 1.1042318963450142e-04 -9.0567836924283513e-03
6.0310155077538766e+01 5.4768321879377444e+00 -1.4866355470510812e-02 3.8257424293309554e-06 1.5572830366951178e+26 5.9577637879618680e+20 1.1050426248779338e-04 -9.0614136933203585e-03
6.0350175087543768e+01 5.4762371270194565e+00 -1.4871814723216635e-02 3.8257255042622853e-06 1.6208693963395501e+26 6.2010013886544308e+20 1.1058543658084153e-04 -9.0660475263469823e-03
6.0390195097548769e+01 5.4756418475254902e+00 -1.4877278788996549e-02 3.8257085668325771e-06 1.6870520888519061e+26 6.4541696290135317e+20 1.1066671208276332e-04 -9.0706852145036806e-03
6.0430215107553778e+01 5.4750463492631214e+00 -1.4882747674095864e-02 3.8256916170264580e-06 1.7559371266600005e+26 6.7176739454886897e+20 1.1074808916540293e-04 -9.0753267483113954e-03
6.0470235117558779e+01 5.4744506320394279e+00 -1.4888221384918044e-02 3.8256746548285306e-06 1.8276348508487689e+26 6.9919363271734565e+20 1.1082956800316548e-04 -9.0799720882605208e-03
6.0510255127563781e+01 5.4738546956611431e+00 -1.4893699927588853e-02 3.8256576802233697e-06 1.9022601079063400e+26 7.2773959915944254e+20 1.1091114876653010e-04 -9.0846212534056829e-03
6.0550275137568782e+01 5.4732585399347053e+00 -1.4899183308101638e-02 3.8256406931955168e-06 1.9799324336868143e+26 7.5745100880899106e+20 1.1099283162420723e-04 -9.0892742920403394e-03
6.0590295147573784e+01 5.4726621646664126e+00 -1.4904671532785964e-02 3.8256236937294958e-06 2.0607762448845947e+26 7.8837544299054026e+20 1.1107461675012015e-04 -9.0939311861800050e-03
6.0630315157578785e+01 5.4720655696622940e+00 -1.4910164607920738e-02 3.8256066818098061e-06 2.1449210383269116e+26 8.2056242561778608e+20 1.1115650431764609e-04 -9.0985919300698662e-03
6.0670335167583794e+01 5.4714687547280896e+00 -1.4915662539685411e-02 3.8255896574209139e-06 2.2325015984037955e+26 8.5406350250292190e+20 1.1123849449888732e-04 -9.1032565409041866e-03
6.0710355177588795e+01 5.4708717196692804e+00 -1.4921165334228853e-02 3.8255726205472625e-06 2.3236582129676681e+26 8.8893232390388908e+20 1.1132058746569642e-04 -9.1079250436989587e-03
6.0750375187593797e+01 5.4702744642911387e+00 -1.4926672997849142e-02 3.8255555711732701e-06 2.4185368980486178e+26 9.2522473044180088e+20 1.1140278339235935e-04 -9.1125974356247065e-03
6.0790395197598798e+01 5.4696769883987475e+00 -1.4932185537028513e-02 3.8255385092833307e-06 2.5172896317450017e+26 9.6299884252601582e+20 1.1148508245612174e-04 -9.1172736786649024e-03
6.0830415207603799e+01 5.4690792917968718e+00 -1.4937702958067752e-02 3.8255214348618099e-06 2.6200745976642547e+26 1.0023151534301539e+21 1.1156748483173304e-04 -9.1219537739220900e-03
6.0870435217608801e+01 5.4684813742899250e+00 -1.4943225266969125e-02 3.8255043478930436e-06 2.7270564383037594e+26 1.0432366261680750e+21 1.1164999068969223e-04 -9.1266377846542408e-03
6.0910455227613802e+01 5.4678832356822031e+00 -1.4948752470160673e-02 3.8254872483613429e-06 2.8384065187776639e+26 1.0858287943249664e+21 1.1173260020706742e-04 -9.1313256905868074e-03
6.0950475237618811e+01 5.4672848757777288e+00 -1.4954284574009481e-02 3.8254701362509980e-06 2.9543032013121087e+26 1.1301598670050192e+21 1.1181531356022896e-04 -9.1360174860666572e-03
6.0990495247623812e+01 5.4666862943802395e+00 -1.4959821584800203e-02 3.8254530115462651e-06 3.0749321309484284e+26 1.1763008380637040e+21 1.1189813092452703e-04 -9.1407131836044996e-03
6.1030515257628814e+01 5.4660874912931972e+00 -1.4965363508764099e-02 3.8254358742313765e-06 3.2004865329122810e+26 1.2243255997997040e+21 1.1198105247472405e-04 -9.1454128095197502e-03
6.1070535267633815e+01 5.4654884663198500e+00 -1.4970910352255770e-02 3.8254187242905378e-06 3.3311675221246262e+26 1.2743110612884060e+21 1.1206407838763950e-04 -9.1501163666916664e-03
6.1110555277638817e+01 5.4648892192632506e+00 -1.4976462121824866e-02 3.8254015617079331e-06 3.4671844253506379e+26 1.3263372715465753e+21 1.1214720884322748e-04 -9.1548238215368102e-03
6.1150575287643818e+01 5.4642897499261647e+00 -1.4982018823929959e-02 3.8253843864677152e-06 3.6087551165024497e+26 1.3804875477253953e+21 1.1223044402029581e-04 -9.1595351606191099e-03
6.1190595297648819e+01 5.4636900581109638e+00 -1.4987580464629755e-02 3.8253671985540058e-06 3.7561063656328507e+26 1.4368486085371806e+21 1.1231378409187573e-04 -9.1642504532630405e-03
6.1230615307653828e+01 5.4630901436199117e+00 -1.4993147050425641e-02 3.8253499979509067e-06 3.9094742021789795e+26 1.4955107131294482e+21 1.1239722923784355e-04 -9.1689696823348717e-03
6.1270635317658829e+01 5.4624900062549937e+00 -1.4998718587776573e-02 3.8253327846424897e-06 4.0691042930376980e+26 1.5565678056286606e+21 1.1248077963765724e-04 -9.1736928407473110e-03
6.1310655327663831e+01 5.4618896458179158e+00 -1.5004295083071544e-02 3.8253155586127999e-06 4.2352523360786719e+26 1.6201176655852950e+21 1.1256443546994244e-04 -9.1784199383726350e-03
6.1350675337668832e+01 5.4612890621100973e+00 -1.5009876542627114e-02 3.8252983198458538e-06 4.4081844697249366e+26 1.6862620645609387e+21 1.1264819691245384e-04 -9.1831510015621329e-03
6.1390695347673834e+01 5.4606882549327311e+00 -1.5015462972861684e-02 3.8252810683256443e-06 4.5881776992574354e+26 1.7551069291083378e+21 1.1273206414469012e-04 -9.1878860381895393e-03
6.1430715357678835e+01 5.4600872240868155e+00 -1.5021054380397489e-02 3.8252638040361378e-06 4.7755203405262266e+26 1.8267625104053305e+21 1.1281603734942929e-04 -9.1926250180183033e-03
6.1470735367683844e+01 5.4594859693730795e+00 -1.5026650771832432e-02 3.8252465269612704e-06 4.9705124817791640e+26 1.9013435608143393e+21 1.1290011670930611e-04 -9.1973679171187279e-03
6.1510755377688845e+01 5.4588844905918412e+00 -1.5032252153313755e-02 3.8252292370849518e-06 5.1734664643476052e+26 1.9789695176500972e+21 1.1298430240040302e-04 -9.2021148051935672e-03
6.1550775387693847e+01 5.4582827875432880e+00 -1.5037858531393243e-02 3.8252119343910638e-06 5.3847073829596412e+26 2.0597646944500892e+21 1.1306859460509827e-04 -9.2068656722133768e-03
6.1590795397698848e+01 5.4576808600273488e+00 -1.5043469912628430e-02 3.8251946188634594e-06 5.6045736064815600e+26 2.1438584800537435e+21 1.1315299350607841e-04 -9.2116205098735880e-03
6.1630815407703849e+01 5.4570787078436656e+00 -1.5049086303513926e-02 3.8251772904859689e-06 5.8334173199222021e+26 2.2313855458093931e+21 1.1323749928530521e-04 -9.2163793244225949e-03
6.1670835417708851e+01 5.4564763307915873e+00 -1.5054707710457173e-02 3.8251599492423917e-06 6.0716050885681741e+26 2.3224860612407284e+21 1.1332211212364932e-04 -9.2211421419132605e-03
6.1710855427713852e+01 5.4558737286702268e+00 -1.5060334139944571e-02 3.8251425951164988e-06 6.3195184451536191e+26 2.4173059185181495e+21 1.1340683220339000e-04 -9.2259089745555176e-03
6.1750875437718861e+01 5.4552709012784968e+00 -1.5065965598667677e-02 3.8251252280920382e-06 6.5775545010051066e+26 2.5159969660944971e+21 1.1349165971011895e-04 -9.2306797959938198e-03
6.1790895447723862e+01 5.4546678484150588e+00 -1.5071602093348936e-02 3.8251078481527282e-06 6.8461265821403152e+26 2.6187172518791935e+21 1.1357659483012001e-04 -9.2354545761882036e-03
6.1830915457728864e+01 5.4540645698781525e+00 -1.5077243630255107e-02 3.8250904552822574e-06 7.1256648913401158e+26 2.7256312763404963e+21 1.1366163774303410e-04 -9.2402333781236405e-03
6.1870935467733865e+01 5.4534610654658620e+00 -1.5082890215974988e-02 3.8250730494642842e-06 7.4166171972536384e+26 2.8369102559408229e+21 1.1374678863357700e-04 -9.2450162029987897e-03
6.1910955477738867e+01 5.4528573349760254e+00 -1.5088541857166861e-02 3.8250556306824470e-06 7.7194495516408520e+26 2.9527323973272931e+21 1.1383204768773819e-04 -9.2498030402285904e-03
6.1950975487743868e+01 5.4522533782061950e+00 -1.5094198560430976e-02 3.8250381989203501e-06 8.0346470359012454e+26 3.0732831827164429e+21 1.1391741509085827e-04 -9.2545938931386535e-03
6.1990995497748870e+01 5.4516491949536219e+00 -1.5099860332270969e-02 3.8250207541615727e-06 8.3627145380844795e+26 3.1987556669301845e+21 1.1400289102704517e-04 -9.2593887865052345e-03
6.2031015507753878e+01 5.4510447850153092e+00 -1.5105527179246833e-02 3.8250032963896605e-06 8.7041775616276849e+26 3.3293507865586812e+21 1.1408847568148240e-04 -9.2641877362258582e-03
6.2071035517758880e+01 5.4504401481880578e+00 -1.5111199108118476e-02 3.8249858255881411e-06 9.0595830671144902e+26 3.4652776817451262e+21 1.1417416924260032e-04 -9.2689907209579942e-03
6.2111055527763881e+01 5.4498352842684241e+00 -1.5116876125719618e-02 3.8249683417405101e-06 9.4295003484050416e+26 3.6067540311080394e+21 1.1425997190017589e-04 -9.2737977061422318e-03
6.2151075537768882e+01 5.4492301930525491e+00 -1.5122558238454275e-02 3.8249508448302318e-06 9.8145219445391882e+26 3.7540064003370018e+21 1.1434588383772063e-04 -9.2786087461566042e-03
6.2191095547773884e+01 5.4486248743363808e+00 -1.5128245452947480e-02 3.8249333348407416e-06 1.0215264588874446e+27 3.9072706050204070e+21 1.1443190524231305e-04 -9.2834238525983277e-03
6.2231115557778885e+01 5.4480193279156381e+00 -1.5133937775958254e-02 3.8249158117554495e-06 1.0632370196978731e+27 4.0667920882861353e+21 1.1451803630328814e-04 -9.2882430139433290e-03
6.2271135567783887e+01 5.4474135535857533e+00 -1.5139635214191411e-02 3.8248982755577375e-06 1.1066506894860322e+27 4.2328263138599056e+21 1.1460427720939231e-04 -9.2930662307244734e-03
6.2311155577788895e+01 5.4468075511418510e+00 -1.5145337774249179e-02 3.8248807262309547e-06 1.1518370089182184e+27 4.4056391751708060e+21 1.1469062814804953e-04 -9.2978935265285948e-03
6.2351175587793897e+01 5.4462013203787984e+00 -1.5151045462770367e-02 3.8248631637584281e-06 1.1988683581174457e+27 4.5855074211589652e+21 1.1477708930746727e-04 -9.3027249200651613e-03
6.2391195597798898e+01 5.4455948610912515e+00 -1.5156758286587463e-02 3.8248455881234508e-06 1.2478200726030576e+27 4.7727190994676886e+21 1.1486366087901887e-04 -9.3075603940014923e-03
6.2431215607803900e+01 5.4449881730736323e+00 -1.5162476252639607e-02 3.8248279993092973e-06 1.2987705639642587e+27 4.9675740177292235e+21 1.1495034305593001e-04 -9.3123999115762041e-03
6.2471235617808901e+01 5.4443812561199536e+00 -1.5168199367470787e-02 3.8248103972992014e-06 1.3518014454609805e+27 5.1703842236832479e+21 1.1503713602567059e-04 -9.3172435175739518e-03
6.2511255627813902e+01 5.4437741100239982e+00 -1.5173927637747232e-02 3.8247927820763690e-06 1.4069976627532221e+27 5.3814745048968447e+21 1.1512403997779465e-04 -9.3220912346042798e-03
6.2551275637818911e+01 5.4431667345793384e+00 -1.5179661070329366e-02 3.8247751536239839e-06 1.4644476299682914e+27 5.6011829088862507e+21 1.1521105510503644e-04 -9.3269430488141583e-03
6.2591295647823912e+01 5.4425591295792533e+00 -1.5185399672025904e-02 3.8247575119251971e-06 1.5242433713238374e+27 5.8298612844730348e+21 1.1529818159958222e-04 -9.3317989591708006e-03
6.2631315657828914e+01 5.4419512948167137e+00 -1.5191143449539304e-02 3.8247398569631329e-06 1.5864806685336796e+27 6.0678758452422813e+21 1.1538541965224046e-04 -9.3366589880580116e-03
6.2671335667833915e+01 5.4413432300844171e+00 -1.5196892409591238e-02 3.8247221887208797e-06 1.6512592142323519e+27 6.3156077560042808e+21 1.1547276945434588e-04 -9.3415231565774203e-03
6.2711355677838917e+01 5.4407349351748504e+00 -1.5202646559090847e-02 3.8247045071815077e-06 1.7186827716642676e+27 6.5734537431995300e+21 1.1556023120031838e-04 -9.3463914504022857e-03
6.2751375687843918e+01 5.4401264098802677e+00 -1.5208405905079960e-02 3.8246868123280542e-06 1.7888593408932364e+27 6.8418267302242162e+21 1.1564780508683549e-04 -9.3512638321582662e-03
6.2791395697848920e+01 5.4395176539925236e+00 -1.5214170454242072e-02 3.8246691041435261e-06 1.8619013317985859e+27 7.1211564986937356e+21 1.1573549130536621e-04 -9.3561403369655221e-03
6.2831415707853928e+01 5.4389086673032079e+00 -1.5219940213291105e-02 3.8246513826108946e-06 1.9379257441350007e+27 7.4118903767031769e+21 1.1582329004807785e-04 -9.3610209970649023e-03
6.2871435717858930e+01 5.4382994496037131e+00 -1.5225715189189347e-02 3.8246336477131115e-06 2.0170543549444289e+27 7.7144939551867284e+21 1.1591120151115560e-04 -9.3659057976788421e-03
6.2911455727863931e+01 5.4376900006851372e+00 -1.5231495388848422e-02 3.8246158994330964e-06 2.0994139136204508e+27 8.0294518335238371e+21 1.1599922589025537e-04 -9.3707947361435454e-03
6.2951475737868932e+01 5.4370803203382625e+00 -1.5237280819074070e-02 3.8245981377537341e-06 2.1851363449373024e+27 8.3572683955852081e+21 1.1608736337966127e-04 -9.3756878332027071e-03
6.2991495747873934e+01 5.4364704083535935e+00 -1.5243071486675901e-02 3.8245803626578874e-06 2.2743589603689673e+27 8.6984686174621611e+21 1.1617561417395593e-04 -9.3805851114470064e-03
6.3031515757878935e+01 5.4358602645214154e+00 -1.5248867398641942e-02 3.8245625741283854e-06 2.3672246780367514e+27 9.0535989081724766e+21 1.1626397847068252e-04 -9.3854865605393582e-03
6.3071535767883937e+01 5.4352498886317804e+00 -1.5254668562111514e-02 3.8245447721480323e-06 2.4638822516376702e+27 9.4232279846891742e+21 1.1635245646993669e-04 -9.3903921424358244e-03
6.3111555777888945e+01 5.4346392804743546e+00 -1.5260474983908241e-02 3.8245269566995987e-06 2.5644865087203647e+27 9.8079477826934758e+21 1.1644104836724461e-04 -9.3953018839506765e-03
6.3151575787893947e+01 5.4340284398385066e+00 -1.5266286670803339e-02 3.8245091277658213e-06 2.6691985986901171e+27 1.0208374404510093e+22 1.1652975435757384e-04 -9.4002158249069621e-03
6.3191595797898948e+01 5.4334173665134191e+00 -1.5272103629860199e-02 3.8244912853294128e-06 2.7781862509404850e+27 1.0625149105743879e+22 1.1661857464059454e-04 -9.4051339497317060e-03
6.3231615807903950e+01 5.4328060602879757e+00 -1.5277925868093180e-02 3.8244734293730566e-06 2.8916240435246880e+27 1.1058939322196449e+22 1.1670750941547537e-04 -9.4100562547836230e-03
6.3271635817908951e+01 5.4321945209507421e+00 -1.5283753392411852e-02 3.8244555598794030e-06 3.0096936827973633e+27 1.1510439738708293e+22 1.1679655888003040e-04 -9.4149827598297327e-03
6.3311655827913953e+01 5.4315827482899968e+00 -1.5289586209716870e-02 3.8244376768310715e-06 3.1325842944745240e+27 1.1980373401637650e+22 1.1688572323218214e-04 -9.4199134882061112e-03
6.3351675837918961e+01 5.4309707420937912e+00 -1.5295424327080477e-02 3.8244197802106541e-06 3.2604927265779882e+27 1.2469492876757827e+22 1.1697500267272264e-04 -9.4248484326767239e-03
6.3391695847923963e+01 5.4303585021499483e+00 -1.5301267751741156e-02 3.8244018700007170e-06 3.3936238647493937e+27 1.2978581454426642e+22 1.1706439740523692e-04 -9.4297875549266205e-03
6.3431715857928964e+01 5.4297460282459111e+00 -1.5307116490656364e-02 3.8243839461837902e-06 3.5321909604392251e+27 1.3508454403959276e+22 1.1715390762926200e-04 -9.4347308750692797e-03
6.3471735867933965e+01 5.4291333201687975e+00 -1.5312970550661732e-02 3.8243660087423707e-06 3.6764159724960880e+27 1.4059960279211566e+22 1.1724353354271674e-04 -9.4396784390918826e-03
6.3511755877938967e+01 5.4285203777055493e+00 -1.5318829938924316e-02 3.8243480576589299e-06 3.8265299227037398e+27 1.4633982277465823e+22 1.1733327534884198e-04 -9.4446302308465284e-03
6.3551775887943968e+01 5.4279072006428031e+00 -1.5324694662560862e-02 3.8243300929159089e-06 3.9827732658352416e+27 1.5231439653794688e+22 1.1742313325036069e-04 -9.4495862459880071e-03
6.3591795897948970e+01 5.4272937887668764e+00 -1.5330564728586144e-02 3.8243121144957155e-06 4.1453962748170126e+27 1.5853289193168112e+22 1.1751310744868478e-04 -9.4545465029028958e-03
6.3631815907953978e+01 5.4266801418637911e+00 -1.5336440143995524e-02 3.8242941223807299e-06 4.3146594416197845e+27 1.6500526742661065e+22 1.1760319814517872e-04 -9.4595110261751231e-03
6.3671835917958980e+01 5.4260662597193363e+00 -1.5342320915948617e-02 3.8242761165532990e-06 4.4908338945184159e+27 1.7174188806214815e+22 1.1769340554397720e-04 -9.4644798106067653e-03
6.3711855927963981e+01 5.4254521421190711e+00 -1.5348207051781849e-02 3.8242580969957461e-06 4.6742018323894043e+27 1.7875354204507533e+22 1.1778372985218304e-04 -9.4694528186296447e-03
6.3751875937968983e+01 5.4248377888481834e+00 -1.5354098558584156e-02 3.8242400636903572e-06 4.8650569767411537e+27 1.8605145802589807e+22 1.1787417127335803e-04 -9.4744300640689609e-03
6.3791895947973984e+01 5.4242231996915091e+00 -1.5359995443264584e-02 3.8242220166193835e-06 5.0637050422015129e+27 1.9364732308053612e+22 1.1796473000855440e-04 -9.4794115982808503e-03
6.3831915957978985e+01 5.4236083744337167e+00 -1.5365897713093761e-02 3.8242039557650527e-06 5.2704642262160419e+27 2.0155330142613585e+22 1.1805540626463003e-04 -9.4843974042453493e-03
6.3871935967983987e+01 5.4229933128591661e+00 -1.5371805375291283e-02 3.8241858811095617e-06 5.4856657187414499e+27 2.0978205390097787e+22 1.1814620024791699e-04 -9.4893874774839831e-03
6.3911955977988995e+01 5.4223780147518932e+00 -1.5377718436977942e-02 3.8241677926350704e-06 5.7096542327506601e+27 2.1834675823967577e+22 1.1823711216348567e-04 -9.4943818353450254e-03
6.3951975987993997e+01 5.4217624798956319e+00 -1.5383636905246649e-02 3.8241496903237114e-06 5.9427885563990580e+27 2.2726113017612756e+22 1.1832814221623335e-04 -9.4993805031256366e-03
6.3991995997998998e+01 5.4211467080738762e+00 -1.5389560787348835e-02 3.8241315741575870e-06 6.1854421277369621e+27 2.3653944540803405e+22 1.1841929061375246e-04 -9.5043834772063594e-03
6.4032016008004007e+01 5.4205306990698903e+00 -1.5395490090720974e-02 3.8241134441187680e-06 6.4380036328881791e+27 2.4619656245813155e+22 1.1851055756674385e-04 -9.5093907210217730e-03
6.4072036018009001e+01 5.4199144526665703e+00 -1.5401424822578426e-02 3.8240953001892981e-06 6.7008776286530618e+27 2.5624794646875782e+22 1.1860194328276745e-04 -9.5144022431513705e-03
6.4112056028014010e+01 5.4192979686464442e+00 -1.5407364989910367e-02 3.8240771423511763e-06 6.9744851905341584e+27 2.6670969396788464e+22 1.1869344796615784e-04 -9.5194180992390354e-03
6.4152076038019004e+01 5.4186812467918726e+00 -1.5413310600092944e-02 3.8240589705863801e-06 7.2592645872205532e+27 2.7759855864620792e+22 1.1878507182746875e-04 -9.5244382718494558e-03
6.4192096048024013e+01 5.4180642868849054e+00 -1.5419261660449119e-02 3.8240407848768594e-06 7.5556719826139908e+27 2.8893197818667301e+22 1.1887681507669806e-04 -9.5294627560701360e-03
6.4232116058029007e+01 5.4174470887072621e+00 -1.5425218178207308e-02 3.8240225852045214e-06 7.8641821665182330e+27 3.0072810218928346e+22 1.1896867792264859e-04 -9.5344915682745394e-03
6.4272136068034015e+01 5.4168296520403594e+00 -1.5431180160561676e-02 3.8240043715512499e-06 8.1852893151653225e+27 3.1300582123603931e+22 1.1906066057385614e-04 -9.5395247343412065e-03
6.4312156078039024e+01 5.4162119766653651e+00 -1.5437147614858236e-02 3.8239861438988921e-06 8.5195077827937107e+27 3.2578479714241922e+22 1.1915276324146165e-04 -9.5445622524692134e-03
6.4352176088044018e+01 5.4155940623632137e+00 -1.5443120548631988e-02 3.8239679022292698e-06 8.8673729255488879e+27 3.3908549444395803e+22 1.1924498613978978e-04 -9.5496040867089835e-03
6.4392196098049027e+01 5.4149759089144762e+00 -1.5449098969221154e-02 3.8239496465241734e-06 9.2294419590252640e+27 3.5292921316830035e+22 1.1933732948039506e-04 -9.5546502420838769e-03
6.4432216108054021e+01 5.4143575160993391e+00 -1.5455082883706653e-02 3.8239313767653470e-06 9.6062948508215700e+27 3.6733812294515992e+22 1.1942979347112118e-04 -9.5597007767675695e-03
6.4472236118059030e+01 5.4137388836978229e+00 -1.5461072299569108e-02 3.8239130929345175e-06 9.9985352495426774e+27 3.8233529850893538e+22 1.1952237832625160e-04 -9.5647556728563083e-03
6.4512256128064024e+01 5.4131200114896352e+00 -1.5467067224236143e-02 3.8238947950133770e-06 1.0406791451731894e+28 3.9794475665067291e+22 1.1961508425951997e-04 -9.5698149258237487e-03
6.4552276138069033e+01 5.4125008992541472e+00 -1.5473067665043689e-02 3.8238764829835789e-06 1.0831717408286894e+28 4.1419149467872097e+22 1.1970791148351028e-04 -9.5748785514593038e-03
6.4592296148074041e+01 5.4118815467704220e+00 -1.5479073629289014e-02 3.8238581568267518e-06 1.1273993771967056e+28 4.3110153044950222e+22 1.1980086021047529e-04 -9.5799465753240061e-03
6.4632316158079036e+01 5.4112619538172702e+00 -1.5485085124417970e-02 3.8238398165244872e-06 1.1734328987673644e+28 4.4870194403263962e+22 1.1989393065523534e-04 -9.5850189973900254e-03
6.4672336168084044e+01 5.4106421201732626e+00 -1.5491102158069142e-02 3.8238214620583511e-06 1.2213460427247988e+28 4.6702092107711215e+22 1.1998712303586722e-04 -9.5900957817203272e-03
6.4712356178089038e+01 5.4100220456166106e+00 -1.5497124737697822e-02 3.8238030934098740e-06 1.2712155570603574e+28 4.8608779794781508e+22 1.2008043756788290e-04 -9.5951769314103468e-03
6.4752376188094047e+01 5.4094017299251274e+00 -1.5503152870480994e-02 3.8237847105605447e-06 1.3231213235088216e+28 5.0593310870496644e+22 1.2017387446275153e-04 -9.6002625061101677e-03
6.4792396198099041e+01 5.4087811728764628e+00 -1.5509186564006456e-02 3.8237663134918312e-06 1.3771464855040238e+28 5.2658863400139526e+22 1.2026743393857918e-04 -9.6053524878719678e-03
6.4832416208104050e+01 5.4081603742479416e+00 -1.5515225825808245e-02 3.8237479021851655e-06 1.4333775813593913e+28 5.4808745197622190e+22 1.2036111621291357e-04 -9.6104468722944900e-03
6.4872436218109058e+01 5.4075393338165583e+00 -1.5521270663329999e-02 3.8237294766219459e-06 1.4919046828861803e+28 5.7046399122622047e+22 1.2045492150217423e-04 -9.6155456744630701e-03
6.4912456228114053e+01 5.4069180513589874e+00 -1.5527321083973925e-02 3.8237110367835344e-06 1.5528215396719058e+28 5.9375408593986667e+22 1.2054885002241060e-04 -9.6206489208999057e-03
6.4952476238119061e+01 5.4062965266516461e+00 -1.5533377095290015e-02 3.8236925826512683e-06 1.6162257292499032e+28 6.1799503328229919e+22 1.2064290199224023e-04 -9.6257566115579667e-03
6.4992496248124056e+01 5.4056747594707133e+00 -1.5539438705024276e-02 3.8236741142064476e-06 1.6822188134003285e+28 6.4322565312299221e+22 1.2073707763360327e-04 -9.6308687108343782e-03
6.5032516258129064e+01 5.4050527495920004e+00 -1.5545505920744999e-02 3.8236556314303427e-06 1.7509065008335185e+28 6.6948635020200793e+22 1.2083137716595890e-04 -9.6359852208360384e-03
6.5072536268134058e+01 5.4044304967909174e+00 -1.5551578749730451e-02 3.8236371343041817e-06 1.8223988165155978e+28 6.9681917883410329e+22 1.2092580080453388e-04 -9.6411062020370381e-03
6.5112556278139067e+01 5.4038080008427043e+00 -1.5557657199677539e-02 3.8236186228091682e-06 1.8968102779083134e+28 7.2526791025460603e+22 1.2102034877133919e-04 -9.6462316365606322e-03
6.5152576288144076e+01 5.4031852615222773e+00 -1.5563741278228106e-02 3.8236000969264690e-06 1.9742600784046433e+28 7.5487810271460528e+22 1.2111502128781073e-04 -9.6513615200640203e-03
6.5192596298149070e+01 5.4025622786042122e+00 -1.5569830992933912e-02 3.8235815566372217e-06 2.0548722782546296e+28 7.8569717443795112e+22 1.2120981857426271e-04 -9.6564958677893397e-03
6.5232616308154078e+01 5.4019390518627626e+00 -1.5575926351304857e-02 3.8235630019225231e-06 2.1387760032870349e+28 8.1777447955680308e+22 1.2130474085063652e-04 -9.6616347060791696e-03
6.5272636318159073e+01 5.4013155810719207e+00 -1.5582027360999628e-02 3.8235444327634411e-06 2.2261056517448263e+28 8.5116138714721625e+22 1.2139978833947051e-04 -9.6667780349998251e-03
6.5312656328164081e+01 5.4006918660054364e+00 -1.5588134029874409e-02 3.8235258491410165e-06 2.3170011095665302e+28 8.8591136349160452e+22 1.2149496126666429e-04 -9.6719258192143436e-03
6.5352676338169076e+01 5.4000679064366874e+00 -1.5594246365605403e-02 3.8235072510362488e-06 2.4116079744573748e+28 9.2208005769946127e+22 1.2159025985559866e-04 -9.6770780607006272e-03
6.5392696348174084e+01 5.3994437021386448e+00 -1.5600364375579975e-02 3.8234886384301000e-06 2.5100777891101349e+28 9.5972539082383462e+22 1.2168568432543239e-04 -9.6822348201823522e-03
6.5432716358179093e+01 5.3988192528841079e+00 -1.5606488067604542e-02 3.8234700113035059e-06 2.6125682839482516e+28 9.9890764861588023e+22 1.2178123490214147e-04 -9.6873960798601524e-03
6.5472736368184087e+01 5.3981945584455433e+00 -1.5612617449430830e-02 3.8234513696373686e-06 2.7192436297808823e+28 1.0396895780663404e+23 1.2187691181113602e-04 -9.6925618350720173e-03
6.5512756378189096e+01 5.3975696185950763e+00 -1.5618752528719613e-02 3.8234327134125517e-06 2.8302747007742806e+28 1.0821364878884305e+23 1.2197271527669266e-04 -9.6977321017684449e-03
6.5552776388194090e+01 5.3969444331045047e+00 -1.5624893313090816e-02 3.8234140426098845e-06 2.9458393481603244e+28 1.1263163531028933e+23 1.2206864552273505e-04 -9.7029069064246461e-03
6.5592796398199098e+01 5.3963190017453622e+00 -1.5631039810315547e-02 3.8233953572101672e-06 3.0661226851215996e+28 1.1722999238930695e+23 1.2216470277583475e-04 -9.7080862485821144e-03
6.5632816408204107e+01 5.3956933242889331e+00 -1.5637192028362515e-02 3.8233766571941654e-06 3.1913173833081821e+28 1.2201608389038469e+23 1.2226088726594210e-04 -9.7132700925391460e-03
6.5672836418209101e+01 5.3950674005061252e+00 -1.5643349975011902e-02 3.8233579425426125e-06 3.3216239814620886e+28 1.2699757431663092e+23 1.2235719922035245e-04 -9.7184584421061999e-03
6.5712856428214110e+01 5.3944412301674367e+00 -1.5649513657767303e-02 3.8233392132361953e-06 3.4572512066433826e+28 1.3218244108367797e+23 1.2245363886232268e-04 -9.7236513568059579e-03
6.5752876438219104e+01 5.3938148130431891e+00 -1.5655683084546193e-02 3.8233204692555786e-06 3.5984163085719749e+28 1.3757898729466330e+23 1.2255020642187289e-04 -9.7288488191566228e-03
6.5792896448224113e+01 5.3931881489033664e+00 -1.5661858263211318e-02 3.8233017105813907e-06 3.7453454076218645e+28 1.4319585503678830e+23 1.2264690212846033e-04 -9.7340508245042784e-03
6.5832916458229107e+01 5.3925612375176071e+00 -1.5668039201533975e-02 3.8232829371942218e-06 3.8982738570237375e+28 1.4904203922069163e+23 1.2274372621040271e-04 -9.7392573894102465e-03
6.5872936468234116e+01 5.3919340786552166e+00 -1.5674225907248207e-02 3.8232641490746276e-06 4.0574466198577130e+28 1.5512690198486022e+23 1.2284067889572545e-04 -9.7444685396136706e-03
6.5912956478239124e+01 5.3913066720852356e+00 -1.5680418388240882e-02 3.8232453462031329e-06 4.2231186614384986e+28 1.6146018768808343e+23 1.2293776041514138e-04 -9.7496842745466872e-03
6.5952976488244119e+01 5.3906790175764492e+00 -1.5686616652592120e-02 3.8232265285602299e-06 4.3955553577228012e+28 1.6805203851400865e+23 1.2303497100269020e-04 -9.7549045588310491e-03
6.5992996498249127e+01 5.3900511148972523e+00 -1.5692820708181850e-02 3.8232076961263723e-06 4.5750329203927039e+28 1.7491301071276898e+23 1.2313231088957054e-04 -9.7601293986170849e-03
6.6033016508254121e+01 5.3894229638156412e+00 -1.5699030562642352e-02 3.8231888488819742e-06 4.7618388392952358e+28 1.8205409150566627e+23 1.2322978030338932e-04 -9.7653588508781961e-03
6.6073036518259130e+01 5.3887945640994204e+00 -1.5705246224000671e-02 3.8231699868074200e-06 4.9562723429484236e+28 1.8948671668004104e+23 1.2332737947824368e-04 -9.7705928984916941e-03
6.6113056528264124e+01 5.3881659155160584e+00 -1.5711467700233069e-02 3.8231511098830603e-06 5.1586448778494855e+28 1.9722278890242825e+23 1.2342510864773350e-04 -9.7758315374953386e-03
6.6153076538269133e+01 5.3875370178326651e+00 -1.5717694999220416e-02 3.8231322180892100e-06 5.3692806073550427e+28 2.0527469677940666e+23 1.2352296804425924e-04 -9.7810747849797069e-03
6.6193096548274141e+01 5.3869078708160227e+00 -1.5723928128811172e-02 3.8231133114061417e-06 5.5885169309303424e+28 2.1365533469658389e+23 1.2362095790000960e-04 -9.7863226667807453e-03
6.6233116558279136e+01 5.3862784742326397e+00 -1.5730167097014330e-02 3.8230943898141017e-06 5.8167050246009748e+28 2.2237812346755484e+23 1.2371907844999612e-04 -9.7915751809709052e-03
6.6273136568284144e+01 5.3856488278487644e+00 -1.5736411912030575e-02 3.8230754532933018e-06 6.0542104034721454e+28 2.3145703182587295e+23 1.2381732993254889e-04 -9.7968322911798720e-03
6.6313156578289139e+01 5.3850189314302472e+00 -1.5742662581834217e-02 3.8230565018239161e-06 6.3014135072156700e+28 2.4090659879441914e+23 1.2391571258274159e-04 -9.8020940080000563e-03
6.6353176588294147e+01 5.3843887847425416e+00 -1.5748919114185602e-02 3.8230375353860742e-06 6.5587103094646103e+28 2.5074195696806818e+23 1.2401422663258031e-04 -9.8073603850768742e-03
6.6393196598299141e+01 5.3837583875509010e+00 -1.5755181517226755e-02 3.8230185539598818e-06 6.8265129520890640e+28 2.6097885674683938e+23 1.2411287232038176e-04 -9.8126314064326658e-03
6.6433216608304150e+01 5.3831277396202379e+00 -1.5761449799048550e-02 3.8229995575254040e-06 7.1052504053719202e+28 2.7163369155844048e+23 1.2421164988396378e-04 -9.8179070679406261e-03
6.6473236618309159e+01 5.3824968407151017e+00 -1.5767723967642876e-02 3.8229805460626728e-06 7.3953691551392187e+28 2.8272352411049179e+23 1.2431055955988980e-04 -9.8231873877126317e-03
6.6513256628314153e+01 5.3818656905997102e+00 -1.5774004030976653e-02 3.8229615195516771e-06 7.6973339179481030e+28 2.9426611371455543e+23 1.2440960158463385e-04 -9.8284723913249251e-03
6.6553276638319161e+01 5.3812342890380060e+00 -1.5780289997184699e-02 3.8229424779723778e-06 8.0116283854770956e+28 3.0627994472569651e+23 1.2450877619762373e-04 -9.8337620751135901e-03
6.6593296648324156e+01 5.3806026357936645e+00 -1.5786581874587508e-02 3.8229234213047027e-06 8.3387559993099131e+28 3.1878425614306966e+23 1.2460808364152742e-04 -9.8390564026232582e-03
6.6633316658329164e+01 5.3799707306299487e+00 -1.5792879671249795e-02 3.8229043495285366e-06 8.6792407573566229e+28 3.3179907241903986e+23 1.2470752415528750e-04 -9.8443553892119482e-03
6.6673336668334159e+01 5.3793385733097363e+00 -1.5799183395071342e-02 3.8228852626237250e-06 9.0336280532004175e+28 3.4534523552604126e+23 1.2480709797554901e-04 -9.8496590847543565e-03
6.6713356678339167e+01 5.3787061635956919e+00 -1.5805493054308992e-02 3.8228661605700840e-06 9.4024855497181781e+28 3.5944443833266824e+23 1.2490680534490490e-04 -9.8549674731958879e-03
6.6753376688344176e+01 5.3780735012501335e+00 -1.5811808657169753e-02 3.8228470433473942e-06 9.7864040883705185e+28 3.7411925934230087e+23 1.2500664650547417e-04 -9.8602805515518969e-03
6.6793396698349170e+01 5.3774405860350143e+00 -1.5818130211756428e-02 3.8228279109353928e-06 1.0185998635620818e+29 3.8939319885001088e+23 1.2510662169804072e-04 -9.8655983391762805e-03
6.6833416708354179e+01 5.3768074177119480e+00 -1.5824457726156496e-02 3.8228087633137874e-06 1.0601909267998178e+29 4.0529071657561095e+23 1.2520673116345700e-04 -9.8709208612909657e-03
6.6873436718359173e+01 5.3761739960422741e+00 -1.5830791208636640e-02 3.8227896004622433e-06 1.1034802197380566e+29 4.2183727083304339e+23 1.2530697514572355e-04 -9.8762481116776071e-03
6.6913456728364181e+01 5.3755403207870591e+00 -1.5837130667642387e-02 3.8227704223603978e-06 1.1485370838144172e+29 4.3905935929898195e+23 1.2540735389198951e-04 -9.8815800531205852e-03
6.6953476738369176e+01 5.3749063917069391e+00 -1.5843476111322915e-02 3.8227512289878477e-06 1.1954336917883701e+29 4.5698456144574713e+23 1.2550786764502995e-04 -9.8869167075376126e-03
6.6993496748374184e+01 5.3742722085621777e+00 -1.5849827547722444e-02 3.8227320203241429e-06 1.2442451633487724e+29 4.7564158270667963e+23 1.2560851664627064e-04 -9.8922581200365511e-03
6.7033516758379193e+01 5.3736377711128140e+00 -1.5856184985216161e-02 3.8227127963488108e-06 1.2950496854415949e+29 4.9506030044450866e+23 1.2570930114269720e-04 -9.8976042750722106e-03
6.7073536768384187e+01 5.3730030791185346e+00 -1.5862548432127293e-02 3.8226935570413344e-06 1.3479286375109902e+29 5.1527181179647666e+23 1.2581022138079202e-04 -9.9029551704875162e-03
6.7113556778389196e+01 5.3723681323386527e+00 -1.5868917896673104e-02 3.8226743023811606e-06 1.4029667218541635e+29 5.3630848347278480e+23 1.2591127760567595e-04 -9.9083108267195973e-03
6.7153576788394190e+01 5.3717329305321453e+00 -1.5875293387067457e-02 3.8226550323476979e-06 1.4602520992986481e+29 5.5820400358802674e+23 1.2601247006273385e-04 -9.9136712680336359e-03
6.7193596798399199e+01 5.3710974734577119e+00 -1.5881674911710320e-02 3.8226357469203211e-06 1.5198765304197948e+29 5.8099343560879385e+23 1.2611379900062450e-04 -9.9190364859249175e-03
6.7233616808404207e+01 5.3704617608737681e+00 -1.5888062479165525e-02 3.8226164460783702e-06 1.5819355225240948e+29 6.0471327450361841e+23 1.2621526467093369e-04 -9.9244064440136889e-03
6.7273636818409202e+01 5.3698257925382809e+00 -1.5894456097666834e-02 3.8225971298011421e-06 1.6465284826342710e+29 6.2940150518535941e+23 1.2631686732032921e-04 -9.9297811711476329e-03
6.7313656828414210e+01 5.3691895682088679e+00 -1.5900855775418287e-02 3.8225777980678954e-06 1.7137588767210079e+29 6.5509766333955008e+23 1.2641860719532654e-04 -9.9351607049696089e-03
6.7353676838419204e+01 5.3685530876429022e+00 -1.5907261520911254e-02 3.8225584508578524e-06 1.7837343954361298e+29 6.8184289873601998e+23 1.2652048454733192e-04 -9.9405450320111423e-03
6.7393696848424213e+01 5.3679163505973975e+00 -1.5913673342585356e-02 3.8225390881502032e-06 1.8565671266132895e+29 7.0968004112540059e+23 1.2662249962725589e-04 -9.9459341502070465e-03
6.7433716858429207e+01 5.3672793568289912e+00 -1.5920091248772576e-02 3.8225197099240939e-06 1.9323737348117409e+29 7.3865366882575146e+23 1.2672465268462259e-04 -9.9513280824531005e-03
6.7473736868434216e+01 5.3666421060939831e+00 -1.5926515247816877e-02 3.8225003161586308e-06 2.0112756481915838e+29 7.6881018010944842e+23 1.2682694396947173e-04 -9.9567268511690510e-03
6.7513756878439224e+01 5.3660045981483933e+00 -1.5932945348258780e-02 3.8224809068328903e-06 2.0933992530190212e+29 8.0019786750434432e+23 1.2692937373530054e-04 -9.9621304448006872e-03
6.7553776888444219e+01 5.3653668327479487e+00 -1.5939381558783928e-02 3.8224614819259109e-06 2.1788760961138518e+29 8.3286699512842973e+23 1.2703194223825058e-04 -9.9675388274481254e-03
6.7593796898449227e+01 5.3647288096479073e+00 -1.5945823887704279e-02 3.8224420414166864e-06 2.2678430955632279e+29 8.6686987918174427e+23 1.2713464972884022e-04 -9.9729520368615331e-03
6.7633816908454222e+01 5.3640905286032012e+00 -1.5952272343389969e-02 3.8224225852841720e-06 2.3604427600388850e+29 9.0226097172431405e+23 1.2723749645884226e-04 -9.9783701026781371e-03
6.7673836918459230e+01 5.3634519893684969e+00 -1.5958726934451609e-02 3.8224031135072904e-06 2.4568234170699167e+29 9.3909694787456693e+23 1.2734048268419563e-04 -9.9837930119444640e-03
6.7713856928464224e+01 5.3628131916980992e+00 -1.5965187669445748e-02 3.8223836260649231e-06 2.5571394506357712e+29 9.7743679656748248e+23 1.2744360866031126e-04 -9.9892207649602809e-03
6.7753876938469233e+01 5.3621741353459260e+00 -1.5971654556821337e-02 3.8223641229359114e-06 2.6615515484610910e+29 1.0173419150182195e+24 1.2754687464121590e-04 -9.9946533855110285e-03
6.7793896948474242e+01 5.3615348200655628e+00 -1.5978127605056767e-02 3.8223446040990608e-06 2.7702269594074742e+29 1.0588762070420907e+24 1.2765028088173854e-04 -1.0000090894443859e-02
6.7833916958479236e+01 5.3608952456103127e+00 -1.5984606822836797e-02 3.8223250695331369e-06 2.8833397613753030e+29 1.1021061853886513e+24 1.2775382764034033e-04 -1.0005533277027506e-02
6.7873936968484244e+01 5.3602554117331689e+00 -1.5991092218965879e-02 3.8223055192168760e-06 3.0010711401444595e+29 1.1471010782536650e+24 1.2785751517773553e-04 -1.0010980498768337e-02
6.7913956978489239e+01 5.3596153181866413e+00 -1.5997583801834248e-02 3.8222859531289574e-06 3.1236096796001344e+29 1.1939329401393236e+24 1.2796134374835474e-04 -1.0016432606397027e-02
6.7953976988494247e+01 5.3589749647229397e+00 -1.6004081579987846e-02 3.8222663712480315e-06 3.2511516638096532e+29 1.2426767672406724e+24 1.2806531360945312e-04 -1.0021889620025303e-02
6.7993996998499242e+01 5.3583343510939834e+00 -1.6010585562157259e-02 3.8222467735527142e-06 3.3839013914328861e+29 1.2934106175424889e+24 1.2816942502157924e-04 -1.0027351528489640e-02
6.8034017008504250e+01 5.3576934770513231e+00 -1.6017095757015518e-02 3.8222271600215738e-06 3.5220715029712622e+29 1.3462157358194763e+24 1.2827367824470225e-04 -1.0032818333787448e-02
6.8074037018509259e+01 5.3570523423461225e+00 -1.6023612173130367e-02 3.8222075306331457e-06 3.6658833213781841e+29 1.4011766837394144e+24 1.2837807353744584e-04 -1.0038290061436365e-02
6.8114057028514253e+01 5.3564109467292100e+00 -1.6030134819119912e-02 3.8221878853659178e-06 3.8155672065775793e+29 1.4583814752780300e+24 1.2848261115958029e-04 -1.0043766730387876e-02
6.8154077038519262e+01 5.3557692899511311e+00 -1.6036663703818829e-02 3.8221682241983492e-06 3.9713629244580452e+29 1.5179217176622968e+24 1.2858729137469013e-04 -1.0049248321322191e-02
6.8194097048524256e+01 5.3551273717621068e+00 -1.6043198836147372e-02 3.8221485471088592e-06 4.1335200309330623e+29 1.5798927580676171e+24 1.2869211444808018e-04 -1.0054734802422204e-02
6.8234117058529264e+01 5.3544851919118557e+00 -1.6049740224574564e-02 3.8221288540758197e-06 4.3022982716838344e+29 1.6443938363043312e+24 1.2879708063816338e-04 -1.0060226229815651e-02
6.8274137068534259e+01 5.3538427501498242e+00 -1.6056287877829374e-02 3.8221091450775635e-06 4.4779679982233506e+29 1.7115282437374138e+24 1.2890219020786527e-04 -1.0065722613557747e-02
6.8314157078539267e+01 5.3532000462251457e+00 -1.6062841804763590e-02 3.8220894200923888e-06 4.6608106009499647e+29 1.7814034886945309e+24 1.2900744342243041e-04 -1.0071223943750953e-02
6.8354177088544276e+01 5.3525570798865756e+00 -1.6069402014165853e-02 3.8220696790985548e-06 4.8511189598823188e+29 1.8541314686266328e+24 1.2911284054643879e-04 -1.0076730225367283e-02
6.8394197098549270e+01 5.3519138508824806e+00 -1.6075968514725363e-02 3.8220499220742742e-06 5.0491979137991190e+29 1.9298286492973509e+24 1.2921838184322060e-04 -1.0082241485251390e-02
6.8434217108554279e+01 5.3512703589608916e+00 -1.6082541315206401e-02 3.8220301489977232e-06 5.2553647485346744e+29 2.0086162512879362e+24 1.2932406757766042e-04 -1.0087757739393939e-02
6.8474237118559273e+01 5.3506266038695580e+00 -1.6089120424599191e-02 3.8220103598470439e-06 5.4699497052116024e+29 2.0906204441161028e+24 1.2942989801862742e-04 -1.0093278963789656e-02
6.8514257128564282e+01 5.3499825853558818e+00 -1.6095705851933133e-02 3.8219905546003332e-06 5.6932965092265876e+29 2.1759725482803066e+24 1.2953587343597726e-04 -1.0098805131280569e-02
6.8554277138569276e+01 5.3493383031667507e+00 -1.6102297605761054e-02 3.8219707332356433e-06 5.9257629208342564e+29 2.2648092455521491e+24 1.2964199409224908e-04 -1.0104336306051932e-02
6.8594297148574285e+01 5.3486937570488085e+00 -1.6108895695000611e-02 3.8219508957309906e-06 6.1677213082135480e+29 2.3572727978545887e+24 1.2974826025620461e-04 -1.0109872487851269e-02
6.8634317158579293e+01 5.3480489467483592e+00 -1.6115500128624682e-02 3.8219310420643520e-06 6.4195592439320681e+29 2.4535112750755132e+24 1.2985467219785106e-04 -1.0115413668754274e-02
6.8674337168584287e+01 5.3474038720113208e+00 -1.6122110915537967e-02 3.8219111722136667e-06 6.6816801257658608e+29 2.5536787921822558e+24 1.2996123018645423e-04 -1.0120959856760512e-02
6.8714357178589296e+01 5.3467585325832205e+00 -1.6128728064558624e-02 3.8218912861568202e-06 6.9545038228683041e+29 2.6579357560164666e+24 1.3006793449024049e-04 -1.0126511079383664e-02
6.8754377188594290e+01 5.3461129282092559e+00 -1.6135351584603896e-02 3.8218713838716713e-06 7.2384673483221409e+29 2.7664491221641848e+24 1.3017478537938971e-04 -1.0132067348442455e-02
6.8794397198599299e+01 5.3454670586343331e+00 -1.6141981484815847e-02 3.8218514653360351e-06 7.5340255591543622e+29 2.8793926623133240e+24 1.3028178312806882e-04 -1.0137628637222484e-02
6.8834417208604293e+01 5.3448209236029900e+00 -1.6148617774315949e-02 3.8218315305276882e-06 7.8416518849321835e+29 2.9969472425255697e+24 1.3038892801047649e-04 -1.0143194925528195e-02
6.8874437218609302e+01 5.3441745228592463e+00 -1.6155260461771310e-02 3.8218115794243527e-06 8.1618390861104682e+29 3.1193011128695262e+24 1.3049622029383568e-04 -1.0148766281608589e-02
6.8914457228614310e+01 5.3435278561469008e+00 -1.6161909556282533e-02 3.8217916120037228e-06 8.4951000433420375e+29 3.2466502088777063e+24 1.3060366025272833e-04 -1.0154342695699647e-02
6.8954477238619305e+01 5.3428809232093828e+00 -1.6168565066944900e-02 3.8217716282434487e-06 8.8419685790178912e+29 3.3791984653110620e+24 1.3071124816201548e-04 -1.0159924162506585e-02
6.8994497248624313e+01 5.3422337237897315e+00 -1.6175227002778798e-02 3.8217516281211391e-06 9.2030003123522961e+29 3.5171581427331737e+24 1.3081898429571220e-04 -1.0165510693370879e-02
6.9034517258629307e+01 5.3415862576305910e+00 -1.6181895372733384e-02 3.8217316116143562e-06 9.5787735493810875e+29 3.6607501674165147e+24 1.3092686892704505e-04 -1.0171102316278295e-02
6.9074537268634316e+01 5.3409385244742831e+00 -1.6188570185885928e-02 3.8217115787006280e-06 9.9698902093019621e+29 3.8102044851263334e+24 1.3103490233167737e-04 -1.0176699038787368e-02
6.9114557278639325e+01 5.3402905240628327e+00 -1.6195251451538131e-02 3.8216915293574380e-06 1.0376976788636743e+30 3.9657604293471788e+24 1.3114308478927395e-04 -1.0182300829427568e-02
6.9154577288644319e+01 5.3396422561378607e+00 -1.6201939178890866e-02 3.8216714635622356e-06 1.0800685364763257e+30 4.1276671045430013e+24 1.3125141657823941e-04 -1.0187907678952550e-02
6.9194597298649327e+01 5.3389937204404871e+00 -1.6208633376747241e-02 3.8216513812924101e-06 1.1241694640423128e+30 4.2961837850640531e+24 1.3135989797090233e-04 -1.0193519655267134e-02
6.9234617308654322e+01 5.3383449167116153e+00 -1.6215334054379020e-02 3.8216312825253245e-06 1.1700711030876915e+30 4.4715803303388353e+24 1.3146852924755196e-04 -1.0199136742428800e-02
6.9274637318659330e+01 5.3376958446917584e+00 -1.6222041221007913e-02 3.8216111672382970e-06 1.2178469795451906e+30 4.6541376170173303e+24 1.3157731068803996e-04 -1.0204758936718681e-02
6.9314657328664325e+01 5.3370465041210311e+00 -1.6228754885771624e-02 3.8215910354086000e-06 1.2675736215290223e+30 4.8441479887557251e+24 1.3168624257122819e-04 -1.0210386253245387e-02
6.9354677338669333e+01 5.3363968947391562e+00 -1.6235475057759640e-02 3.8215708870134644e-06 1.3193306819188956e+30 5.0419157243648721e+24 1.3179532517556769e-04 -1.0216018719809532e-02
6.9394697348674342e+01 5.3357470162855369e+00 -1.6242201746216045e-02 3.8215507220300813e-06 1.3732010659490715e+30 5.2477575250701515e+24 1.3190455878239177e-04 -1.0221656338032481e-02
6.9434717358679336e+01 5.3350968684992672e+00 -1.6248934960594874e-02 3.8215305404356019e-06 1.4292710640072564e+30 5.4620030216646187e+24 1.3201394367682117e-04 -1.0227299074138442e-02
6.9474737368684345e+01 5.3344464511190024e+00 -1.6255674710152379e-02 3.8215103422071345e-06 1.4876304898559020e+30 5.6849953023669955e+24 1.3212348014114383e-04 -1.0232946934481109e-02
6.9514757378689339e+01 5.3337957638829367e+00 -1.6262421003889527e-02 3.8214901273217336e-06 1.5483728244970920e+30 5.9170914622289047e+24 1.3223316845387362e-04 -1.0238599975795633e-02
6.9554777388694347e+01 5.3331448065290195e+00 -1.6269173851212789e-02 3.8214698957564262e-06 1.6115953659119772e+30 6.1586631749731830e+24 1.3234300890049299e-04 -1.0244258182629636e-02
6.9594797398699342e+01 5.3324935787948089e+00 -1.6275933261478966e-02 3.8214496474881880e-06 1.6773993849139667e+30 6.4100972881763809e+24 1.3245300176605867e-04 -1.0249921552470204e-02
6.9634817408704350e+01 5.3318420804174496e+00 -1.6282699243943960e-02 3.8214293824939528e-06 1.7458902873660108e+30 6.6717964427512842e+24 1.3256314733436662e-04 -1.0255590104530216e-02
6.9674837418709359e+01 5.3311903111336996e+00 -1.6289471807843011e-02 3.8214091007506109e-06 1.8171777830211316e+30 6.9441797177187714e+24 1.3267344588925614e-04 -1.0261263864978587e-02
6.9714857428714353e+01 5.3305382706799991e+00 -1.6296250962595540e-02 3.8213888022350146e-06 1.8913760612572122e+30 7.2276833013036772e+24 1.3278389771794803e-04 -1.0266942829302357e-02
6.9754877438719362e+01 5.3298859587924676e+00 -1.6303036717809270e-02 3.8213684869239713e-06 1.9686039739873362e+30 7.5227611894285042e+24 1.3289450311111862e-04 -1.0272626961616597e-02
6.9794897448724356e+01 5.3292333752067469e+00 -1.6309829082785551e-02 3.8213481547942451e-06 2.0489852260383735e+30 7.8298859127224081e+24 1.3300526235483868e-04 -1.0278316285707760e-02
6.9834917458729365e+01 5.3285805196580629e+00 -1.6316628066739853e-02 3.8213278058225504e-06 2.1326485733034445e+30 8.1495492932122437e+24 1.3311617573416134e-04 -1.0284010844615532e-02
6.9874937468734359e+01 5.3279273918813699e+00 -1.6323433679212632e-02 3.8213074399855649e-06 2.2197280289848096e+30 8.4822632319041471e+24 1.3322724353982663e-04 -1.0289710624700524e-02
6.9914957478739368e+01 5.3272739916112188e+00 -1.6330245929692691e-02 3.8212870572599223e-06 2.3103630782584591e+30 8.8285605285202425e+24 1.3333846606212234e-04 -1.0295415625141335e-02
6.9954977488744376e+01 5.3266203185817425e+00 -1.6337064827559287e-02 3.8212666576222099e-06 2.4046989017033453e+30 9.1889957346997417e+24 1.3344984358993738e-04 -1.0301125868697088e-02
6.9994997498749370e+01 5.3259663725266915e+00 -1.6343890382204376e-02 3.8212462410489715e-06 2.5028866078538930e+30 9.5641460420335002e+24 1.3356137641275636e-04 -1.0306841378644210e-02
7.0035017508754379e+01 5.3253121531794987e+00 -1.6350722603227012e-02 3.8212258075167105e-06 2.6050834752480237e+30 9.9546122063530676e+24 1.3367306482383936e-04 -1.0312562144175126e-02
7.0075037518759373e+01 5.3246576602732620e+00 -1.6357561500373079e-02 3.8212053570018887e-06 2.7114532043580240e+30 1.0361019509752819e+25 1.3378490911924380e-04 -1.0318288130153572e-02
7.0115057528764382e+01 5.3240028935405572e+00 -1.6364407082989817e-02 3.8211848894809170e-06 2.8221661798087055e+30 1.0784018761889109e+25 1.3389690958890365e-04 -1.0324019378496712e-02
7.0155077538769376e+01 5.3233478527136064e+00 -1.6371259360528918e-02 3.8211644049301607e-06 2.9373997433017434e+30 1.1224287342155613e+25 1.3400906652485286e-04 -1.0329755915070358e-02
7.0195097548774385e+01 5.3226925375243184e+00 -1.6378118342663388e-02 3.8211439033259496e-06 3.0573384776845858e+30 1.1682530284408295e+25 1.3412138022314346e-04 -1.0335497728601503e-02
7.0235117558779393e+01 5.3220369477041931e+00 -1.6384984039008003e-02 3.8211233846445631e-06 3.1821745026177391e+30 1.2159481405972325e+25 1.3423385097927353e-04 -1.0341244821650679e-02
7.0275137568784388e+01 5.3213810829843045e+00 -1.6391856459070066e-02 3.8211028488622354e-06 3.3121077823150325e+30 1.2655904482742752e+25 1.3434647908737852e-04 -1.0346997219841904e-02
7.0315157578789396e+01 5.3207249430953505e+00 -1.6398735612409121e-02 3.8210822959551579e-06 3.4473464458494361e+30 1.3172594472259217e+25 1.3445926484284757e-04 -1.0352754943081174e-02
7.0355177588794390e+01 5.3200685277677140e+00 -1.6405621508810742e-02 3.8210617258994809e-06 3.5881071205369973e+30 1.3710378786711317e+25 1.3457220854517683e-04 -1.0358517972435564e-02
7.0395197598799399e+01 5.3194118367314145e+00 -1.6412514158144431e-02 3.8210411386713103e-06 3.7346152789341036e+30 1.4270118617917640e+25 1.3468531049564569e-04 -1.0364286276934196e-02
7.0435217608804393e+01 5.3187548697159235e+00 -1.6419413569812715e-02 3.8210205342466989e-06 3.8871056000024020e+30 1.4852710316394513e+25 1.3479857098827496e-04 -1.0370059915686047e-02
7.0475237618809402e+01 5.3180976264504132e+00 -1.6426319753512105e-02 3.8209999126016577e-06 4.0458223450214863e+30 1.5459086826728933e+25 1.3491199032231098e-04 -1.0375838896282423e-02
7.0515257628814410e+01 5.3174401066637005e+00 -1.6433232719047494e-02 3.8209792737121599e-06 4.2110197488499012e+30 1.6090219181548057e+25 1.3502556879918656e-04 -1.0381623210292044e-02
7.0555277638819405e+01 5.3167823100841831e+00 -1.6440152476156732e-02 3.8209586175541243e-06 4.3829624271624955e+30 1.6747118056482478e+25 1.3513930671964116e-04 -1.0387412864536451e-02
7.0595297648824413e+01 5.3161242364398307e+00 -1.6447079034484093e-02 3.8209379441034258e-06 4.5619258003159669e+30 1.7430835388611666e+25 1.3525320438328309e-04 -1.0393207887183183e-02
7.0635317658829408e+01 5.3154658854582486e+00 -1.6454012403767156e-02 3.8209172533358959e-06 4.7481965345208785e+30 1.8142466060980534e+25 1.3536726209166169e-04 -1.0399008291847166e-02
7.0675337668834416e+01 5.3148072568667200e+00 -1.6460952593976463e-02 3.8208965452273273e-06 4.9420730010283964e+30 1.8883149655890649e+25 1.3548148015057022e-04 -1.0404814053575530e-02
7.0715357678839425e+01 5.3141483503921290e+00 -1.6467899615077660e-02 3.8208758197534593e-06 5.1438657540653707e+30 1.9654072279766268e+25 1.3559585886613746e-04 -1.0410625151252993e-02
7.0755377688844419e+01 5.3134891657608074e+00 -1.6474853476570524e-02 3.8208550768899845e-06 5.3538980282849328e+30 2.0456468462523765e+25 1.3571039853723394e-04 -1.0416441652783591e-02
7.0795397698849428e+01 5.3128297026988278e+00 -1.6481814188387654e-02 3.8208343166125508e-06 5.5725062565288357e+30 2.1291623134483519e+25 1.3582509947026829e-04 -1.0422263550539159e-02
7.0835417708854422e+01 5.3121699609318647e+00 -1.6488781760464765e-02 3.8208135388967636e-06 5.8000406087300914e+30 2.2160873683986960e+25 1.3593996197211775e-04 -1.0428090838947935e-02
7.0875437718859430e+01 5.3115099401851653e+00 -1.6495756202661287e-02 3.8207927437181793e-06 6.0368655528210319e+30 2.3065612099020835e+25 1.3605498634881917e-04 -1.0433923530870665e-02
7.0915457728864425e+01 5.3108496401835525e+00 -1.6502737524767878e-02 3.8207719310523084e-06 6.2833604385428530e+30 2.4007287196269054e+25 1.3617017290569092e-04 -1.0439761654577769e-02
7.0955477738869433e+01 5.3101890606514894e+00 -1.6509725736711736e-02 3.8207511008746132e-06 6.5399201050943852e+30 2.4987406941171388e+25 1.3628552195072094e-04 -1.0445605217193813e-02
7.0995497748874442e+01 5.3095282013131131e+00 -1.6516720848647831e-02 3.8207302531605170e-06 6.8069555135908269e+30 2.6007540862694258e+25 1.3640103379607897e-04 -1.0451454187241725e-02
7.1035517758879436e+01 5.3088670618921121e+00 -1.6523722870601776e-02 3.8207093878853959e-06 7.0848944053476621e+30 2.7069322566688531e+25 1.3651670875222408e-04 -1.0457308560717865e-02
7.1075537768884445e+01 5.3082056421116501e+00 -1.6530731812242159e-02 3.8206885050245672e-06 7.3741819870434120e+30 2.8174452351855985e+25 1.3663254712413747e-04 -1.0463168402509822e-02
7.1115557778889439e+01 5.3075439416946395e+00 -1.6537747683696018e-02 3.8206676045533094e-06 7.6752816438576624e+30 2.9324699932509641e+25 1.3674854922479651e-04 -1.0469033697025695e-02
7.1155577788894448e+01 5.3068819603635662e+00 -1.6544770495037477e-02 3.8206466864468586e-06 7.9886756817291995e+30 3.0521907272497267e+25 1.3686471536673132e-04 -1.0474904441740105e-02
7.1195597798899442e+01 5.3062196978404783e+00 -1.6551800256249409e-02 3.8206257506804003e-06 8.3148660999200324e+30 3.1767991534813986e+25 1.3698104586138901e-04 -1.0480780654526102e-02
7.1235617808904450e+01 5.3055571538470039e+00 -1.6558836977281891e-02 3.8206047972290655e-06 8.6543753951262200e+30 3.3064948151640425e+25 1.3709754102009903e-04 -1.0486662362886187e-02
7.1275637818909459e+01 5.3048943281044210e+00 -1.6565880668261809e-02 3.8205838260679497e-06 9.0077473984200935e+30 3.4414854019709460e+25 1.3721420115754516e-04 -1.0492549565219139e-02
7.1315657828914453e+01 5.3042312203336648e+00 -1.6572931339517497e-02 3.8205628371720994e-06 9.3755481463673485e+30 3.5819870826128854e+25 1.3733102659218061e-04 -1.0498442227128001e-02
7.1355677838919462e+01 5.3035678302551679e+00 -1.6579989001100821e-02 3.8205418305165101e-06 9.7583667877132941e+30 3.7282248509981665e+25 1.3744801763831209e-04 -1.0504340367733071e-02
7.1395697848924456e+01 5.3029041575889080e+00 -1.6587053662934607e-02 3.8205208060761266e-06 1.0156816527089214e+31 3.8804328865242209e+25 1.3756517460853618e-04 -1.0510244033814800e-02
7.1435717858929465e+01 5.3022402020545645e+00 -1.6594125335288704e-02 3.8204997638258522e-06 1.0571535607253809e+31 4.0388549290789762e+25 1.3768249782163523e-04 -1.0516153212042734e-02
7.1475737868934459e+01 5.3015759633713895e+00 -1.6601204028382981e-02 3.8204787037405419e-06 1.1003188331438875e+31 4.2037446693508648e+25 1.3779998759599966e-04 -1.0522067901957399e-02
7.1515757878939468e+01 5.3009114412581813e+00 -1.6608289752327979e-02 3.8204576257949980e-06 1.1452466127441349e+31 4.3753661550742209e+25 1.3791764424864129e-04 -1.0527988126551495e-02
7.1555777888944476e+01 5.3002466354333313e+00 -1.6615382517246764e-02 3.8204365299639791e-06 1.1920088655161637e+31 4.5539942138588721e+25 1.3803546809721472e-04 -1.0533913909967928e-02
7.1595797898949471e+01 5.2995815456148820e+00 -1.6622482333475623e-02 3.8204154162221927e-06 1.2406804959366060e+31 4.7399148932824053e+25 1.3815345946335459e-04 -1.0539845241533112e-02
7.1635817908954479e+01 5.2989161715205109e+00 -1.6629589211500484e-02 3.8203942845443092e-06 1.2913394669518520e+31 4.9334259189493499e+25 1.3827161867162666e-04 -1.0545782086571731e-02
7.1675837918959473e+01 5.2982505128673427e+00 -1.6636703161395643e-02 3.8203731349049362e-06 1.3440669248601415e+31 5.1348371712499756e+25 1.3838994604019588e-04 -1.0551724489083720e-02
7.1715857928964482e+01 5.2975845693721251e+00 -1.6643824193360541e-02 3.8203519672786364e-06 1.3989473292930646e+31 5.3444711815839533e+25 1.3850844188974682e-04 -1.0557672473918561e-02
7.1755877938969476e+01 5.2969183407512572e+00 -1.6650952317810070e-02 3.8203307816399286e-06 1.4560685885041132e+31 5.5626636488412661e+25 1.3862710654499228e-04 -1.0563626030276822e-02
7.1795897948974485e+01 5.2962518267206979e+00 -1.6658087545098801e-02 3.8203095779632814e-06 1.5155222001815944e+31 5.7897639769697306e+25 1.3874594033008790e-04 -1.0569585162273493e-02
7.1835917958979493e+01 5.2955850269959530e+00 -1.6665229885476588e-02 3.8202883562231112e-06 1.5774033980108574e+31 6.0261358344876486e+25 1.3886494356789099e-04 -1.0575549896186498e-02
7.1875937968984488e+01 5.2949179412921259e+00 -1.6672379349256548e-02 3.8202671163937858e-06 1.6418113042210929e+31 6.2721577368394355e+25 1.3898411658275811e-04 -1.0581520250974951e-02
7.1915957978989496e+01 5.2942505693239772e+00 -1.6679535946983546e-02 3.8202458584496334e-06 1.7088490883608777e+31 6.5282236525260750e+25 1.3910345970335816e-04 -1.0587496206809004e-02
7.1955977988994491e+01 5.2935829108058625e+00 -1.6686699689263101e-02 3.8202245823649262e-06 1.7786241325565391e+31 6.7947436339799839e+25 1.3922297325982664e-04 -1.0593477736734098e-02
7.1995997998999499e+01 5.2929149654515557e+00 -1.6693870586228537e-02 3.8202032881138822e-06 1.8512482035186431e+31 7.0721444741968381e+25 1.3934265757487317e-04 -1.0599464903101994e-02
7.2036018009004493e+01 5.2922467329745269e+00 -1.6701048648365802e-02 3.8201819756706754e-06 1.9268376315713872e+31 7.3608703901729869e+25 1.3946251297754057e-04 -1.0605457707987207e-02
7.2076038019009502e+01 5.2915782130878393e+00 -1.6708233886228555e-02 3.8201606450094331e-06 2.0055134969924614e+31 7.6613837342458452e+25 1.3958253979845810e-04 -1.0611456144710759e-02
7.2116058029014511e+01 5.2909094055041077e+00 -1.6715426310299847e-02 3.8201392961042277e-06 2.0874018239610644e+31 7.9741657344733013e+25 1.3970273836753217e-04 -1.0617460223421478e-02
7.2156078039019505e+01 5.2902403099354958e+00 -1.6722625930980877e-02 3.8201179289290815e-06 2.1726337824253974e+31 8.2997172652402654e+25 1.3982310901375703e-04 -1.0623469972390966e-02
7.2196098049024513e+01 5.2895709260937718e+00 -1.6729832758790222e-02 3.8200965434579720e-06 2.2613458982127449e+31 8.6385596493253691e+25 1.3994365206854522e-04 -1.0629485402850872e-02
7.2236118059029508e+01 5.2889012536903603e+00 -1.6737046804480772e-02 3.8200751396648266e-06 2.3536802717183767e+31 8.9912354927109254e+25 1.4006436786769002e-04 -1.0635506486739445e-02
7.2276138069034516e+01 5.2882312924362260e+00 -1.6744268078733256e-02 3.8200537175235229e-06 2.4497848055243390e+31 9.3583095534758919e+25 1.4018525674624273e-04 -1.0641533213421357e-02
7.2316158079039511e+01 5.2875610420417694e+00 -1.6751496591817086e-02 3.8200322770078790e-06 2.5498134413117620e+31 9.7403696461594658e+25 1.4030631903282973e-04 -1.0647565649879917e-02
7.2356178089044519e+01 5.2868905022171147e+00 -1.6758732354467679e-02 3.8200108180916718e-06 2.6539264064472253e+31 1.0138027583047556e+26 1.4042755506434091e-04 -1.0653603782916491e-02
7.2396198099049528e+01 5.2862196726719395e+00 -1.6765975377381195e-02 3.8199893407486278e-06 2.7622904706371042e+31 1.0551920153885249e+26 1.4054896517747624e-04 -1.0659647610120025e-02
7.2436218109054522e+01 5.2855485531154613e+00 -1.6773225671168207e-02 3.8199678449524179e-06 2.8750792130618860e+31 1.0982710145587506e+26 1.4067054970796808e-04 -1.0665697148060930e-02
7.2476238119059531e+01 5.2848771432564492e+00 -1.6780483246396475e-02 3.8199463306766647e-06 2.9924733004180237e+31 1.1431087403579718e+26 1.4079230899129638e-04 -1.0671752424935427e-02
7.2516258129064525e+01 5.2842054428032927e+00 -1.6787748113805030e-02 3.8199247978949417e-06 3.1146607763122727e+31 1.1897769936465961e+26 1.4091424336628216e-04 -1.0677813442046259e-02
7.2556278139069533e+01 5.2835334514640193e+00 -1.6795020284345874e-02 3.8199032465807738e-06 3.2418373624730892e+31 1.2383505065797806e+26 1.4103635317579469e-04 -1.0683880165640451e-02
7.2596298149074542e+01 5.2828611689461340e+00 -1.6802299768718103e-02 3.8198816767076330e-06 3.3742067722603266e+31 1.2889070622780027e+26 1.4115863875893220e-04 -1.0689952611690139e-02
7.2636318159079536e+01 5.2821885949566516e+00 -1.6809586577455404e-02 3.8198600882489291e-06 3.5119810369764653e+31 1.3415276193833486e+26 1.4128110045248446e-04 -1.0696030829755673e-02
7.2676338169084545e+01 5.2815157292022672e+00 -1.6816880721458639e-02 3.8198384811780391e-06 3.6553808455016852e+31 1.3962964417008454e+26 1.4140373859988361e-04 -1.0702114806887639e-02
7.2716358179089539e+01 5.2808425713892246e+00 -1.6824182211579469e-02 3.8198168554682763e-06 3.8046358977962684e+31 1.4533012331321864e+26 1.4152655354421353e-04 -1.0708204542744416e-02
7.2756378189094548e+01 5.2801691212232900e+00 -1.6831491058562298e-02 3.8197952110929059e-06 3.9599852728378450e+31 1.5126332781184435e+26 1.4164954562723129e-04 -1.0714300060347572e-02
7.2796398199099542e+01 5.2794953784097922e+00 -1.6838807273162681e-02 3.8197735480251378e-06 4.1216778115812532e+31 1.5743875878160210e+26 1.4177271519135820e-04 -1.0720401384503444e-02
7.2836418209104551e+01 5.2788213426536910e+00 -1.6846130866350274e-02 3.8197518662381365e-06 4.2899725155561480e+31 1.6386630522405908e+26 1.4189606258309970e-04 -1.0726508505091454e-02
7.2876438219109559e+01 5.2781470136595523e+00 -1.6853461849245577e-02 3.8197301657050178e-06 4.4651389617391345e+31 1.7055625986219754e+26 1.4201958815198806e-04 -1.0732621389235718e-02
7.2916458229114554e+01 5.2774723911313641e+00 -1.6860800232558718e-02 3.8197084463988352e-06 4.6474577343663649e+31 1.7751933562240799e+26 1.4214329224112606e-04 -1.0738740080800864e-02
7.2956478239119562e+01 5.2767974747727147e+00 -1.6868146027136339e-02 3.8196867082925937e-06 4.8372208743777761e+31 1.8476668278936269e+26 1.4226717519639774e-04 -1.0744864604116132e-02
7.2996498249124556e+01 5.2761222642868146e+00 -1.6875499244033299e-02 3.8196649513592458e-06 5.0347323472121797e+31 1.9230990686121033e+26 1.4239123736768422e-04 -1.0750994948973717e-02
7.3036518259129565e+01 5.2754467593764121e+00 -1.6882859894243374e-02 3.8196431755716967e-06 5.2403085297041911e+31 2.0016108713374767e+26 1.4251547910432570e-04 -1.0757131120665411e-02
7.3076538269134559e+01 5.2747709597437700e+00 -1.6890227988655377e-02 3.8196213809027913e-06 5.4542787168608197e+31 2.0833279604324628e+26 1.4263990075437873e-04 -1.0763273146687123e-02
7.3116558279139568e+01 5.2740948650907304e+00 -1.6897603538233691e-02 3.8195995673253247e-06 5.6769856493317268e+31 2.1683811929899541e+26 1.4276450266766387e-04 -1.0769421045136980e-02
7.3156578289144576e+01 5.2734184751187669e+00 -1.6904986554185725e-02 3.8195777348120426e-06 5.9087860624158032e+31 2.2569067683771123e+26 1.4288928519860008e-04 -1.0775574794498107e-02
7.3196598299149571e+01 5.2727417895289168e+00 -1.6912377047756822e-02 3.8195558833356385e-06 6.1500512574853305e+31 2.3490464463343837e+26 1.4301424870274588e-04 -1.0781734370597870e-02
7.3236618309154579e+01 5.2720648080216046e+00 -1.6919775029706086e-02 3.8195340128687464e-06 6.4011676967423431e+31 2.4449477739784072e+26 1.4313939352793279e-04 -1.0787899839648311e-02
7.3276638319159574e+01 5.2713875302969413e+00 -1.6927180511200242e-02 3.8195121233839487e-06 6.6625376222589688e+31 2.5447643220719797e+26 1.4326472002937864e-04 -1.0794071199199428e-02
7.3316658329164582e+01 5.2707099560545938e+00 -1.6934593503442345e-02 3.8194902148537778e-06 6.9345797002955112e+31 2.6486559309402349e+26 1.4339022856341583e-04 -1.0800248444246466e-02
7.3356678339169576e+01 5.2700320849937556e+00 -1.6942014017559157e-02 3.8194682872507127e-06 7.2177296919255928e+31 2.7567889664257658e+26 1.4351591948558550e-04 -1.0806431587156086e-02
7.3396698349174585e+01 5.2693539168131371e+00 -1.6949442064605337e-02 3.8194463405471742e-06 7.5124411510455410e+31 2.8693365862936893e+26 1.4364179315070642e-04 -1.0812620657201530e-02
7.3436718359179594e+01 5.2686754512110436e+00 -1.6956877655776113e-02 3.8194243747155310e-06 7.8191861508831163e+31 2.9864790175121085e+26 1.4376784991647961e-04 -1.0818815662757796e-02
7.3476738369184588e+01 5.2679966878854039e+00 -1.6964320802503798e-02 3.8194023897281056e-06 8.1384560401717565e+31 3.1084038448529145e+26 1.4389409014513155e-04 -1.0825016573423578e-02
7.3516758379189596e+01 5.2673176265336412e+00 -1.6971771516078597e-02 3.8193803855571619e-06 8.4707622302007003e+31 3.2353063112746998e+26 1.4402051419698839e-04 -1.0831223388493828e-02
7.3556778389194591e+01 5.2666382668526115e+00 -1.6979229807457943e-02 3.8193583621749010e-06 8.8166370140004354e+31 3.3673896305683315e+26 1.4414712242723414e-04 -1.0837436170189077e-02
7.3596798399199599e+01 5.2659586085388614e+00 -1.6986695688049669e-02 3.8193363195534786e-06 9.1766344189785934e+31 3.5048653127669473e+26 1.4427391519920260e-04 -1.0843654904833078e-02
7.3636818409204594e+01 5.2652786512884635e+00 -1.6994169169212280e-02 3.8193142576649992e-06 9.5513310943683626e+31 3.6479535028400127e+26 1.4440089287590259e-04 -1.0849879591199476e-02
7.3676838419209602e+01 5.2645983947969954e+00 -1.7001650262206451e-02 3.8192921764815056e-06 9.9413272349148852e+31 3.7968833332152941e+26 1.4452805581919234e-04 -1.0856110249770677e-02
7.3716858429214611e+01 5.2639178387595686e+00 -1.7009138978275527e-02 3.8192700759749840e-06 1.0347247542275276e+32 3.9518932906917660e+26 1.4465540439114591e-04 -1.0862346907806106e-02
7.3756878439219605e+01 5.2632369828708994e+00 -1.7016635328863352e-02 3.8192479561173730e-06 1.0769742225675449e+32 4.1132315983321926e+26 1.4478293895776019e-04 -1.0868589561030598e-02
7.3796898449224614e+01 5.2625558268253032e+00 -1.7024139325604700e-02 3.8192258168805605e-06 1.1209488043425485e+32 4.2811566129464570e+26 1.4491065988880023e-04 -1.0874838175510031e-02
7.3836918459229608e+01 5.2618743703165158e+00 -1.7031650979781918e-02 3.8192036582363681e-06 1.1667189386960143e+32 4.4559372388014705e+26 1.4503856754855319e-04 -1.0881092783639018e-02
7.3876938469234616e+01 5.2611926130378102e+00 -1.7039170302680245e-02 3.8191814801565651e-06 1.2143579409144871e+32 4.6378533582216698e+26 1.4516666230187018e-04 -1.0887353421447058e-02
7.3916958479239611e+01 5.2605105546820869e+00 -1.7046697305872306e-02 3.8191592826128683e-06 1.2639421198649731e+32 4.8271962797676988e+26 1.4529494451901708e-04 -1.0893620077925140e-02
7.3956978489244619e+01 5.2598281949417611e+00 -1.7054232000874608e-02 3.8191370655769401e-06 1.3155509002277618e+32 5.0242692047129556e+26 1.4542341456982779e-04 -1.0899892756303835e-02
7.3996998499249628e+01 5.2591455335087458e+00 -1.7061774399095390e-02 3.8191148290203820e-06 1.3692669497199464e+32 5.2293877125629528e+26 1.4555207282281344e-04 -1.0906171482708171e-02
7.4037018509254622e+01 5.2584625700745011e+00 -1.7069324511994794e-02 3.8190925729147415e-06 1.4251763115138599e+32 5.4428802663966082e+26 1.4568091964789316e-04 -1.0912456278265934e-02
7.4077038519259631e+01 5.2577793043300982e+00 -1.7076882351269963e-02 3.8190702972315158e-06 1.4833685420623803e+32 5.6650887388380553e+26 1.4580995541955776e-04 -1.0918747126525326e-02
7.4117058529264625e+01 5.2570957359661650e+00 -1.7084447928702045e-02 3.8190480019421456e-06 1.5439368545516564e+32 5.8963689595003444e+26 1.4593918051426579e-04 -1.0925043999685498e-02
7.4157078539269634e+01 5.2564118646726987e+00 -1.7092021255598784e-02 3.8190256870180087e-06 1.6069782682115506e+32 6.1370912847796269e+26 1.4606859530092031e-04 -1.0931346958222210e-02
7.4197098549274642e+01 5.2557276901393370e+00 -1.7099602343601306e-02 3.8190033524304262e-06 1.6725937637223455e+32 6.3876411909098611e+26 1.4619820015464763e-04 -1.0937656007849779e-02
7.4237118559279637e+01 5.2550432120552744e+00 -1.7107191204439164e-02 3.8189809981506737e-06 1.7408884449671692e+32 6.6484198912296945e+26 1.4632799545262034e-04 -1.0943971142060872e-02
7.4277138569284645e+01 5.2543584301092059e+00 -1.7114787849769456e-02 3.8189586241499579e-06 1.8119717073890480e+32 6.9198449786491295e+26 1.4645798157130810e-04 -1.0950292372310318e-02
7.4317158579289639e+01 5.2536733439893233e+00 -1.7122392291167337e-02 3.8189362303994340e-06 1.8859574132219897e+32 7.2023510943438534e+26 1.4658815888631333e-04 -1.0956619727646104e-02
7.4357178589294648e+01 5.2529879533833865e+00 -1.7130004540336231e-02 3.8189138168702028e-06 1.9629640738774196e+32 7.4963906237502991e+26 1.4671852777596995e-04 -1.0962953219024196e-02
7.4397198599299642e+01 5.2523022579787586e+00 -1.7137624609224220e-02 3.8188913835333061e-06 2.0431150397773225e+32 7.8024344209729245e+26 1.4684908862334380e-04 -1.0969292818699457e-02
7.4437218609304651e+01 5.2516162574622918e+00 -1.7145252509678091e-02 3.8188689303597346e-06 2.1265386979390130e+32 8.1209725627669418e+26 1.4697984181031144e-04 -1.0975638520278691e-02
7.4477238619309659e+01 5.2509299515202299e+00 -1.7152888253160740e-02 3.8188464573204063e-06 2.2133686776271886e+32 8.4525151333005415e+26 1.4711078771270986e-04 -1.0981990389655839e-02
7.4517258629314654e+01 5.2502433398384980e+00 -1.7160531851608107e-02 3.8188239643861935e-06 2.3037440644033642e+32 8.7975930409560181e+26 1.4724192671502817e-04 -1.0988348413733879e-02
7.4557278639319662e+01 5.2495564221025193e+00 -1.7168183316908274e-02 3.8188014515279125e-06 2.3978096229153101e+32 9.1567588684765823e+26 1.4737325920148380e-04 -1.0994712591349664e-02
7.4597298649324657e+01 5.2488691979972080e+00 -1.7175842660857712e-02 3.8187789187163143e-06 2.4957160287830035e+32 9.5305877578189316e+26 1.4750478555526988e-04 -1.1001082942277507e-02
7.4637318659329665e+01 5.2481816672069863e+00 -1.7183509895228894e-02 3.8187563659220968e-06 2.5976201099533605e+32 9.9196783311316530e+26 1.4763650615971465e-04 -1.1007459494387624e-02
7.4677338669334659e+01 5.2474938294158591e+00 -1.7191185031989503e-02 3.8187337931159000e-06 2.7036850979093116e+32 1.0324653649330158e+27 1.4776842140204995e-04 -1.1013842245189403e-02
7.4717358679339668e+01 5.2468056843074082e+00 -1.7198868083305310e-02 3.8187112002683074e-06 2.8140808891367237e+32 1.0746162209807404e+27 1.4790053167346902e-04 -1.1020231162064581e-02
7.4757378689344677e+01 5.2461172315646243e+00 -1.7206559061008788e-02 3.8186885873498430e-06 2.9289843172668769e+32 1.1184878984873695e+27 1.4803283735999182e-04 -1.1026626275227224e-02
7.4797398699349671e+01 5.2454284708700003e+00 -1.7214257976913481e-02 3.8186659543309641e-06 3.0485794363313264e+32 1.1641506502591917e+27 1.4816533884786471e-04 -1.1033027621780222e-02
7.4837418709354679e+01 5.2447394019056439e+00 -1.7221964843129808e-02 3.8186433011820837e-06 3.1730578155825424e+32 1.2116775971737731e+27 1.4829803652899957e-04 -1.1039435191691037e-02
7.4877438719359674e+01 5.2440500243531538e+00 -1.7229679671714154e-02 3.8186206278735473e-06 3.3026188463521036e+32 1.2611448452684080e+27 1.4843093079493997e-04 -1.1045848988226102e-02
7.4917458729364682e+01 5.2433603378936020e+00 -1.7237402474613351e-02 3.8185979343756410e-06 3.4374700614390738e+32 1.3126316076089356e+27 1.4856402203590325e-04 -1.1052269038174852e-02
7.4957478739369677e+01 5.2426703422075907e+00 -1.7245133263828618e-02 3.8185752206585957e-06 3.5778274675387760e+32 1.3662203311335266e+27 1.4869731064360415e-04 -1.1058695363012209e-02
7.4997498749374685e+01 5.2419800369753080e+00 -1.7252872051605413e-02 3.8185524866925824e-06 3.7239158912459369e+32 1.4219968286751197e+27 1.4883079701453360e-04 -1.1065127945834714e-02
7.5037518759379694e+01 5.2412894218764796e+00 -1.7260618850271189e-02 3.8185297324477194e-06 3.8759693391849467e+32 1.4800504163733459e+27 1.4896448154716853e-04 -1.1071566759536803e-02
7.5077538769384688e+01 5.2405984965901755e+00 -1.7268373671667881e-02 3.8185069578940506e-06 4.0342313728453143e+32 1.5404740566964299e+27 1.4909836463217622e-04 -1.1078011866437032e-02
7.5117558779389697e+01 5.2399072607950874e+00 -1.7276136527992116e-02 3.8184841630015681e-06 4.1989554987222865e+32 1.6033645073019403e+27 1.4923244666691175e-04 -1.1084463270988804e-02
7.5157578789394691e+01 5.2392157141694407e+00 -1.7283907431521407e-02 3.8184613477402107e-06 4.3704055743869498e+32 1.6688224759744922e+27 1.4936672805070046e-04 -1.1090920967718458e-02
7.5197598799399699e+01 5.2385238563909375e+00 -1.7291686394458446e-02 3.8184385120798469e-06 4.5488562311377026e+32 1.7369527818890590e+27 1.4950120918214965e-04 -1.1097384968740655e-02
7.5237618809404694e+01 5.2378316871367563e+00 -1.7299473428928479e-02 3.8184156559902894e-06 4.7345933139082992e+32 1.8078645234574395e+27 1.4963589045910122e-04 -1.1103855303854215e-02
7.5277638819409702e+01 5.2371392060836239e+00 -1.7307268547195213e-02 3.8183927794412897e-06 4.9279143391390475e+32 1.8816712530273735e+27 1.4977077228236636e-04 -1.1110331982996480e-02
7.5317658829414711e+01 5.2364464129078483e+00 -1.7315071761768348e-02 3.8183698824025477e-06 5.1291289713426432e+32 1.9584911587133108e+27 1.4990585505759380e-04 -1.1116814977469403e-02
7.5357678839419705e+01 5.2357533072851936e+00 -1.7322883085024283e-02 3.8183469648436940e-06 5.3385595191296114e+32 2.0384472536505961e+27 1.5004113918871021e-04 -1.1123304286652641e-02
7.5397698849424714e+01 5.2350598888908095e+00 -1.7330702528999750e-02 3.8183240267342946e-06 5.5565414514872966e+32 2.1216675729758996e+27 1.5017662507433918e-04 -1.1129799972970133e-02
7.5437718859429708e+01 5.2343661573994922e+00 -1.7338530106188497e-02 3.8183010680438640e-06 5.7834239351385812e+32 2.2082853788490092e+27 1.5031231312160245e-04 -1.1136302023627734e-02
7.5477738869434717e+01 5.2336721124855217e+00 -1.7346365829036658e-02 3.8182780887418523e-06 6.0195703938429947e+32 2.2984393738449869e+27 1.5044820373738530e-04 -1.1142810438806348e-02
7.5517758879439711e+01 5.2329777538226390e+00 -1.7354209709892300e-02 3.8182550887976493e-06 6.2653590905336816e+32 2.3922739230574843e+27 1.5058429732746009e-04 -1.1149325239620431e-02
7.5557778889444720e+01 5.2322830810840761e+00 -1.7362061761093683e-02 3.8182320681805764e-06 6.5211837332253093e+32 2.4899392852698403e+27 1.5072059429801574e-04 -1.1155846454101281e-02
7.5597798899449728e+01 5.2315880939426282e+00 -1.7369921995190808e-02 3.8182090268599058e-06 6.7874541056608513e+32 2.5915918535631589e+27 1.5085709505950672e-04 -1.1162374076907993e-02
7.5637818909454722e+01 5.2308927920706445e+00 -1.7377790424917796e-02 3.8181859648048452e-06 7.0645967237095753e+32 2.6973944057474192e+27 1.5099380002618233e-04 -1.1168908075595193e-02
7.5677838919459731e+01 5.2301971751398373e+00 -1.7385667062624476e-02 3.8181628819845374e-06 7.3530555185668544e+32 2.8075163650163530e+27 1.5113070960621279e-04 -1.1175448489014818e-02
7.5717858929464725e+01 5.2295012428214340e+00 -1.7393551920734773e-02 3.8181397783680595e-06 7.6532925478491058e+32 2.9221340712430507e+27 1.5126782420964816e-04 -1.1181995347451514e-02
7.5757878939469734e+01 5.2288049947862349e+00 -1.7401445011925032e-02 3.8181166539244315e-06 7.9657887357254208e+32 3.0414310633516869e+27 1.5140514425152529e-04 -1.1188548641716258e-02
7.5797898949474728e+01 5.2281084307045074e+00 -1.7409346348811708e-02 3.8180935086226155e-06 8.2910446432682427e+32 3.1655983732162785e+27 1.5154267014644176e-04 -1.1195108377409385e-02
7.5837918959479737e+01 5.2274115502459724e+00 -1.7417255943906366e-02 3.8180703424314999e-06 8.6295812702604813e+32 3.2948348315583893e+27 1.5168040230777082e-04 -1.1201674583152795e-02
7.5877938969484745e+01 5.2267143530798608e+00 -1.7425173809799847e-02 3.8180471553199199e-06 8.9819408897399607e+32 3.4293473863323329e+27 1.5181834115086726e-04 -1.1208247277915329e-02
7.5917958979489740e+01 5.2260168388749761e+00 -1.7433099959335504e-02 3.8180239472566487e-06 9.3486879166208221e+32 3.5693514341087167e+27 1.5195648709609178e-04 -1.1214826441228147e-02
7.5957978989494748e+01 5.2253190072996114e+00 -1.7441034405385605e-02 3.8180007182103962e-06 9.7304098117821958e+32 3.7150711649865908e+27 1.5209484056492219e-04 -1.1221412052748854e-02
7.5997998999499742e+01 5.2246208580213844e+00 -1.7448977160341633e-02 3.8179774681497992e-06 1.0127718023070904e+33 3.8667399215859340e+27 1.5223340197106198e-04 -1.1228004179269016e-02
7.6038019009504751e+01 5.2239223907075401e+00 -1.7456928237031780e-02 3.8179541970434446e-06 1.0541248964728866e+33 4.0246005726966441e+27 1.5237217173643875e-04 -1.1234602816676062e-02
7.6078039019509760e+01 5.2232236050248098e+00 -1.7464887648302840e-02 3.8179309048598492e-06 1.0971665036809986e+33 4.1889059021807119e+27 1.5251115028392057e-04 -1.1241207962591194e-02
7.6118059029514754e+01 5.2225245006393770e+00 -1.7472855406920305e-02 3.8179075915674676e-06 1.1419655686222872e+33 4.3599190137516898e+27 1.5265033803557208e-04 -1.1247819632351420e-02
7.6158079039519762e+01 5.2218250772168853e+00 -1.7480831525593217e-02 3.8178842571346904e-06 1.1885938511097723e+33 4.5379137522790936e+27 1.5278973541308684e-04 -1.1254437856219263e-02
7.6198099049524757e+01 5.2211253344225126e+00 -1.7488816017201890e-02 3.8178609015298435e-06 1.2371260410244627e+33 4.7231751422917016e+27 1.5292934284176870e-04 -1.1261062639219138e-02
7.6238119059529765e+01 5.2204252719209912e+00 -1.7496808894862000e-02 3.8178375247211963e-06 1.2876398779548585e+33 4.9159998443834803e+27 1.5306916075166099e-04 -1.1267693950313750e-02
7.6278139069534760e+01 5.2197248893764483e+00 -1.7504810171447501e-02 3.8178141266769503e-06 1.3402162757212493e+33 5.1166966302509559e+27 1.5320918956920594e-04 -1.1274331804568268e-02
7.6318159079539768e+01 5.2190241864524278e+00 -1.7512819859653372e-02 3.8177907073652342e-06 1.3949394519848284e+33 5.3255868771248306e+27 1.5334942971833478e-04 -1.1280976252980676e-02
7.6358179089544777e+01 5.2183231628120703e+00 -1.7520837972557973e-02 3.8177672667541199e-06 1.4518970631486725e+33 5.5430050823854419e+27 1.5348988163031469e-04 -1.1287627284604834e-02
7.6398199099549771e+01 5.2176218181179754e+00 -1.7528864523191322e-02 3.8177438048116185e-06 1.5111803447671343e+33 5.7692993991878129e+27 1.5363054573619766e-04 -1.1294284901373830e-02
7.6438219109554780e+01 5.2169201520321780e+00 -1.7536899524475683e-02 3.8177203215056696e-06 1.5728842576883858e+33 6.0048321939533099e+27 1.5377142246577772e-04 -1.1300949128489344e-02
7.6478239119559774e+01 5.2162181642161904e+00 -1.7544942989362947e-02 3.8176968168041479e-06 1.6371076401639775e+33 6.2499806266197668e+27 1.5391251224999801e-04 -1.1307619990784053e-02
7.6518259129564782e+01 5.2155158543310742e+00 -1.7552994931042940e-02 3.8176732906748669e-06 1.7039533661696051e+33 6.5051372545812323e+27 1.5405381552460956e-04 -1.1314297476573991e-02
7.6558279139569777e+01 5.2148132220374013e+00 -1.7561055362831743e-02 3.8176497430855810e-06 1.7735285101900009e+33 6.7707106612818105e+27 1.5419533272822075e-04 -1.1320981557142819e-02
7.6598299149574785e+01 5.2141102669950561e+00 -1.7569124297583644e-02 3.8176261740039658e-06 1.8459445187326371e+33 7.0471261104728693e+27 1.5433706429197197e-04 -1.1327672287855122e-02
7.6638319159579794e+01 5.2134069888634791e+00 -1.7577201748427303e-02 3.8176025833976382e-06 1.9213173888442399e+33 7.3348262271785745e+27 1.5447901065245793e-04 -1.1334369681613764e-02
7.6678339169584788e+01 5.2127033873016204e+00 -1.7585287728627438e-02 3.8175789712341484e-06 1.9997678539166645e+33 7.6342717064623006e+27 1.5462117224930737e-04 -1.1341073732555306e-02
7.6718359179589797e+01 5.2119994619678716e+00 -1.7593382251377406e-02 3.8175553374809832e-06 2.0814215770795384e+33 7.9459420511280769e+27 1.5476354952154077e-04 -1.1347784451333189e-02
7.6758379189594791e+01 5.2112952125200556e+00 -1.7601485329784793e-02 3.8175316821055579e-06 2.1664093524891464e+33 8.2703363395371036e+27 1.5490614290731465e-04 -1.1354501868825542e-02
7.6798399199599800e+01 5.2105906386155016e+00 -1.7609596977088658e-02 3.8175080050752246e-06 2.2548673148367008e+33 8.6079740247715823e+27 1.5504895284774501e-04 -1.1361225997211741e-02
7.6838419209604794e+01 5.2098857399110834e+00 -1.7617717206784522e-02 3.8174843063572750e-06 2.3469371574106851e+33 8.9593957664220443e+27 1.5519197978911570e-04 -1.1367956810054206e-02
7.6878439219609803e+01 5.2091805160630971e+00 -1.7625846032258714e-02 3.8174605859189290e-06 2.4427663590635386e+33 9.3251642963337454e+27 1.5533522417644511e-04 -1.1374694303875239e-02
7.6918459229614811e+01 5.2084749667271746e+00 -1.7633983466529286e-02 3.8174368437273370e-06 2.5425084204452633e+33 9.7058653196947429e+27 1.5547868644891411e-04 -1.1381438543100302e-02
7.6958479239619805e+01 5.2077690915585624e+00 -1.7642129523087958e-02 3.8174130797495824e-06 2.6463231098831552e+33 1.0102108452911548e+28 1.5562236705470587e-04 -1.1388189515980002e-02
7.6998499249624814e+01 5.2070628902119456e+00 -1.7650284215379407e-02 3.8173892939526911e-06 2.7543767193012208e+33 1.0514528199773017e+28 1.5576626644183574e-04 -1.1394947223345303e-02
7.7038519259629808e+01 5.2063563623414337e+00 -1.7658447556753547e-02 3.8173654863036109e-06 2.8668423305888087e+33 1.0943784967463925e+28 1.5591038505730764e-04 -1.1401711687047669e-02
7.7078539269634817e+01 5.2056495076005840e+00 -1.7666619560553005e-02 3.8173416567692247e-06 2.9839000928460781e+33 1.1390566124058891e+28 1.5605472334865702e-04 -1.1408482934981546e-02
7.7118559279639811e+01 5.2049423256424827e+00 -1.7674800240336529e-02 3.8173178053163507e-06 3.1057375109492062e+33 1.1855587099185289e+28 1.5619928176790012e-04 -1.1415260962606684e-02
7.7158579289644820e+01 5.2042348161197234e+00 -1.7682989609844543e-02 3.8172939319117471e-06 3.2325497458988370e+33 1.2339592529622490e+28 1.5634406077093502e-04 -1.1422045739280297e-02
7.7198599299649828e+01 5.2035269786842191e+00 -1.7691187682424205e-02 3.8172700365220874e-06 3.3645399274315992e+33 1.2843357451666842e+28 1.5648906080737896e-04 -1.1428837306629793e-02
7.7238619309654823e+01 5.2028188129873705e+00 -1.7699394471532792e-02 3.8172461191139867e-06 3.5019194793964768e+33 1.3367688542175874e+28 1.5663428232946279e-04 -1.1435635691941906e-02
7.7278639319659831e+01 5.2021103186801003e+00 -1.7707609990860348e-02 3.8172221796539896e-06 3.6449084584168543e+33 1.3913425410277249e+28 1.5677972579420860e-04 -1.1442440887463544e-02
7.7318659329664825e+01 5.2014014954127585e+00 -1.7715834254035483e-02 3.8171982181085741e-06 3.7937359063801629e+33 1.4481441941808873e+28 1.5692539165822848e-04 -1.1449252901181732e-02
7.7358679339669834e+01 5.2006923428351080e+00 -1.7724067274586582e-02 3.8171742344441493e-06 3.9486402173210115e+33 1.5072647698647712e+28 1.5707128037703553e-04 -1.1456071762338054e-02
7.7398699349674828e+01 5.1999828605963874e+00 -1.7732309066140824e-02 3.8171502286270508e-06 4.1098695192838976e+33 1.5687989375161877e+28 1.5721739240857002e-04 -1.1462897488984741e-02
7.7438719359679837e+01 5.1992730483453649e+00 -1.7740559642586612e-02 3.8171262006235556e-06 4.2776820717788665e+33 1.6328452314124764e+28 1.5736372821608641e-04 -1.1469730058817960e-02
7.7478739369684845e+01 5.1985629057302454e+00 -1.7748819017795254e-02 3.8171021503998654e-06 4.4523466794650624e+33 1.6995062084511789e+28 1.5751028826322525e-04 -1.1476569457468576e-02
7.7518759379689840e+01 5.1978524323985225e+00 -1.7757087205181179e-02 3.8170780779221091e-06 4.6341431227262207e+33 1.7688886123711762e+28 1.5765707300620456e-04 -1.1483415753616182e-02
7.7558779389694848e+01 5.1971416279972891e+00 -1.7765364218638363e-02 3.8170539831563512e-06 4.8233626058272787e+33 1.8411035446780413e+28 1.5780408291043814e-04 -1.1490268938749257e-02
7.7598799399699843e+01 5.1964304921730697e+00 -1.7773650072042464e-02 3.8170298660685849e-06 5.0203082233692683e+33 1.9162666425470213e+28 1.5795131844170755e-04 -1.1497129012709309e-02
7.7638819409704851e+01 5.1957190245717957e+00 -1.7781944779181963e-02 3.8170057266247315e-06 5.2252954457913244e+33 1.9944982639891616e+28 1.5809878006493833e-04 -1.1503995994686121e-02
7.7678839419709860e+01 5.1950072248388262e+00 -1.7790248353812595e-02 3.8169815647906465e-06 5.4386526246954763e+33 2.0759236805762895e+28 1.5824646824516588e-04 -1.1510869914746700e-02
7.7718859429714854e+01 5.1942950926190203e+00 -1.7798560809891544e-02 3.8169573805321104e-06 5.6607215188053572e+33 2.1606732780341046e+28 1.5839438345170356e-04 -1.1517750773007053e-02
7.7758879439719863e+01 5.1935826275567427e+00 -1.7806882161592420e-02 3.8169331738148438e-06 5.8918578414006875e+33 2.2488827650243400e+28 1.5854252615841915e-04 -1.1524638538639709e-02
7.7798899449724857e+01 5.1928698292956783e+00 -1.7815212422750821e-02 3.8169089446044868e-06 6.1324318301035853e+33 2.3406933904499637e+28 1.5869089683386757e-04 -1.1531533242551897e-02
7.7838919459729865e+01 5.1921566974789402e+00 -1.7823551607190524e-02 3.8168846928666060e-06 6.3828288399313784e+33 2.4362521696321592e+28 1.5883949594709194e-04 -1.1538434922724897e-02
7.7878939469734860e+01 5.1914432317491714e+00 -1.7831899729039757e-02 3.8168604185667057e-06 6.6434499605633601e+33 2.5357121197202829e+28 1.5898832397326409e-04 -1.1545343570656780e-02
7.7918959479739868e+01 5.1907294317484256e+00 -1.7840256802371095e-02 3.8168361216702170e-06 6.9147126588129602e+33 2.6392325047127612e+28 1.5913738138727406e-04 -1.1552259192036765e-02
7.7958979489744877e+01 5.1900152971181486e+00 -1.7848622841151244e-02 3.8168118021424954e-06 7.1970514473316913e+33 2.7469790904802326e+28 1.5928666866283294e-04 -1.1559181815582534e-02
7.7998999499749871e+01 5.1893008274992400e+00 -1.7856997859422432e-02 3.8167874599488259e-06 7.4909185806182830e+33 2.8591244102001522e+28 1.5943618627570867e-04 -1.1566111461842382e-02
7.8039019509754880e+01 5.1885860225321077e+00 -1.7865381871486671e-02 3.8167630950544296e-06 7.7967847794470420e+33 2.9758480406275561e+28 1.5958593470702230e-04 -1.1573048113238189e-02
7.8079039519759874e+01 5.1878708818565986e+00 -1.7873774891683646e-02 3.8167387074244543e-06 8.1151399848746900e+33 3.0973368896439128e+28 1.5973591443929036e-04 -1.1579991749901578e-02
7.8119059529764883e+01 5.1871554051118212e+00 -1.7882176933873291e-02 3.8167142970239599e-06 8.4464941430361600e+33 3.2237854955455253e+28 1.5988612594717498e-04 -1.1586942438737261e-02
7.8159079539769877e+01 5.1864395919364528e+00 -1.7890588012358145e-02 3.8166898638179539e-06 8.7913780219830423e+33 3.3553963385494612e+28 1.6003656971396647e-04 -1.1593900176702190e-02
7.8199099549774886e+01 5.1857234419685998e+00 -1.7899008141460112e-02 3.8166654077713605e-06 9.1503440618767363e+33 3.4923801650171021e+28 1.6018724622402769e-04 -1.1600864962486718e-02
7.8239119559779894e+01 5.1850069548457585e+00 -1.7907437335418556e-02 3.8166409288490347e-06 9.5239672598945335e+33 3.6349563249131669e+28 1.6033815596097121e-04 -1.1607836813870438e-02
7.8279139569784888e+01 5.1842901302048272e+00 -1.7915875608426383e-02 3.8166164270157569e-06 9.9128460912690420e+33 3.7833531230416362e+28 1.6048929940830372e-04 -1.1614815761423959e-02
7.8319159579789897e+01 5.1835729676821849e+00 -1.7924322974865455e-02 3.8165919022362346e-06 1.0317603467935219e+34 3.9378081846206047e+28 1.6064067705364479e-04 -1.1621801808877856e-02
7.8359179589794891e+01 5.1828554669137032e+00 -1.7932779449349786e-02 3.8165673544751135e-06 1.0738887736319050e+34 4.0985688357808436e+28 1.6079228938951101e-04 -1.1628794925956773e-02
7.8399199599799900e+01 5.1821376275345683e+00 -1.7941245046198605e-02 3.8165427836969468e-06 1.1177373715869712e+34 4.2658924995986483e+28 1.6094413690387300e-04 -1.1635795137561333e-02
7.8439219609804894e+01 5.1814194491793559e+00 -1.7949719779648692e-02 3.8165181898662246e-06 1.1633763779994282e+34 4.4400471082955024e+28 1.6109622008395576e-04 -1.1642802487075245e-02
7.8479239619809903e+01 5.1807009314821615e+00 -1.7958203664277656e-02 3.8164935729473629e-06 1.2108788981131209e+34 4.6213115322663108e+28 1.6124853942383772e-04 -1.1649816965698103e-02
7.8519259629814911e+01 5.1799820740764781e+00 -1.7966696714611596e-02 3.8164689329047042e-06 1.2603210221759946e+34 4.8099760266213845e+28 1.6140109541741757e-04 -1.1656838578583736e-02
7.8559279639819906e+01 5.1792628765951712e+00 -1.7975198945069482e-02 3.8164442697025130e-06 1.3117819473226392e+34 5.0063426959586901e+28 1.6155388855741351e-04 -1.1663867354133816e-02
7.8599299649824914e+01 5.1785433386705364e+00 -1.7983710370135578e-02 3.8164195833049810e-06 1.3653441044335026e+34 5.2107259781100208e+28 1.6170691933846098e-04 -1.1670903314515852e-02
7.8639319659829908e+01 5.1778234599343609e+00 -1.7992231004554743e-02 3.8163948736762304e-06 1.4210932901737794e+34 5.4234531476348997e+28 1.6186018826063050e-04 -1.1677946443924872e-02
7.8679339669834917e+01 5.1771032400178596e+00 -1.8000760863133271e-02 3.8163701407803089e-06 1.4791188044239465e+34 5.6448648398702186e+28 1.6201369582585524e-04 -1.1684996720713712e-02
7.8719359679839911e+01 5.1763826785514899e+00 -1.8009299960190264e-02 3.8163453845811786e-06 1.5395135933214899e+34 5.8753155963724533e+28 1.6216744252805452e-04 -1.1692054210706685e-02
7.8759379689844920e+01 5.1756617751652518e+00 -1.8017848310467374e-02 3.8163206050427323e-06 1.6023743981435843e+34 6.1151744326283078e+28 1.6232142886950598e-04 -1.1699118914063264e-02
7.8799399699849928e+01 5.1749405294885609e+00 -1.8026405928747102e-02 3.8162958021287948e-06 1.6678019102685719e+34 6.3648254289403358e+28 1.6247565535398433e-04 -1.1706190828759995e-02
7.8839419709854923e+01 5.1742189411502082e+00 -1.8034972829730034e-02 3.8162709758031046e-06 1.7359009324649793e+34 6.6246683454356456e+28 1.6263012248455029e-04 -1.1713269972362148e-02
7.8879439719859931e+01 5.1734970097783615e+00 -1.8043549028064473e-02 3.8162461260293300e-06 1.8067805467662387e+34 6.8951192621818128e+28 1.6278483076408320e-04 -1.1720356375916478e-02
7.8919459729864926e+01 5.1727747350006545e+00 -1.8052134538586145e-02 3.8162212527710587e-06 1.8805542891997495e+34 7.1766112454338560e+28 1.6293978069960741e-04 -1.1727450044737657e-02
7.8959479739869934e+01 5.1720521164441937e+00 -1.8060729376371945e-02 3.8161963559918167e-06 1.9573403316507902e+34 7.4695950410815597e+28 1.6309497280327228e-04 -1.1734550948789906e-02
7.8999499749874929e+01 5.1713291537353880e+00 -1.8069333556213634e-02 3.8161714356550392e-06 2.0372616711518020e+34 7.7745397964043565e+28 1.6325040758285403e-04 -1.1741659110881139e-02
7.9039519759879937e+01 5.1706058465000053e+00 -1.8077947092799966e-02 3.8161464917240835e-06 2.1204463269010965e+34 8.0919338112928382e+28 1.6340608554503736e-04 -1.1748774576767280e-02
7.9079539769884946e+01 5.1698821943633266e+00 -1.8086570001174914e-02 3.8161215241622410e-06 2.2070275453257276e+34 8.4222853201364649e+28 1.6356200720370016e-04 -1.1755897337746775e-02
7.9119559779889940e+01 5.1691581969500060e+00 -1.8095202296331530e-02 3.8160965329327217e-06 2.2971440135176946e+34 8.7661233056320311e+28 1.6371817307258093e-04 -1.1763027399198312e-02
7.9159579789894948e+01 5.1684338538840500e+00 -1.8103843993153811e-02 3.8160715179986541e-06 2.3909400813851021e+34 9.1239983458150721e+28 1.6387458366422564e-04 -1.1770164789775512e-02
7.9199599799899943e+01 5.1677091647888789e+00 -1.8112495106592116e-02 3.8160464793230941e-06 2.4885659928737780e+34 9.4964834956691607e+28 1.6403123949316169e-04 -1.1777309532369516e-02
7.9239619809904951e+01 5.1669841292873873e+00 -1.8121155651864382e-02 3.8160214168690187e-06 2.5901781266305423e+34 9.8841752047278220e+28 1.6418814107954822e-04 -1.1784461610933853e-02
7.9279639819909946e+01 5.1662587470018773e+00 -1.8129825644250513e-02 3.8159963305993372e-06 2.6959392464925873e+34 1.0287694272134456e+29 1.6434528894546175e-04 -1.1791621003984855e-02
7.9319659829914954e+01 5.1655330175538730e+00 -1.8138505098532709e-02 3.8159712204768615e-06 2.8060187622053177e+34 1.0707686840693599e+29 1.6450268360474854e-04 -1.1798787778567962e-02
7.9359679839919963e+01 5.1648069405644241e+00 -1.8147194029930164e-02 3.8159460864643382e-06 2.9205930007851581e+34 1.1144825431501263e+29 1.6466032557996651e-04 -1.1805961934336275e-02
7.9399699849924957e+01 5.1640805156539775e+00 -1.8155892453698742e-02 3.8159209285244361e-06 3.0398454889629137e+34 1.1599810020814181e+29 1.6481821539513747e-04 -1.1813143470285220e-02
7.9439719859929966e+01 5.1633537424423315e+00 -1.8164600385013170e-02 3.8158957466197399e-06 3.1639672471597690e+34 1.2073369160881131e+29 1.6497635357361030e-04 -1.1820332403952243e-02
7.9479739869934960e+01 5.1626266205486511e+00 -1.8173317839000672e-02 3.8158705407127541e-06 3.2931570954663598e+34 1.2566261146529262e+29 1.6513474063867004e-04 -1.1827528766630744e-02
7.9519759879939969e+01 5.1618991495915418e+00 -1.8182044830978038e-02 3.8158453107659128e-06 3.4276219721161219e+34 1.3079275229377515e+29 1.6529337711784759e-04 -1.1834732563071038e-02
7.9559779889944977e+01 5.1611713291890648e+00 -1.8190781376497132e-02 3.8158200567415713e-06 3.5675772649617372e+34 1.3613232881616236e+29 1.6545226354375744e-04 -1.1841943764855895e-02
7.9599799899949971e+01 5.1604431589585591e+00 -1.8199527490816055e-02 3.8157947786019968e-06 3.7132471564867471e+34 1.4168989111380841e+29 1.6561140044448464e-04 -1.1849162397669071e-02
7.9639819909954980e+01 5.1597146385167134e+00 -1.8208283189125110e-02 3.8157694763093802e-06 3.8648649829045795e+34 1.4747433831824270e+29 1.6577078834768805e-04 -1.1856388503382822e-02
7.9679839919959974e+01 5.1589857674797033e+00 -1.8217048486947433e-02 3.8157441498258331e-06 4.0226736079196170e+34 1.5349493286078055e+29 1.6593042778789688e-04 -1.1863622074910062e-02
7.9719859929964983e+01 5.1582565454630576e+00 -1.8225823399755672e-02 3.8157187991133922e-06 4.1869258117503503e+34 1.5976131530388910e+29 1.6609031929954070e-04 -1.1870863118487965e-02
7.9759879939969977e+01 5.1575269720816426e+00 -1.8234607942915555e-02 3.8156934241340028e-06 4.3578846960360643e+34 1.6628351977799019e+29 1.6625046341591952e-04 -1.1878111663873057e-02
7.9799899949974986e+01 5.1567970469497153e+00 -1.8243402131871859e-02 3.8156680248495391e-06 4.5358241052774549e+34 1.7307199004848955e+29 1.6641086067259336e-04 -1.1885367732773757e-02
7.9839919959979994e+01 5.1560667696809936e+00 -1.8252205982341962e-02 3.8156426012217941e-06 4.7210290654844256e+34 1.8013759623868690e+29 1.6657151161091985e-04 -1.1892631307867996e-02
7.9879939969984989e+01 5.1553361398885746e+00 -1.8261019510077910e-02 3.8156171532124827e-06 4.9137962407351939e+34 1.8749165223540219e+29 1.6673241677372304e-04 -1.1899902371071802e-02
7.9919959979989997e+01 5.1546051571847533e+00 -1.8269842730334770e-02 3.8155916807832258e-06 5.1144344083774686e+34 1.9514593380516548e+29 1.6689357669558312e-04 -1.1907180992426797e-02
7.9959979989994991e+01 5.1538738211813557e+00 -1.8278675658863135e-02 3.8155661838955741e-06 5.3232649536321389e+34 2.0311269744995229e+29 1.6705499192095784e-04 -1.1914467165430383e-02
8.0000000000000000e+01 5.1531421314895445e+00 -1.8287518311351329e-02 3.8155406625109960e-06 5.5406223843935098e+34 2.1140470003272065e+29 1.6721666299400508e-04 -1.1921760899455635e-02
